# MagicaVoxel @ Ephtracy

# group
o Grabber

# material
mtllib Grabber.mtl
usemtl palette

# normals
vn -1 0 0
vn 1 0 0
vn 0 0 1
vn 0 0 -1
vn 0 -1 0
vn 0 1 0

# texcoords
vt 0.783203 0.5
vt 0.794922 0.5
vt 0.880859 0.5
vt 0.908203 0.5
vt 0.955078 0.5
vt 0.970703 0.5

# verts
v -1.5 2.9 0
v -1.5 2.9 -0.5
v -1.5 3.5 0
v -1.5 3.5 -0.1
v -1.5 3.5 -0.4
v -1.5 3.5 -0.5
v -1.5 3.6 -0.1
v -1.5 3.6 -0.4
v -1.4 2.8 0
v -1.4 2.8 -0.5
v -1.4 2.9 0.1
v -1.4 2.9 0
v -1.4 2.9 -0.5
v -1.4 2.9 -0.6
v -1.4 3.5 0.1
v -1.4 3.5 0
v -1.4 3.5 -0.1
v -1.4 3.5 -0.4
v -1.4 3.5 -0.5
v -1.4 3.5 -0.6
v -1.4 3.6 0
v -1.4 3.6 -0.1
v -1.4 3.6 -0.4
v -1.4 3.6 -0.5
v -1.4 3.7 -0.1
v -1.4 3.7 -0.4
v -1.3 1.2 -0.1
v -1.3 1.2 -0.2
v -1.3 1.2 -0.3
v -1.3 1.2 -0.4
v -1.3 1.6 -0.1
v -1.3 1.6 -0.2
v -1.3 1.6 -0.3
v -1.3 1.6 -0.4
v -1.3 2.1 -0.2
v -1.3 2.1 -0.4
v -1.3 2.2 -0.1
v -1.3 2.2 -0.2
v -1.3 2.2 -0.4
v -1.3 2.2 -0.5
v -1.3 2.5 -0.1
v -1.3 2.5 -0.2
v -1.3 2.5 -0.4
v -1.3 2.5 -0.5
v -1.3 2.6 -0.2
v -1.3 2.6 -0.4
v -1.3 2.7 -0.1
v -1.3 2.7 -0.4
v -1.3 2.8 0.1
v -1.3 2.8 0
v -1.3 2.8 -0.1
v -1.3 2.8 -0.4
v -1.3 2.8 -0.5
v -1.3 2.8 -0.6
v -1.3 2.9 0.1
v -1.3 2.9 0
v -1.3 2.9 -0.5
v -1.3 2.9 -0.6
v -1.3 3 0.2
v -1.3 3 0.1
v -1.3 3 -0.6
v -1.3 3 -0.7
v -1.3 3.1 0.2
v -1.3 3.1 0.1
v -1.3 3.3 0.2
v -1.3 3.3 0.1
v -1.3 3.5 0.2
v -1.3 3.5 0.1
v -1.3 3.5 0
v -1.3 3.5 -0.5
v -1.3 3.5 -0.6
v -1.3 3.5 -0.7
v -1.3 3.6 0.1
v -1.3 3.6 0
v -1.3 3.6 -0.1
v -1.3 3.6 -0.4
v -1.3 3.6 -0.5
v -1.3 3.6 -0.6
v -1.3 3.7 0
v -1.3 3.7 -0.1
v -1.3 3.7 -0.4
v -1.3 3.7 -0.5
v -1.2 1.5 -0.2
v -1.2 1.5 -0.3
v -1.2 1.6 -0.1
v -1.2 1.6 -0.2
v -1.2 1.6 -0.3
v -1.2 1.6 -0.4
v -1.2 1.9 -0.1
v -1.2 1.9 -0.2
v -1.2 1.9 -0.3
v -1.2 1.9 -0.4
v -1.2 2 -0.2
v -1.2 2 -0.3
v -1.2 2.1 -0.2
v -1.2 2.1 -0.4
v -1.2 2.1 -0.5
v -1.2 2.2 -0.1
v -1.2 2.2 -0.2
v -1.2 2.2 -0.4
v -1.2 2.2 -0.5
v -1.2 2.5 -0.1
v -1.2 2.5 -0.2
v -1.2 2.5 -0.4
v -1.2 2.5 -0.5
v -1.2 2.6 -0.2
v -1.2 2.6 -0.4
v -1.2 2.6 -0.5
v -1.2 2.7 0
v -1.2 2.7 -0.1
v -1.2 2.7 -0.4
v -1.2 2.7 -0.5
v -1.2 2.8 0
v -1.2 2.8 -0.1
v -1.2 2.8 -0.4
v -1.2 2.8 -0.5
v -1.2 2.9 0.2
v -1.2 2.9 0.1
v -1.2 2.9 -0.6
v -1.2 2.9 -0.7
v -1.2 3 0.2
v -1.2 3 0.1
v -1.2 3 -0.6
v -1.2 3 -0.7
v -1.2 3.5 0.2
v -1.2 3.5 0.1
v -1.2 3.5 -0.6
v -1.2 3.5 -0.7
v -1.2 3.6 0.2
v -1.2 3.6 0.1
v -1.2 3.6 0
v -1.2 3.6 -0.5
v -1.2 3.6 -0.6
v -1.2 3.6 -0.7
v -1.2 3.7 0.1
v -1.2 3.7 0
v -1.2 3.7 -0.5
v -1.2 3.7 -0.6
v -1.1 1.5 0
v -1.1 1.5 -0.1
v -1.1 1.5 -0.4
v -1.1 1.5 -0.5
v -1.1 1.9 0
v -1.1 1.9 -0.1
v -1.1 1.9 -0.4
v -1.1 1.9 -0.5
v -1 1.2 0.1
v -1 1.2 0
v -1 1.2 -0.5
v -1 1.2 -0.6
v -1 1.5 0
v -1 1.5 -0.5
v -1 1.6 0.1
v -1 1.6 0
v -1 1.6 -0.5
v -1 1.6 -0.6
v -1 1.9 0
v -1 1.9 -0.1
v -1 1.9 -0.4
v -1 1.9 -0.5
v -1 2 0
v -1 2 -0.1
v -1 2 -0.4
v -1 2 -0.5
v -0.9 0 0
v -0.9 0 -0.3
v -0.9 0.2 0
v -0.9 0.2 -0.3
v -0.8 0 0.1
v -0.8 0 0
v -0.8 0 -0.3
v -0.8 0 -0.4
v -0.8 0.2 0.1
v -0.8 0.2 0
v -0.8 0.2 -0.3
v -0.8 0.2 -0.4
v -0.8 0.3 0
v -0.8 0.3 -0.1
v -0.8 0.3 -0.2
v -0.8 0.3 -0.3
v -0.8 0.4 -0.1
v -0.8 0.4 -0.2
v -0.8 0.7 -0.1
v -0.8 0.7 -0.2
v -0.8 0.8 0
v -0.8 0.8 -0.1
v -0.8 0.8 -0.2
v -0.8 0.8 -0.3
v -0.8 1.2 0
v -0.8 1.2 -0.1
v -0.8 1.2 -0.2
v -0.8 1.2 -0.3
v -0.8 1.3 -0.1
v -0.8 1.3 -0.2
v -0.8 1.5 0
v -0.8 1.5 -0.1
v -0.8 1.5 -0.2
v -0.8 1.5 -0.3
v -0.8 1.7 0
v -0.8 1.7 -0.1
v -0.8 1.7 -0.2
v -0.8 1.7 -0.3
v -0.8 2 0
v -0.8 2 -0.3
v -0.7 0 0.2
v -0.7 0 0.1
v -0.7 0 -0.4
v -0.7 0 -0.5
v -0.7 0.2 0.2
v -0.7 0.2 0.1
v -0.7 0.2 0
v -0.7 0.2 -0.3
v -0.7 0.2 -0.4
v -0.7 0.2 -0.5
v -0.7 0.3 0.1
v -0.7 0.3 0
v -0.7 0.3 -0.1
v -0.7 0.3 -0.2
v -0.7 0.3 -0.3
v -0.7 0.3 -0.4
v -0.7 0.4 0
v -0.7 0.4 -0.1
v -0.7 0.4 -0.2
v -0.7 0.6 -0.1
v -0.7 0.6 -0.2
v -0.7 0.7 0
v -0.7 0.7 -0.1
v -0.7 0.7 -0.2
v -0.7 0.7 -0.3
v -0.7 0.8 0.1
v -0.7 0.8 0
v -0.7 0.8 -0.1
v -0.7 0.8 -0.2
v -0.7 0.8 -0.3
v -0.7 0.8 -0.4
v -0.7 1.1 0.1
v -0.7 1.1 0
v -0.7 1.1 -0.3
v -0.7 1.1 -0.4
v -0.7 1.2 0
v -0.7 1.2 -0.1
v -0.7 1.2 -0.2
v -0.7 1.2 -0.3
v -0.7 1.3 -0.1
v -0.7 1.3 -0.2
v -0.7 1.5 0.1
v -0.7 1.5 0
v -0.7 1.5 -0.1
v -0.7 1.5 -0.2
v -0.7 1.5 -0.3
v -0.7 1.6 -0.3
v -0.7 1.6 -0.4
v -0.7 1.7 0
v -0.7 1.7 -0.3
v -0.7 1.8 0.1
v -0.7 1.8 0
v -0.7 1.8 -0.3
v -0.7 1.8 -0.4
v -0.7 2 0.1
v -0.7 2 0
v -0.7 2 -0.3
v -0.7 2 -0.4
v -0.7 2.1 0
v -0.7 2.1 -0.3
v -0.6 0.3 0.1
v -0.6 0.3 0
v -0.6 0.3 -0.3
v -0.6 0.3 -0.4
v -0.6 0.4 0.1
v -0.6 0.4 0
v -0.6 0.4 -0.3
v -0.6 0.4 -0.4
v -0.6 0.7 0.1
v -0.6 0.7 0
v -0.6 0.7 -0.3
v -0.6 0.7 -0.4
v -0.6 0.8 0.1
v -0.6 0.8 0
v -0.6 0.8 -0.3
v -0.6 0.8 -0.4
v -0.6 1.1 0.1
v -0.6 1.1 0
v -0.6 1.1 -0.3
v -0.6 1.1 -0.4
v -0.6 1.2 0.1
v -0.6 1.2 0
v -0.6 1.2 -0.3
v -0.6 1.2 -0.4
v -0.6 1.5 -0.3
v -0.6 1.5 -0.4
v -0.6 1.6 -0.3
v -0.6 1.6 -0.4
v -0.5 3.1 0
v -0.5 3.1 -0.1
v -0.5 3.1 -0.4
v -0.5 3.1 -0.5
v -0.5 3.1 -0.6
v -0.5 3.5 0.1
v -0.5 3.5 0
v -0.5 3.5 -0.1
v -0.5 3.5 -0.4
v -0.5 3.6 -0.4
v -0.5 3.6 -0.5
v -0.5 3.6 -0.6
v -0.5 3.7 0
v -0.5 3.7 -0.4
v -0.5 3.7 -0.5
v -0.5 3.8 0.1
v -0.5 3.8 -0.4
v -0.4 2.8 0.1
v -0.4 2.8 -0.4
v -0.4 3 0.2
v -0.4 3 0.1
v -0.4 3 -0.1
v -0.4 3 -0.4
v -0.4 3 -0.5
v -0.4 3.1 0
v -0.4 3.1 -0.1
v -0.4 3.1 -0.4
v -0.4 3.1 -0.5
v -0.4 3.5 0.1
v -0.4 3.5 0
v -0.4 3.6 0.2
v -0.4 3.6 0.1
v -0.4 3.6 -0.5
v -0.4 3.6 -0.6
v -0.4 3.7 -0.4
v -0.4 3.7 -0.5
v -0.4 3.7 -0.6
v -0.4 3.8 -0.4
v -0.4 3.8 -0.5
v -0.4 4.3 0.2
v -0.4 4.3 0
v -0.4 4.4 0
v -0.4 4.4 -0.1
v -0.4 4.5 0.2
v -0.4 4.5 0.1
v -0.4 4.6 0.1
v -0.4 4.6 -0.1
v -0.3 1.6 0
v -0.3 1.6 -0.3
v -0.3 1.7 0.1
v -0.3 1.7 0
v -0.3 1.7 -0.3
v -0.3 1.7 -0.4
v -0.3 1.9 -0.3
v -0.3 1.9 -0.4
v -0.3 2 0.1
v -0.3 2 0
v -0.3 2.5 0
v -0.3 2.5 -0.3
v -0.3 2.6 0.1
v -0.3 2.6 0
v -0.3 2.6 -0.3
v -0.3 2.6 -0.4
v -0.3 2.8 0.2
v -0.3 2.8 0.1
v -0.3 2.8 0
v -0.3 2.8 -0.3
v -0.3 2.8 -0.4
v -0.3 2.8 -0.5
v -0.3 3 0.3
v -0.3 3 0.2
v -0.3 3 0.1
v -0.3 3 -0.4
v -0.3 3 -0.5
v -0.3 3 -0.6
v -0.3 3.1 -0.5
v -0.3 3.1 -0.6
v -0.3 3.1 -0.7
v -0.3 3.5 0.3
v -0.3 3.5 0.2
v -0.3 3.7 -0.5
v -0.3 3.7 -0.6
v -0.3 3.7 -0.7
v -0.3 3.8 -0.3
v -0.3 3.8 -0.5
v -0.3 3.8 -0.6
v -0.3 3.9 -0.3
v -0.3 3.9 -0.5
v -0.3 4.1 0.1
v -0.3 4.1 -0.2
v -0.3 4.2 0.5
v -0.3 4.2 0.1
v -0.3 4.2 -0.2
v -0.3 4.2 -0.3
v -0.3 4.3 0.6
v -0.3 4.3 0.5
v -0.3 4.3 0.2
v -0.3 4.3 0
v -0.3 4.3 -0.3
v -0.3 4.3 -0.5
v -0.3 4.4 0.7
v -0.3 4.4 0.6
v -0.3 4.4 0
v -0.3 4.4 -0.1
v -0.3 4.5 0.7
v -0.3 4.5 0.6
v -0.3 4.5 0.2
v -0.3 4.5 0.1
v -0.3 4.5 -0.3
v -0.3 4.5 -0.5
v -0.3 4.6 0.6
v -0.3 4.6 0.5
v -0.3 4.6 0.1
v -0.3 4.6 -0.1
v -0.3 4.6 -0.2
v -0.3 4.6 -0.3
v -0.3 4.7 0.5
v -0.3 4.7 -0.2
v -0.2 1.5 0
v -0.2 1.5 -0.3
v -0.2 1.6 0.1
v -0.2 1.6 0
v -0.2 1.6 -0.3
v -0.2 1.6 -0.4
v -0.2 1.7 0.2
v -0.2 1.7 0.1
v -0.2 1.7 0
v -0.2 1.7 -0.3
v -0.2 1.7 -0.4
v -0.2 1.7 -0.5
v -0.2 1.9 0.2
v -0.2 1.9 0.1
v -0.2 1.9 -0.3
v -0.2 1.9 -0.4
v -0.2 2 0.1
v -0.2 2 0
v -0.2 2 -0.3
v -0.2 2 -0.4
v -0.2 2 -0.5
v -0.2 2.1 0.1
v -0.2 2.1 0
v -0.2 2.1 -0.1
v -0.2 2.1 -0.3
v -0.2 2.1 -0.4
v -0.2 2.4 0
v -0.2 2.4 -0.1
v -0.2 2.4 -0.3
v -0.2 2.4 -0.4
v -0.2 2.5 0.1
v -0.2 2.5 0
v -0.2 2.5 -0.3
v -0.2 2.5 -0.4
v -0.2 2.5 -0.5
v -0.2 2.6 0.2
v -0.2 2.6 0.1
v -0.2 2.6 0
v -0.2 2.6 -0.3
v -0.2 2.6 -0.4
v -0.2 2.8 0.3
v -0.2 2.8 0.2
v -0.2 2.8 0.1
v -0.2 2.8 -0.4
v -0.2 2.8 -0.5
v -0.2 2.8 -0.6
v -0.2 3 0.3
v -0.2 3 0.2
v -0.2 3 -0.5
v -0.2 3 -0.6
v -0.2 3 -0.7
v -0.2 3.1 -0.6
v -0.2 3.1 -0.7
v -0.2 3.7 -0.6
v -0.2 3.7 -0.7
v -0.2 3.8 -0.1
v -0.2 3.8 -0.2
v -0.2 3.8 -0.3
v -0.2 3.8 -0.5
v -0.2 3.8 -0.6
v -0.2 3.8 -0.7
v -0.2 3.9 0
v -0.2 3.9 -0.1
v -0.2 3.9 -0.2
v -0.2 3.9 -0.3
v -0.2 3.9 -0.4
v -0.2 3.9 -0.5
v -0.2 3.9 -0.6
v -0.2 4 -0.2
v -0.2 4 -0.3
v -0.2 4 -0.4
v -0.2 4.1 0.5
v -0.2 4.1 0.2
v -0.2 4.1 0.1
v -0.2 4.1 0
v -0.2 4.1 -0.2
v -0.2 4.1 -0.3
v -0.2 4.2 0.5
v -0.2 4.2 0.2
v -0.2 4.2 0.1
v -0.2 4.2 -0.2
v -0.2 4.2 -0.3
v -0.2 4.2 -0.5
v -0.2 4.3 -0.3
v -0.2 4.3 -0.5
v -0.2 4.3 -0.6
v -0.2 4.5 -0.3
v -0.2 4.5 -0.5
v -0.2 4.5 -0.6
v -0.2 4.6 0.7
v -0.2 4.6 0.6
v -0.2 4.6 0.5
v -0.2 4.6 -0.2
v -0.2 4.6 -0.3
v -0.2 4.6 -0.5
v -0.2 4.7 0.7
v -0.2 4.7 0.5
v -0.2 4.7 -0.2
v -0.2 4.7 -0.3
v -0.1 1.5 0.1
v -0.1 1.5 0
v -0.1 1.5 -0.3
v -0.1 1.5 -0.4
v -0.1 1.6 0.2
v -0.1 1.6 0.1
v -0.1 1.6 0
v -0.1 1.6 -0.3
v -0.1 1.6 -0.4
v -0.1 1.6 -0.5
v -0.1 1.7 0.2
v -0.1 1.7 0.1
v -0.1 1.7 -0.4
v -0.1 1.7 -0.5
v -0.1 1.9 0.2
v -0.1 1.9 0.1
v -0.1 2 0.2
v -0.1 2 0.1
v -0.1 2 -0.4
v -0.1 2 -0.5
v -0.1 2.1 0
v -0.1 2.1 -0.1
v -0.1 2.1 -0.3
v -0.1 2.1 -0.4
v -0.1 2.1 -0.5
v -0.1 2.4 0
v -0.1 2.4 -0.1
v -0.1 2.4 -0.3
v -0.1 2.4 -0.4
v -0.1 2.7 0.3
v -0.1 2.7 0.2
v -0.1 2.7 -0.5
v -0.1 2.7 -0.6
v -0.1 2.8 0.3
v -0.1 2.8 0.2
v -0.1 2.8 -0.5
v -0.1 2.8 -0.6
v -0.1 2.9 -0.6
v -0.1 2.9 -0.7
v -0.1 3 -0.6
v -0.1 3 -0.7
v -0.1 3.8 0
v -0.1 3.8 -0.1
v -0.1 3.9 0.1
v -0.1 3.9 0
v -0.1 3.9 -0.1
v -0.1 4 0.6
v -0.1 4 0.1
v -0.1 4 -0.2
v -0.1 4 -0.3
v -0.1 4.1 0.7
v -0.1 4.1 0.6
v -0.1 4.1 0.5
v -0.1 4.1 0.2
v -0.1 4.1 0.1
v -0.1 4.1 0
v -0.1 4.1 -0.2
v -0.1 4.1 -0.3
v -0.1 4.1 -0.5
v -0.1 4.2 0.7
v -0.1 4.2 0.5
v -0.1 4.2 -0.3
v -0.1 4.2 -0.5
v -0.1 4.2 -0.6
v -0.1 4.3 -0.5
v -0.1 4.3 -0.6
v -0.1 4.3 -0.7
v -0.1 4.5 -0.5
v -0.1 4.5 -0.6
v -0.1 4.5 -0.7
v -0.1 4.6 -0.3
v -0.1 4.6 -0.5
v -0.1 4.6 -0.6
v -0.1 4.7 0.7
v -0.1 4.7 -0.3
v -0.1 4.7 -0.5
v -0.1 4.8 0.7
v -0.1 4.8 -0.3
v 0.1 3 -0.1
v 0.1 3 -0.4
v 0.1 3.1 -0.1
v 0.1 3.1 -0.4
v 0.1 3.4 0.3
v 0.1 3.4 0.2
v 0.1 3.5 0.3
v 0.1 3.5 0.2
v 0.1 3.5 0.1
v 0.1 3.6 0.2
v 0.1 3.6 0.1
v 0.1 4.6 0.7
v 0.1 4.6 0.6
v 0.1 4.7 0.7
v 0.1 4.7 0.6
v 0.2 0 0
v 0.2 0 -0.3
v 0.2 0.2 0
v 0.2 0.2 -0.3
v 0.2 3.6 0.1
v 0.2 3.6 0
v 0.2 3.7 0.1
v 0.2 3.7 0
v 0.2 4.3 0.6
v 0.2 4.3 0.5
v 0.2 4.4 0.7
v 0.2 4.4 0.6
v 0.2 4.4 0.5
v 0.2 4.5 0.7
v 0.2 4.5 0.6
v 0.3 0 0.1
v 0.3 0 0
v 0.3 0 -0.3
v 0.3 0 -0.4
v 0.3 0.2 0.1
v 0.3 0.2 0
v 0.3 0.2 -0.3
v 0.3 0.2 -0.4
v 0.3 0.3 0
v 0.3 0.3 -0.1
v 0.3 0.3 -0.2
v 0.3 0.3 -0.3
v 0.3 0.4 -0.1
v 0.3 0.4 -0.2
v 0.3 3.7 0.1
v 0.3 3.7 0
v 0.3 3.8 0.1
v 0.3 3.8 0
v 0.3 4.7 0.2
v 0.3 4.7 0.1
v 0.3 5 0.2
v 0.3 5 0.1
v 0.4 0 0.2
v 0.4 0 0.1
v 0.4 0 -0.4
v 0.4 0 -0.5
v 0.4 0.2 0.2
v 0.4 0.2 0.1
v 0.4 0.2 0
v 0.4 0.2 -0.3
v 0.4 0.2 -0.4
v 0.4 0.2 -0.5
v 0.4 0.3 0.1
v 0.4 0.3 0
v 0.4 0.3 -0.1
v 0.4 0.3 -0.2
v 0.4 0.3 -0.3
v 0.4 0.3 -0.4
v 0.4 0.4 0
v 0.4 0.4 -0.1
v 0.4 0.4 -0.2
v 0.4 0.7 0
v 0.4 0.7 -0.1
v 0.4 0.7 -0.2
v 0.4 0.7 -0.3
v 0.4 0.8 0.1
v 0.4 0.8 0
v 0.4 0.8 -0.1
v 0.4 0.8 -0.2
v 0.4 0.8 -0.3
v 0.4 0.8 -0.4
v 0.4 1.1 0.1
v 0.4 1.1 0
v 0.4 1.1 -0.3
v 0.4 1.1 -0.4
v 0.4 1.6 0.1
v 0.4 1.6 0
v 0.4 1.6 -0.3
v 0.4 1.6 -0.4
v 0.4 1.7 0
v 0.4 1.7 -0.3
v 0.4 2 0.1
v 0.4 2 0
v 0.4 2 -0.3
v 0.4 2 -0.4
v 0.4 2.1 0
v 0.4 2.1 -0.3
v 0.5 0.3 0.1
v 0.5 0.3 0
v 0.5 0.3 -0.3
v 0.5 0.3 -0.4
v 0.5 0.4 0.1
v 0.5 0.4 0
v 0.5 0.4 -0.3
v 0.5 0.4 -0.4
v 0.5 0.7 0.1
v 0.5 0.7 0
v 0.5 0.7 -0.3
v 0.5 0.7 -0.4
v 0.5 0.8 0.1
v 0.5 0.8 0
v 0.5 0.8 -0.3
v 0.5 0.8 -0.4
v 0.5 1.1 0.1
v 0.5 1.1 0
v 0.5 1.1 -0.3
v 0.5 1.1 -0.4
v 0.5 1.2 0.1
v 0.5 1.2 0
v 0.5 1.2 -0.3
v 0.5 1.2 -0.4
v 0.5 1.5 0.1
v 0.5 1.5 0
v 0.5 1.5 -0.3
v 0.5 1.5 -0.4
v 0.5 1.6 0.1
v 0.5 1.6 0
v 0.5 1.6 -0.3
v 0.5 1.6 -0.4
v 0.5 3 -0.1
v 0.5 3 -0.4
v 0.5 3.1 -0.1
v 0.5 3.1 -0.4
v 0.6 2.9 -0.1
v 0.6 2.9 -0.4
v 0.6 3 0
v 0.6 3 -0.1
v 0.6 3 -0.4
v 0.6 3 -0.5
v 0.6 3.5 0
v 0.6 3.5 -0.1
v 0.6 3.5 -0.4
v 0.6 3.5 -0.5
v 0.6 3.6 -0.1
v 0.6 3.6 -0.4
v 0.7 2.8 -0.1
v 0.7 2.8 -0.4
v 0.7 2.9 0.1
v 0.7 2.9 -0.1
v 0.7 2.9 -0.4
v 0.7 2.9 -0.6
v 0.7 3 0
v 0.7 3 -0.1
v 0.7 3 -0.4
v 0.7 3 -0.5
v 0.7 3.5 0
v 0.7 3.5 -0.1
v 0.7 3.5 -0.4
v 0.7 3.5 -0.5
v 0.7 3.6 0.1
v 0.7 3.6 0
v 0.7 3.6 -0.1
v 0.7 3.6 -0.4
v 0.7 3.6 -0.5
v 0.7 3.6 -0.6
v 0.7 3.7 0
v 0.7 3.7 -0.5
v 0.8 2.7 -0.1
v 0.8 2.7 -0.4
v 0.8 2.8 0.1
v 0.8 2.8 -0.1
v 0.8 2.8 -0.4
v 0.8 2.8 -0.6
v 0.8 2.9 0.1
v 0.8 2.9 -0.1
v 0.8 2.9 -0.4
v 0.8 2.9 -0.6
v 0.8 3 0.2
v 0.8 3 0.1
v 0.8 3 -0.6
v 0.8 3 -0.7
v 0.8 3.3 0.2
v 0.8 3.3 0.1
v 0.8 3.5 0.2
v 0.8 3.5 0.1
v 0.8 3.5 -0.6
v 0.8 3.5 -0.7
v 0.8 3.6 0.1
v 0.8 3.6 0
v 0.8 3.6 -0.5
v 0.8 3.6 -0.6
v 0.8 3.7 0.1
v 0.8 3.7 0
v 0.8 3.7 -0.5
v 0.8 3.7 -0.6
v 0.9 1.2 0.1
v 0.9 1.2 0
v 0.9 1.2 -0.5
v 0.9 1.2 -0.6
v 0.9 1.5 0
v 0.9 1.5 -0.5
v 0.9 1.6 0.1
v 0.9 1.6 0
v 0.9 1.6 -0.5
v 0.9 1.6 -0.6
v 0.9 1.9 -0.1
v 0.9 1.9 -0.4
v 0.9 2 0
v 0.9 2 -0.1
v 0.9 2 -0.4
v 0.9 2 -0.5
v 0.9 2.2 -0.4
v 0.9 2.2 -0.5
v 0.9 2.5 -0.4
v 0.9 2.5 -0.5
v 0.9 2.7 0
v 0.9 2.7 -0.1
v 0.9 2.7 -0.4
v 0.9 2.7 -0.5
v 0.9 2.8 0
v 0.9 2.8 -0.1
v 0.9 2.8 -0.4
v 0.9 2.8 -0.5
v 0.9 2.9 0.2
v 0.9 2.9 0.1
v 0.9 2.9 -0.6
v 0.9 2.9 -0.7
v 0.9 3 0.2
v 0.9 3 0.1
v 0.9 3 -0.6
v 0.9 3 -0.7
v 0.9 3.5 0.2
v 0.9 3.5 0.1
v 0.9 3.5 -0.6
v 0.9 3.5 -0.7
v 0.9 3.6 0.2
v 0.9 3.6 0.1
v 0.9 3.6 -0.6
v 0.9 3.6 -0.7
v 1 2.1 -0.4
v 1 2.1 -0.5
v 1 2.2 -0.4
v 1 2.2 -0.5
v 1 2.5 -0.4
v 1 2.5 -0.5
v 1 2.6 -0.4
v 1 2.6 -0.5
v 1.2 1.2 -0.1
v 1.2 1.2 -0.2
v 1.2 1.2 -0.3
v 1.2 1.2 -0.4
v 1.2 1.5 -0.1
v 1.2 1.5 -0.2
v 1.2 1.5 -0.3
v 1.2 1.5 -0.4
v -1.2 1.2 -0.1
v -1.2 1.2 -0.2
v -1.2 1.2 -0.3
v -1.2 1.2 -0.4
v -1.2 1.5 -0.1
v -1.2 1.5 -0.2
v -1.2 1.5 -0.3
v -1.2 1.5 -0.4
v -1 2.1 -0.4
v -1 2.1 -0.5
v -1 2.2 -0.4
v -1 2.2 -0.5
v -1 2.5 -0.4
v -1 2.5 -0.5
v -1 2.6 -0.4
v -1 2.6 -0.5
v -0.9 1.2 0.1
v -0.9 1.2 0
v -0.9 1.2 -0.5
v -0.9 1.2 -0.6
v -0.9 1.5 0
v -0.9 1.5 -0.5
v -0.9 1.6 0.1
v -0.9 1.6 0
v -0.9 1.6 -0.5
v -0.9 1.6 -0.6
v -0.9 1.9 -0.1
v -0.9 1.9 -0.4
v -0.9 2 0
v -0.9 2 -0.1
v -0.9 2 -0.4
v -0.9 2 -0.5
v -0.9 2.2 -0.4
v -0.9 2.2 -0.5
v -0.9 2.5 -0.4
v -0.9 2.5 -0.5
v -0.9 2.7 0
v -0.9 2.7 -0.1
v -0.9 2.7 -0.4
v -0.9 2.7 -0.5
v -0.9 2.8 0
v -0.9 2.8 -0.1
v -0.9 2.8 -0.4
v -0.9 2.8 -0.5
v -0.9 2.9 0.2
v -0.9 2.9 0.1
v -0.9 2.9 -0.6
v -0.9 2.9 -0.7
v -0.9 3 0.2
v -0.9 3 0.1
v -0.9 3 -0.6
v -0.9 3 -0.7
v -0.9 3.5 0.2
v -0.9 3.5 0.1
v -0.9 3.5 -0.6
v -0.9 3.5 -0.7
v -0.9 3.6 0.2
v -0.9 3.6 0.1
v -0.9 3.6 -0.6
v -0.9 3.6 -0.7
v -0.8 2.7 -0.1
v -0.8 2.7 -0.4
v -0.8 2.8 0.1
v -0.8 2.8 -0.1
v -0.8 2.8 -0.4
v -0.8 2.8 -0.6
v -0.8 2.9 0.1
v -0.8 2.9 -0.1
v -0.8 2.9 -0.4
v -0.8 2.9 -0.6
v -0.8 3 0.2
v -0.8 3 0.1
v -0.8 3 -0.6
v -0.8 3 -0.7
v -0.8 3.1 0.2
v -0.8 3.1 0.1
v -0.8 3.3 0.2
v -0.8 3.3 0.1
v -0.8 3.5 0.2
v -0.8 3.5 0.1
v -0.8 3.5 -0.6
v -0.8 3.5 -0.7
v -0.8 3.6 0.1
v -0.8 3.6 0
v -0.8 3.6 -0.5
v -0.8 3.6 -0.6
v -0.8 3.7 0.1
v -0.8 3.7 0
v -0.8 3.7 -0.5
v -0.8 3.7 -0.6
v -0.7 2.8 -0.1
v -0.7 2.8 -0.4
v -0.7 2.9 0.1
v -0.7 2.9 -0.1
v -0.7 2.9 -0.4
v -0.7 2.9 -0.6
v -0.7 3 0
v -0.7 3 -0.1
v -0.7 3 -0.4
v -0.7 3 -0.5
v -0.7 3.5 0
v -0.7 3.5 -0.1
v -0.7 3.5 -0.4
v -0.7 3.5 -0.5
v -0.7 3.6 0.1
v -0.7 3.6 0
v -0.7 3.6 -0.1
v -0.7 3.6 -0.4
v -0.7 3.6 -0.5
v -0.7 3.6 -0.6
v -0.7 3.7 0
v -0.7 3.7 -0.5
v -0.6 2.9 -0.1
v -0.6 2.9 -0.4
v -0.6 3 0
v -0.6 3 -0.1
v -0.6 3 -0.4
v -0.6 3 -0.5
v -0.6 3.5 0
v -0.6 3.5 -0.1
v -0.6 3.5 -0.4
v -0.6 3.5 -0.5
v -0.6 3.6 -0.1
v -0.6 3.6 -0.4
v -0.5 0.3 0.1
v -0.5 0.3 0
v -0.5 0.3 -0.3
v -0.5 0.3 -0.4
v -0.5 0.4 0.1
v -0.5 0.4 0
v -0.5 0.4 -0.3
v -0.5 0.4 -0.4
v -0.5 0.7 0.1
v -0.5 0.7 0
v -0.5 0.7 -0.3
v -0.5 0.7 -0.4
v -0.5 0.8 0.1
v -0.5 0.8 0
v -0.5 0.8 -0.3
v -0.5 0.8 -0.4
v -0.5 1.1 0.1
v -0.5 1.1 0
v -0.5 1.1 -0.3
v -0.5 1.1 -0.4
v -0.5 1.2 0.1
v -0.5 1.2 0
v -0.5 1.2 -0.3
v -0.5 1.2 -0.4
v -0.5 1.5 0.1
v -0.5 1.5 0
v -0.5 1.5 -0.3
v -0.5 1.5 -0.4
v -0.5 1.6 0.1
v -0.5 1.6 0
v -0.5 1.6 -0.3
v -0.5 1.6 -0.4
v -0.4 0 0.2
v -0.4 0 0.1
v -0.4 0 -0.4
v -0.4 0 -0.5
v -0.4 0.2 0.2
v -0.4 0.2 0.1
v -0.4 0.2 0
v -0.4 0.2 -0.3
v -0.4 0.2 -0.4
v -0.4 0.2 -0.5
v -0.4 0.3 0.1
v -0.4 0.3 0
v -0.4 0.3 -0.1
v -0.4 0.3 -0.2
v -0.4 0.3 -0.3
v -0.4 0.3 -0.4
v -0.4 0.4 0
v -0.4 0.4 -0.1
v -0.4 0.4 -0.2
v -0.4 0.7 0
v -0.4 0.7 -0.1
v -0.4 0.7 -0.2
v -0.4 0.7 -0.3
v -0.4 0.8 0.1
v -0.4 0.8 0
v -0.4 0.8 -0.1
v -0.4 0.8 -0.2
v -0.4 0.8 -0.3
v -0.4 0.8 -0.4
v -0.4 1.1 0.1
v -0.4 1.1 0
v -0.4 1.1 -0.3
v -0.4 1.1 -0.4
v -0.4 1.6 0.1
v -0.4 1.6 0
v -0.4 1.6 -0.3
v -0.4 1.6 -0.4
v -0.4 1.7 0
v -0.4 1.7 -0.3
v -0.4 2 0.1
v -0.4 2 0
v -0.4 2 -0.3
v -0.4 2 -0.4
v -0.4 2.1 0
v -0.4 2.1 -0.3
v -0.3 0 0.1
v -0.3 0 0
v -0.3 0 -0.3
v -0.3 0 -0.4
v -0.3 0.2 0.1
v -0.3 0.2 0
v -0.3 0.2 -0.3
v -0.3 0.2 -0.4
v -0.3 0.3 0
v -0.3 0.3 -0.1
v -0.3 0.3 -0.2
v -0.3 0.3 -0.3
v -0.3 0.4 -0.1
v -0.3 0.4 -0.2
v -0.3 3.7 0.1
v -0.3 3.7 0
v -0.3 3.8 0.1
v -0.3 3.8 0
v -0.2 0 0
v -0.2 0 -0.3
v -0.2 0.2 0
v -0.2 0.2 -0.3
v -0.2 3.6 0.1
v -0.2 3.6 0
v -0.2 3.7 0.1
v -0.2 3.7 0
v -0.2 4.3 0.6
v -0.2 4.3 0.5
v -0.2 4.4 0.7
v -0.2 4.4 0.6
v -0.2 4.4 0.5
v -0.2 4.5 0.7
v -0.2 4.5 0.6
v -0.1 3.4 0.3
v -0.1 3.4 0.2
v -0.1 3.5 0.3
v -0.1 3.5 0.2
v -0.1 3.5 0.1
v -0.1 3.6 0.2
v -0.1 3.6 0.1
v -0.1 4.6 0.7
v -0.1 4.6 0.6
v -0.1 4.7 0.7
v -0.1 4.7 0.6
v 0 3 -0.1
v 0 3 -0.4
v 0 3.1 -0.1
v 0 3.1 -0.4
v 0.1 1.5 0.1
v 0.1 1.5 0
v 0.1 1.5 -0.3
v 0.1 1.5 -0.4
v 0.1 1.6 0.2
v 0.1 1.6 0.1
v 0.1 1.6 0
v 0.1 1.6 -0.3
v 0.1 1.6 -0.4
v 0.1 1.6 -0.5
v 0.1 1.7 0.2
v 0.1 1.7 0.1
v 0.1 1.7 -0.4
v 0.1 1.7 -0.5
v 0.1 1.9 0.2
v 0.1 1.9 0.1
v 0.1 2 0.2
v 0.1 2 0.1
v 0.1 2 -0.4
v 0.1 2 -0.5
v 0.1 2.1 0
v 0.1 2.1 -0.1
v 0.1 2.1 -0.3
v 0.1 2.1 -0.4
v 0.1 2.1 -0.5
v 0.1 2.4 0
v 0.1 2.4 -0.1
v 0.1 2.4 -0.3
v 0.1 2.4 -0.4
v 0.1 2.7 0.3
v 0.1 2.7 0.2
v 0.1 2.7 -0.5
v 0.1 2.7 -0.6
v 0.1 2.8 0.3
v 0.1 2.8 0.2
v 0.1 2.8 -0.5
v 0.1 2.8 -0.6
v 0.1 2.9 -0.6
v 0.1 2.9 -0.7
v 0.1 3 -0.6
v 0.1 3 -0.7
v 0.1 3.8 0
v 0.1 3.8 -0.1
v 0.1 3.9 0.1
v 0.1 3.9 0
v 0.1 3.9 -0.1
v 0.1 4 0.6
v 0.1 4 0.1
v 0.1 4 -0.2
v 0.1 4 -0.3
v 0.1 4.1 0.7
v 0.1 4.1 0.6
v 0.1 4.1 0.5
v 0.1 4.1 0.2
v 0.1 4.1 0.1
v 0.1 4.1 0
v 0.1 4.1 -0.2
v 0.1 4.1 -0.3
v 0.1 4.1 -0.5
v 0.1 4.2 0.7
v 0.1 4.2 0.5
v 0.1 4.2 -0.3
v 0.1 4.2 -0.5
v 0.1 4.2 -0.6
v 0.1 4.3 -0.5
v 0.1 4.3 -0.6
v 0.1 4.3 -0.7
v 0.1 4.5 -0.5
v 0.1 4.5 -0.6
v 0.1 4.5 -0.7
v 0.1 4.6 -0.3
v 0.1 4.6 -0.5
v 0.1 4.6 -0.6
v 0.1 4.7 0.7
v 0.1 4.7 -0.3
v 0.1 4.7 -0.5
v 0.1 4.8 0.7
v 0.1 4.8 -0.3
v 0.2 1.5 0
v 0.2 1.5 -0.3
v 0.2 1.6 0.1
v 0.2 1.6 0
v 0.2 1.6 -0.3
v 0.2 1.6 -0.4
v 0.2 1.7 0.2
v 0.2 1.7 0.1
v 0.2 1.7 0
v 0.2 1.7 -0.3
v 0.2 1.7 -0.4
v 0.2 1.7 -0.5
v 0.2 1.9 0.2
v 0.2 1.9 0.1
v 0.2 1.9 -0.3
v 0.2 1.9 -0.4
v 0.2 2 0.1
v 0.2 2 0
v 0.2 2 -0.3
v 0.2 2 -0.4
v 0.2 2 -0.5
v 0.2 2.1 0.1
v 0.2 2.1 0
v 0.2 2.1 -0.1
v 0.2 2.1 -0.3
v 0.2 2.1 -0.4
v 0.2 2.4 0
v 0.2 2.4 -0.1
v 0.2 2.4 -0.3
v 0.2 2.4 -0.4
v 0.2 2.5 0.1
v 0.2 2.5 0
v 0.2 2.5 -0.3
v 0.2 2.5 -0.4
v 0.2 2.5 -0.5
v 0.2 2.6 0.2
v 0.2 2.6 0.1
v 0.2 2.6 0
v 0.2 2.6 -0.3
v 0.2 2.6 -0.4
v 0.2 2.8 0.3
v 0.2 2.8 0.2
v 0.2 2.8 0.1
v 0.2 2.8 -0.4
v 0.2 2.8 -0.5
v 0.2 2.8 -0.6
v 0.2 3 0.3
v 0.2 3 0.2
v 0.2 3 -0.5
v 0.2 3 -0.6
v 0.2 3 -0.7
v 0.2 3.1 -0.6
v 0.2 3.1 -0.7
v 0.2 3.7 -0.6
v 0.2 3.7 -0.7
v 0.2 3.8 -0.1
v 0.2 3.8 -0.2
v 0.2 3.8 -0.3
v 0.2 3.8 -0.5
v 0.2 3.8 -0.6
v 0.2 3.8 -0.7
v 0.2 3.9 0
v 0.2 3.9 -0.1
v 0.2 3.9 -0.2
v 0.2 3.9 -0.3
v 0.2 3.9 -0.4
v 0.2 3.9 -0.5
v 0.2 3.9 -0.6
v 0.2 4 -0.2
v 0.2 4 -0.3
v 0.2 4 -0.4
v 0.2 4.1 0.5
v 0.2 4.1 0.2
v 0.2 4.1 0.1
v 0.2 4.1 0
v 0.2 4.1 -0.2
v 0.2 4.1 -0.3
v 0.2 4.2 0.5
v 0.2 4.2 0.2
v 0.2 4.2 0.1
v 0.2 4.2 -0.2
v 0.2 4.2 -0.3
v 0.2 4.2 -0.5
v 0.2 4.3 -0.3
v 0.2 4.3 -0.5
v 0.2 4.3 -0.6
v 0.2 4.5 -0.3
v 0.2 4.5 -0.5
v 0.2 4.5 -0.6
v 0.2 4.6 0.7
v 0.2 4.6 0.6
v 0.2 4.6 0.5
v 0.2 4.6 -0.2
v 0.2 4.6 -0.3
v 0.2 4.6 -0.5
v 0.2 4.7 0.7
v 0.2 4.7 0.5
v 0.2 4.7 -0.2
v 0.2 4.7 -0.3
v 0.3 1.6 0
v 0.3 1.6 -0.3
v 0.3 1.7 0.1
v 0.3 1.7 0
v 0.3 1.7 -0.3
v 0.3 1.7 -0.4
v 0.3 1.9 -0.3
v 0.3 1.9 -0.4
v 0.3 2 0.1
v 0.3 2 0
v 0.3 2.5 0
v 0.3 2.5 -0.3
v 0.3 2.6 0.1
v 0.3 2.6 0
v 0.3 2.6 -0.3
v 0.3 2.6 -0.4
v 0.3 2.8 0.2
v 0.3 2.8 0.1
v 0.3 2.8 0
v 0.3 2.8 -0.3
v 0.3 2.8 -0.4
v 0.3 2.8 -0.5
v 0.3 3 0.3
v 0.3 3 0.2
v 0.3 3 0.1
v 0.3 3 -0.4
v 0.3 3 -0.5
v 0.3 3 -0.6
v 0.3 3.1 -0.5
v 0.3 3.1 -0.6
v 0.3 3.1 -0.7
v 0.3 3.5 0.3
v 0.3 3.5 0.2
v 0.3 3.7 -0.5
v 0.3 3.7 -0.6
v 0.3 3.7 -0.7
v 0.3 3.8 -0.3
v 0.3 3.8 -0.5
v 0.3 3.8 -0.6
v 0.3 3.9 -0.3
v 0.3 3.9 -0.5
v 0.3 4.1 0.1
v 0.3 4.1 -0.2
v 0.3 4.2 0.5
v 0.3 4.2 0.1
v 0.3 4.2 -0.2
v 0.3 4.2 -0.3
v 0.3 4.3 0.6
v 0.3 4.3 0.5
v 0.3 4.3 -0.3
v 0.3 4.3 -0.5
v 0.3 4.4 0.7
v 0.3 4.4 0.6
v 0.3 4.5 0.7
v 0.3 4.5 0.6
v 0.3 4.5 0.2
v 0.3 4.5 0.1
v 0.3 4.5 -0.3
v 0.3 4.5 -0.5
v 0.3 4.6 0.6
v 0.3 4.6 0.5
v 0.3 4.6 0.2
v 0.3 4.6 0.1
v 0.3 4.6 -0.2
v 0.3 4.6 -0.3
v 0.3 4.7 0.5
v 0.3 4.7 0.2
v 0.3 4.7 0.1
v 0.3 4.7 -0.2
v 0.4 2.8 0.1
v 0.4 2.8 -0.4
v 0.4 3 0.2
v 0.4 3 0.1
v 0.4 3 -0.4
v 0.4 3 -0.5
v 0.4 3.1 0
v 0.4 3.1 -0.5
v 0.4 3.5 0.1
v 0.4 3.5 0
v 0.4 3.6 0.2
v 0.4 3.6 0.1
v 0.4 3.6 -0.5
v 0.4 3.6 -0.6
v 0.4 3.7 -0.4
v 0.4 3.7 -0.5
v 0.4 3.7 -0.6
v 0.4 3.8 -0.4
v 0.4 3.8 -0.5
v 0.4 4.6 0.2
v 0.4 4.6 0.1
v 0.4 5 0.2
v 0.4 5 0.1
v 0.5 3.1 0
v 0.5 3.1 -0.1
v 0.5 3.1 -0.4
v 0.5 3.1 -0.5
v 0.5 3.1 -0.6
v 0.5 3.5 0.1
v 0.5 3.5 0
v 0.5 3.5 -0.1
v 0.5 3.5 -0.4
v 0.5 3.6 -0.4
v 0.5 3.6 -0.5
v 0.5 3.6 -0.6
v 0.5 3.7 0
v 0.5 3.7 -0.4
v 0.5 3.7 -0.5
v 0.5 3.8 0.1
v 0.5 3.8 -0.4
v 0.6 0.3 0.1
v 0.6 0.3 0
v 0.6 0.3 -0.3
v 0.6 0.3 -0.4
v 0.6 0.4 0.1
v 0.6 0.4 0
v 0.6 0.4 -0.3
v 0.6 0.4 -0.4
v 0.6 0.7 0.1
v 0.6 0.7 0
v 0.6 0.7 -0.3
v 0.6 0.7 -0.4
v 0.6 0.8 0.1
v 0.6 0.8 0
v 0.6 0.8 -0.3
v 0.6 0.8 -0.4
v 0.6 1.1 0.1
v 0.6 1.1 0
v 0.6 1.1 -0.3
v 0.6 1.1 -0.4
v 0.6 1.2 0.1
v 0.6 1.2 0
v 0.6 1.2 -0.3
v 0.6 1.2 -0.4
v 0.6 1.5 -0.3
v 0.6 1.5 -0.4
v 0.6 1.6 -0.3
v 0.6 1.6 -0.4
v 0.7 0 0.2
v 0.7 0 0.1
v 0.7 0 -0.4
v 0.7 0 -0.5
v 0.7 0.2 0.2
v 0.7 0.2 0.1
v 0.7 0.2 0
v 0.7 0.2 -0.3
v 0.7 0.2 -0.4
v 0.7 0.2 -0.5
v 0.7 0.3 0.1
v 0.7 0.3 0
v 0.7 0.3 -0.1
v 0.7 0.3 -0.2
v 0.7 0.3 -0.3
v 0.7 0.3 -0.4
v 0.7 0.4 0
v 0.7 0.4 -0.1
v 0.7 0.4 -0.2
v 0.7 0.6 -0.1
v 0.7 0.6 -0.2
v 0.7 0.7 0
v 0.7 0.7 -0.1
v 0.7 0.7 -0.2
v 0.7 0.7 -0.3
v 0.7 0.8 0.1
v 0.7 0.8 0
v 0.7 0.8 -0.1
v 0.7 0.8 -0.2
v 0.7 0.8 -0.3
v 0.7 0.8 -0.4
v 0.7 1.1 0.1
v 0.7 1.1 0
v 0.7 1.1 -0.3
v 0.7 1.1 -0.4
v 0.7 1.2 0
v 0.7 1.2 -0.1
v 0.7 1.2 -0.2
v 0.7 1.2 -0.3
v 0.7 1.3 -0.1
v 0.7 1.3 -0.2
v 0.7 1.5 0.1
v 0.7 1.5 0
v 0.7 1.5 -0.1
v 0.7 1.5 -0.2
v 0.7 1.5 -0.3
v 0.7 1.6 -0.3
v 0.7 1.6 -0.4
v 0.7 1.7 0
v 0.7 1.7 -0.3
v 0.7 1.8 0.1
v 0.7 1.8 0
v 0.7 1.8 -0.3
v 0.7 1.8 -0.4
v 0.7 2 0.1
v 0.7 2 0
v 0.7 2 -0.3
v 0.7 2 -0.4
v 0.7 2.1 0
v 0.7 2.1 -0.3
v 0.8 0 0.1
v 0.8 0 0
v 0.8 0 -0.3
v 0.8 0 -0.4
v 0.8 0.2 0.1
v 0.8 0.2 0
v 0.8 0.2 -0.3
v 0.8 0.2 -0.4
v 0.8 0.3 0
v 0.8 0.3 -0.1
v 0.8 0.3 -0.2
v 0.8 0.3 -0.3
v 0.8 0.4 -0.1
v 0.8 0.4 -0.2
v 0.8 0.7 -0.1
v 0.8 0.7 -0.2
v 0.8 0.8 0
v 0.8 0.8 -0.1
v 0.8 0.8 -0.2
v 0.8 0.8 -0.3
v 0.8 1.2 0
v 0.8 1.2 -0.1
v 0.8 1.2 -0.2
v 0.8 1.2 -0.3
v 0.8 1.3 -0.1
v 0.8 1.3 -0.2
v 0.8 1.5 0
v 0.8 1.5 -0.1
v 0.8 1.5 -0.2
v 0.8 1.5 -0.3
v 0.8 1.7 0
v 0.8 1.7 -0.1
v 0.8 1.7 -0.2
v 0.8 1.7 -0.3
v 0.8 2 0
v 0.8 2 -0.3
v 0.9 0 0
v 0.9 0 -0.3
v 0.9 0.2 0
v 0.9 0.2 -0.3
v 1 1.2 0.1
v 1 1.2 0
v 1 1.2 -0.5
v 1 1.2 -0.6
v 1 1.5 0
v 1 1.5 -0.5
v 1 1.6 0.1
v 1 1.6 0
v 1 1.6 -0.5
v 1 1.6 -0.6
v 1 1.9 0
v 1 1.9 -0.1
v 1 1.9 -0.4
v 1 1.9 -0.5
v 1 2 0
v 1 2 -0.1
v 1 2 -0.4
v 1 2 -0.5
v 1.1 1.5 0
v 1.1 1.5 -0.1
v 1.1 1.5 -0.4
v 1.1 1.5 -0.5
v 1.1 1.9 0
v 1.1 1.9 -0.1
v 1.1 1.9 -0.4
v 1.1 1.9 -0.5
v 1.2 1.5 -0.2
v 1.2 1.5 -0.3
v 1.2 1.6 -0.1
v 1.2 1.6 -0.2
v 1.2 1.6 -0.3
v 1.2 1.6 -0.4
v 1.2 1.9 -0.1
v 1.2 1.9 -0.2
v 1.2 1.9 -0.3
v 1.2 1.9 -0.4
v 1.2 2 -0.2
v 1.2 2 -0.3
v 1.2 2.1 -0.2
v 1.2 2.1 -0.4
v 1.2 2.1 -0.5
v 1.2 2.2 -0.1
v 1.2 2.2 -0.2
v 1.2 2.2 -0.4
v 1.2 2.2 -0.5
v 1.2 2.5 -0.1
v 1.2 2.5 -0.2
v 1.2 2.5 -0.4
v 1.2 2.5 -0.5
v 1.2 2.6 -0.2
v 1.2 2.6 -0.4
v 1.2 2.6 -0.5
v 1.2 2.7 0
v 1.2 2.7 -0.1
v 1.2 2.7 -0.4
v 1.2 2.7 -0.5
v 1.2 2.8 0
v 1.2 2.8 -0.1
v 1.2 2.8 -0.4
v 1.2 2.8 -0.5
v 1.2 2.9 0.2
v 1.2 2.9 0.1
v 1.2 2.9 -0.6
v 1.2 2.9 -0.7
v 1.2 3 0.2
v 1.2 3 0.1
v 1.2 3 -0.6
v 1.2 3 -0.7
v 1.2 3.5 0.2
v 1.2 3.5 0.1
v 1.2 3.5 -0.6
v 1.2 3.5 -0.7
v 1.2 3.6 0.2
v 1.2 3.6 0.1
v 1.2 3.6 0
v 1.2 3.6 -0.5
v 1.2 3.6 -0.6
v 1.2 3.6 -0.7
v 1.2 3.7 0.1
v 1.2 3.7 0
v 1.2 3.7 -0.5
v 1.2 3.7 -0.6
v 1.3 1.2 -0.1
v 1.3 1.2 -0.2
v 1.3 1.2 -0.3
v 1.3 1.2 -0.4
v 1.3 1.6 -0.1
v 1.3 1.6 -0.2
v 1.3 1.6 -0.3
v 1.3 1.6 -0.4
v 1.3 2.1 -0.2
v 1.3 2.1 -0.4
v 1.3 2.2 -0.1
v 1.3 2.2 -0.2
v 1.3 2.2 -0.4
v 1.3 2.2 -0.5
v 1.3 2.5 -0.1
v 1.3 2.5 -0.2
v 1.3 2.5 -0.4
v 1.3 2.5 -0.5
v 1.3 2.6 -0.2
v 1.3 2.6 -0.4
v 1.3 2.7 -0.1
v 1.3 2.7 -0.4
v 1.3 2.8 0.1
v 1.3 2.8 0
v 1.3 2.8 -0.1
v 1.3 2.8 -0.4
v 1.3 2.8 -0.5
v 1.3 2.8 -0.6
v 1.3 2.9 0.1
v 1.3 2.9 0
v 1.3 2.9 -0.5
v 1.3 2.9 -0.6
v 1.3 3 0.2
v 1.3 3 0.1
v 1.3 3 -0.6
v 1.3 3 -0.7
v 1.3 3.3 0.2
v 1.3 3.3 0.1
v 1.3 3.5 0.2
v 1.3 3.5 0.1
v 1.3 3.5 0
v 1.3 3.5 -0.5
v 1.3 3.5 -0.6
v 1.3 3.5 -0.7
v 1.3 3.6 0.1
v 1.3 3.6 0
v 1.3 3.6 -0.1
v 1.3 3.6 -0.4
v 1.3 3.6 -0.5
v 1.3 3.6 -0.6
v 1.3 3.7 0
v 1.3 3.7 -0.1
v 1.3 3.7 -0.4
v 1.3 3.7 -0.5
v 1.4 2.8 0
v 1.4 2.8 -0.5
v 1.4 2.9 0.1
v 1.4 2.9 0
v 1.4 2.9 -0.5
v 1.4 2.9 -0.6
v 1.4 3.5 0.1
v 1.4 3.5 0
v 1.4 3.5 -0.1
v 1.4 3.5 -0.4
v 1.4 3.5 -0.5
v 1.4 3.5 -0.6
v 1.4 3.6 0
v 1.4 3.6 -0.1
v 1.4 3.6 -0.4
v 1.4 3.6 -0.5
v 1.4 3.7 -0.1
v 1.4 3.7 -0.4
v 1.5 2.9 0
v 1.5 2.9 -0.5
v 1.5 3.5 0
v 1.5 3.5 -0.1
v 1.5 3.5 -0.4
v 1.5 3.5 -0.5
v 1.5 3.6 -0.1
v 1.5 3.6 -0.4
v -0.3 4.4 0.7
v -0.3 4.5 0.7
v -0.2 4.4 0.7
v -0.2 4.5 0.7
v -0.2 4.6 0.7
v -0.2 4.7 0.7
v -0.1 4.1 0.7
v -0.1 4.2 0.7
v -0.1 4.6 0.7
v -0.1 4.7 0.7
v -0.1 4.8 0.7
v 0.1 4.1 0.7
v 0.1 4.2 0.7
v 0.1 4.6 0.7
v 0.1 4.7 0.7
v 0.1 4.8 0.7
v 0.2 4.4 0.7
v 0.2 4.5 0.7
v 0.2 4.6 0.7
v 0.2 4.7 0.7
v 0.3 4.4 0.7
v 0.3 4.5 0.7
v -0.3 4.3 0.6
v -0.3 4.4 0.6
v -0.3 4.5 0.6
v -0.3 4.6 0.6
v -0.2 4.3 0.6
v -0.2 4.4 0.6
v -0.2 4.5 0.6
v -0.2 4.6 0.6
v -0.1 4 0.6
v -0.1 4.1 0.6
v -0.1 4.4 0.6
v -0.1 4.6 0.6
v -0.1 4.7 0.6
v 0.1 4 0.6
v 0.1 4.1 0.6
v 0.1 4.4 0.6
v 0.1 4.6 0.6
v 0.1 4.7 0.6
v 0.2 4.3 0.6
v 0.2 4.4 0.6
v 0.2 4.5 0.6
v 0.2 4.6 0.6
v 0.3 4.3 0.6
v 0.3 4.4 0.6
v 0.3 4.5 0.6
v 0.3 4.6 0.6
v -0.3 4.2 0.5
v -0.3 4.3 0.5
v -0.3 4.6 0.5
v -0.3 4.7 0.5
v -0.2 4.1 0.5
v -0.2 4.2 0.5
v -0.2 4.3 0.5
v -0.2 4.4 0.5
v -0.2 4.6 0.5
v -0.2 4.7 0.5
v -0.1 4.1 0.5
v -0.1 4.2 0.5
v -0.1 4.4 0.5
v 0.1 4.1 0.5
v 0.1 4.2 0.5
v 0.1 4.4 0.5
v 0.2 4.1 0.5
v 0.2 4.2 0.5
v 0.2 4.3 0.5
v 0.2 4.4 0.5
v 0.2 4.6 0.5
v 0.2 4.7 0.5
v 0.3 4.2 0.5
v 0.3 4.3 0.5
v 0.3 4.6 0.5
v 0.3 4.7 0.5
v -0.3 3 0.3
v -0.3 3.5 0.3
v -0.2 2.8 0.3
v -0.2 3 0.3
v -0.1 2.7 0.3
v -0.1 2.8 0.3
v -0.1 3.4 0.3
v -0.1 3.5 0.3
v 0.1 2.7 0.3
v 0.1 2.8 0.3
v 0.1 3.4 0.3
v 0.1 3.5 0.3
v 0.2 2.8 0.3
v 0.2 3 0.3
v 0.3 3 0.3
v 0.3 3.5 0.3
v -1.3 3 0.2
v -1.3 3.1 0.2
v -1.3 3.3 0.2
v -1.3 3.5 0.2
v -1.2 2.9 0.2
v -1.2 3 0.2
v -1.2 3.1 0.2
v -1.2 3.3 0.2
v -1.2 3.5 0.2
v -1.2 3.6 0.2
v -1.1 3.1 0.2
v -1.1 3.3 0.2
v -1.1 3.5 0.2
v -1.1 3.6 0.2
v -1 3.1 0.2
v -1 3.3 0.2
v -1 3.5 0.2
v -1 3.6 0.2
v -0.9 2.9 0.2
v -0.9 3 0.2
v -0.9 3.1 0.2
v -0.9 3.3 0.2
v -0.9 3.5 0.2
v -0.9 3.6 0.2
v -0.8 3 0.2
v -0.8 3.1 0.2
v -0.8 3.3 0.2
v -0.8 3.5 0.2
v -0.7 0 0.2
v -0.7 0.2 0.2
v -0.4 0 0.2
v -0.4 0.2 0.2
v -0.4 3 0.2
v -0.4 3.6 0.2
v -0.4 4.3 0.2
v -0.4 4.5 0.2
v -0.3 2.8 0.2
v -0.3 3 0.2
v -0.3 3.5 0.2
v -0.3 4.3 0.2
v -0.3 4.5 0.2
v -0.2 1.7 0.2
v -0.2 1.9 0.2
v -0.2 2.6 0.2
v -0.2 2.8 0.2
v -0.2 3 0.2
v -0.1 1.6 0.2
v -0.1 1.7 0.2
v -0.1 1.9 0.2
v -0.1 2 0.2
v -0.1 2.7 0.2
v -0.1 2.8 0.2
v -0.1 3.4 0.2
v -0.1 3.5 0.2
v -0.1 3.6 0.2
v 0.1 1.6 0.2
v 0.1 1.7 0.2
v 0.1 1.9 0.2
v 0.1 2 0.2
v 0.1 2.7 0.2
v 0.1 2.8 0.2
v 0.1 3.4 0.2
v 0.1 3.5 0.2
v 0.1 3.6 0.2
v 0.2 1.7 0.2
v 0.2 1.9 0.2
v 0.2 2.6 0.2
v 0.2 2.8 0.2
v 0.2 3 0.2
v 0.3 2.8 0.2
v 0.3 3 0.2
v 0.3 3.5 0.2
v 0.3 4.6 0.2
v 0.3 4.7 0.2
v 0.3 5 0.2
v 0.4 0 0.2
v 0.4 0.2 0.2
v 0.4 3 0.2
v 0.4 3.6 0.2
v 0.4 4.6 0.2
v 0.4 5 0.2
v 0.7 0 0.2
v 0.7 0.2 0.2
v 0.8 3 0.2
v 0.8 3.3 0.2
v 0.8 3.5 0.2
v 0.9 2.9 0.2
v 0.9 3 0.2
v 0.9 3.3 0.2
v 0.9 3.5 0.2
v 0.9 3.6 0.2
v 1 3 0.2
v 1 3.3 0.2
v 1 3.5 0.2
v 1 3.6 0.2
v 1.1 3 0.2
v 1.1 3.3 0.2
v 1.1 3.5 0.2
v 1.1 3.6 0.2
v 1.2 2.9 0.2
v 1.2 3 0.2
v 1.2 3.3 0.2
v 1.2 3.5 0.2
v 1.2 3.6 0.2
v 1.3 3 0.2
v 1.3 3.3 0.2
v 1.3 3.5 0.2
v -1.4 2.9 0.1
v -1.4 3.5 0.1
v -1.3 2.8 0.1
v -1.3 2.9 0.1
v -1.3 3 0.1
v -1.3 3.1 0.1
v -1.3 3.3 0.1
v -1.3 3.5 0.1
v -1.3 3.6 0.1
v -1.2 2.9 0.1
v -1.2 3 0.1
v -1.2 3.5 0.1
v -1.2 3.6 0.1
v -1.2 3.7 0.1
v -1.1 3.6 0.1
v -1 1.2 0.1
v -1 1.6 0.1
v -1 3.6 0.1
v -0.9 1.2 0.1
v -0.9 1.6 0.1
v -0.9 2.9 0.1
v -0.9 3 0.1
v -0.9 3.5 0.1
v -0.9 3.6 0.1
v -0.8 0 0.1
v -0.8 0.2 0.1
v -0.8 2.8 0.1
v -0.8 2.9 0.1
v -0.8 3 0.1
v -0.8 3.1 0.1
v -0.8 3.3 0.1
v -0.8 3.5 0.1
v -0.8 3.6 0.1
v -0.8 3.7 0.1
v -0.7 0 0.1
v -0.7 0.2 0.1
v -0.7 0.3 0.1
v -0.7 0.8 0.1
v -0.7 1.1 0.1
v -0.7 1.5 0.1
v -0.7 1.8 0.1
v -0.7 2 0.1
v -0.7 2.9 0.1
v -0.7 3.6 0.1
v -0.6 0.3 0.1
v -0.6 0.4 0.1
v -0.6 0.7 0.1
v -0.6 0.8 0.1
v -0.6 1.1 0.1
v -0.6 1.2 0.1
v -0.6 1.8 0.1
v -0.6 1.9 0.1
v -0.5 0.3 0.1
v -0.5 0.4 0.1
v -0.5 0.7 0.1
v -0.5 0.8 0.1
v -0.5 1.1 0.1
v -0.5 1.2 0.1
v -0.5 1.5 0.1
v -0.5 1.6 0.1
v -0.5 1.9 0.1
v -0.5 2 0.1
v -0.5 3.5 0.1
v -0.5 3.8 0.1
v -0.4 0 0.1
v -0.4 0.2 0.1
v -0.4 0.3 0.1
v -0.4 0.8 0.1
v -0.4 1.1 0.1
v -0.4 1.6 0.1
v -0.4 2 0.1
v -0.4 2.8 0.1
v -0.4 3 0.1
v -0.4 3.5 0.1
v -0.4 3.6 0.1
v -0.4 4.5 0.1
v -0.4 4.6 0.1
v -0.3 0 0.1
v -0.3 0.2 0.1
v -0.3 1.7 0.1
v -0.3 2 0.1
v -0.3 2.6 0.1
v -0.3 2.8 0.1
v -0.3 3 0.1
v -0.3 3.7 0.1
v -0.3 3.8 0.1
v -0.3 4.1 0.1
v -0.3 4.2 0.1
v -0.3 4.5 0.1
v -0.3 4.6 0.1
v -0.2 1.6 0.1
v -0.2 1.7 0.1
v -0.2 1.9 0.1
v -0.2 2 0.1
v -0.2 2.1 0.1
v -0.2 2.5 0.1
v -0.2 2.6 0.1
v -0.2 2.8 0.1
v -0.2 3.6 0.1
v -0.2 3.7 0.1
v -0.2 4.1 0.1
v -0.2 4.2 0.1
v -0.1 1.5 0.1
v -0.1 1.6 0.1
v -0.1 1.7 0.1
v -0.1 1.9 0.1
v -0.1 2 0.1
v -0.1 3.5 0.1
v -0.1 3.6 0.1
v -0.1 3.9 0.1
v -0.1 4 0.1
v 0.1 1.5 0.1
v 0.1 1.6 0.1
v 0.1 1.7 0.1
v 0.1 1.9 0.1
v 0.1 2 0.1
v 0.1 3.5 0.1
v 0.1 3.6 0.1
v 0.1 3.9 0.1
v 0.1 4 0.1
v 0.2 1.6 0.1
v 0.2 1.7 0.1
v 0.2 1.9 0.1
v 0.2 2 0.1
v 0.2 2.1 0.1
v 0.2 2.5 0.1
v 0.2 2.6 0.1
v 0.2 2.8 0.1
v 0.2 3.6 0.1
v 0.2 3.7 0.1
v 0.2 4.1 0.1
v 0.2 4.2 0.1
v 0.3 0 0.1
v 0.3 0.2 0.1
v 0.3 1.7 0.1
v 0.3 2 0.1
v 0.3 2.6 0.1
v 0.3 2.8 0.1
v 0.3 3 0.1
v 0.3 3.7 0.1
v 0.3 3.8 0.1
v 0.3 4.1 0.1
v 0.3 4.2 0.1
v 0.4 0 0.1
v 0.4 0.2 0.1
v 0.4 0.3 0.1
v 0.4 0.8 0.1
v 0.4 1.1 0.1
v 0.4 1.6 0.1
v 0.4 2 0.1
v 0.4 2.8 0.1
v 0.4 3 0.1
v 0.4 3.5 0.1
v 0.4 3.6 0.1
v 0.5 0.3 0.1
v 0.5 0.4 0.1
v 0.5 0.7 0.1
v 0.5 0.8 0.1
v 0.5 1.1 0.1
v 0.5 1.2 0.1
v 0.5 1.5 0.1
v 0.5 1.6 0.1
v 0.5 1.9 0.1
v 0.5 2 0.1
v 0.5 3.5 0.1
v 0.5 3.8 0.1
v 0.6 0.3 0.1
v 0.6 0.4 0.1
v 0.6 0.7 0.1
v 0.6 0.8 0.1
v 0.6 1.1 0.1
v 0.6 1.2 0.1
v 0.6 1.8 0.1
v 0.6 1.9 0.1
v 0.7 0 0.1
v 0.7 0.2 0.1
v 0.7 0.3 0.1
v 0.7 0.8 0.1
v 0.7 1.1 0.1
v 0.7 1.5 0.1
v 0.7 1.8 0.1
v 0.7 2 0.1
v 0.7 2.9 0.1
v 0.7 3.6 0.1
v 0.8 0 0.1
v 0.8 0.2 0.1
v 0.8 2.8 0.1
v 0.8 2.9 0.1
v 0.8 3 0.1
v 0.8 3.3 0.1
v 0.8 3.5 0.1
v 0.8 3.6 0.1
v 0.8 3.7 0.1
v 0.9 1.2 0.1
v 0.9 1.6 0.1
v 0.9 2.9 0.1
v 0.9 3 0.1
v 0.9 3.5 0.1
v 0.9 3.6 0.1
v 1 1.2 0.1
v 1 1.6 0.1
v 1 3.6 0.1
v 1.1 3.6 0.1
v 1.2 2.9 0.1
v 1.2 3 0.1
v 1.2 3.5 0.1
v 1.2 3.6 0.1
v 1.2 3.7 0.1
v 1.3 2.8 0.1
v 1.3 2.9 0.1
v 1.3 3 0.1
v 1.3 3.3 0.1
v 1.3 3.5 0.1
v 1.3 3.6 0.1
v 1.4 2.9 0.1
v 1.4 3.5 0.1
v -1.5 2.9 0
v -1.5 3.5 0
v -1.4 2.8 0
v -1.4 2.9 0
v -1.4 3.5 0
v -1.4 3.6 0
v -1.3 2.8 0
v -1.3 2.9 0
v -1.3 3.5 0
v -1.3 3.6 0
v -1.3 3.7 0
v -1.2 2.7 0
v -1.2 2.8 0
v -1.2 3.6 0
v -1.2 3.7 0
v -1.1 1.5 0
v -1.1 1.9 0
v -1 1.5 0
v -1 1.6 0
v -1 1.9 0
v -1 2 0
v -0.9 0 0
v -0.9 0.2 0
v -0.9 1.6 0
v -0.9 2 0
v -0.9 2.7 0
v -0.9 2.8 0
v -0.8 0 0
v -0.8 0.2 0
v -0.8 0.3 0
v -0.8 0.8 0
v -0.8 1.2 0
v -0.8 1.5 0
v -0.8 1.7 0
v -0.8 2 0
v -0.8 3.6 0
v -0.8 3.7 0
v -0.7 0.2 0
v -0.7 0.3 0
v -0.7 0.4 0
v -0.7 0.7 0
v -0.7 0.8 0
v -0.7 1.1 0
v -0.7 1.2 0
v -0.7 1.5 0
v -0.7 1.7 0
v -0.7 1.8 0
v -0.7 2 0
v -0.7 2.1 0
v -0.7 3 0
v -0.7 3.5 0
v -0.7 3.6 0
v -0.7 3.7 0
v -0.6 0.3 0
v -0.6 0.4 0
v -0.6 0.6 0
v -0.6 0.7 0
v -0.6 0.8 0
v -0.6 1.1 0
v -0.6 1.2 0
v -0.6 3 0
v -0.6 3.5 0
v -0.5 0.3 0
v -0.5 0.4 0
v -0.5 0.6 0
v -0.5 0.7 0
v -0.5 0.8 0
v -0.5 1.1 0
v -0.5 1.2 0
v -0.5 1.5 0
v -0.5 1.6 0
v -0.5 2 0
v -0.5 3.1 0
v -0.5 3.5 0
v -0.4 0.2 0
v -0.4 0.3 0
v -0.4 0.4 0
v -0.4 0.7 0
v -0.4 0.8 0
v -0.4 1.1 0
v -0.4 1.6 0
v -0.4 1.7 0
v -0.4 2 0
v -0.4 2.1 0
v -0.4 3.1 0
v -0.4 3.5 0
v -0.3 0 0
v -0.3 0.2 0
v -0.3 0.3 0
v -0.3 1.6 0
v -0.3 1.7 0
v -0.3 2 0
v -0.3 2.5 0
v -0.3 2.6 0
v -0.3 3.7 0
v -0.3 3.8 0
v -0.2 0 0
v -0.2 0.2 0
v -0.2 1.5 0
v -0.2 1.6 0
v -0.2 1.7 0
v -0.2 2.4 0
v -0.2 2.5 0
v -0.2 2.6 0
v -0.2 3.6 0
v -0.2 3.7 0
v -0.2 3.8 0
v -0.2 3.9 0
v -0.2 4.1 0
v -0.1 1.5 0
v -0.1 1.6 0
v -0.1 2.1 0
v -0.1 2.4 0
v -0.1 3.8 0
v -0.1 3.9 0
v -0.1 4.1 0
v 0.1 1.5 0
v 0.1 1.6 0
v 0.1 2.1 0
v 0.1 2.4 0
v 0.1 3.8 0
v 0.1 3.9 0
v 0.1 4.1 0
v 0.2 0 0
v 0.2 0.2 0
v 0.2 1.5 0
v 0.2 1.6 0
v 0.2 1.7 0
v 0.2 2.4 0
v 0.2 2.5 0
v 0.2 2.6 0
v 0.2 3.6 0
v 0.2 3.7 0
v 0.2 3.8 0
v 0.2 3.9 0
v 0.2 4.1 0
v 0.3 0 0
v 0.3 0.2 0
v 0.3 0.3 0
v 0.3 1.6 0
v 0.3 1.7 0
v 0.3 2 0
v 0.3 2.5 0
v 0.3 2.6 0
v 0.3 3.7 0
v 0.3 3.8 0
v 0.4 0.2 0
v 0.4 0.3 0
v 0.4 0.4 0
v 0.4 0.7 0
v 0.4 0.8 0
v 0.4 1.1 0
v 0.4 1.6 0
v 0.4 1.7 0
v 0.4 2 0
v 0.4 2.1 0
v 0.4 3.1 0
v 0.4 3.5 0
v 0.5 0.3 0
v 0.5 0.4 0
v 0.5 0.6 0
v 0.5 0.7 0
v 0.5 0.8 0
v 0.5 1.1 0
v 0.5 1.2 0
v 0.5 1.5 0
v 0.5 1.6 0
v 0.5 2 0
v 0.5 3.1 0
v 0.5 3.5 0
v 0.6 0.3 0
v 0.6 0.4 0
v 0.6 0.6 0
v 0.6 0.7 0
v 0.6 0.8 0
v 0.6 1.1 0
v 0.6 1.2 0
v 0.6 3 0
v 0.6 3.5 0
v 0.7 0.2 0
v 0.7 0.3 0
v 0.7 0.4 0
v 0.7 0.7 0
v 0.7 0.8 0
v 0.7 1.1 0
v 0.7 1.2 0
v 0.7 1.5 0
v 0.7 1.7 0
v 0.7 1.8 0
v 0.7 2 0
v 0.7 2.1 0
v 0.7 3 0
v 0.7 3.5 0
v 0.7 3.6 0
v 0.7 3.7 0
v 0.8 0 0
v 0.8 0.2 0
v 0.8 0.3 0
v 0.8 0.8 0
v 0.8 1.2 0
v 0.8 1.5 0
v 0.8 1.7 0
v 0.8 2 0
v 0.8 3.6 0
v 0.8 3.7 0
v 0.9 0 0
v 0.9 0.2 0
v 0.9 1.6 0
v 0.9 2 0
v 0.9 2.7 0
v 0.9 2.8 0
v 1 1.5 0
v 1 1.6 0
v 1 1.9 0
v 1 2 0
v 1.1 1.5 0
v 1.1 1.9 0
v 1.2 2.7 0
v 1.2 2.8 0
v 1.2 3.6 0
v 1.2 3.7 0
v 1.3 2.8 0
v 1.3 2.9 0
v 1.3 3.5 0
v 1.3 3.6 0
v 1.3 3.7 0
v 1.4 2.8 0
v 1.4 2.9 0
v 1.4 3.5 0
v 1.4 3.6 0
v 1.5 2.9 0
v 1.5 3.5 0
v -1.5 3.5 -0.1
v -1.5 3.6 -0.1
v -1.4 3.5 -0.1
v -1.4 3.6 -0.1
v -1.4 3.7 -0.1
v -1.3 1.2 -0.1
v -1.3 1.6 -0.1
v -1.3 2.2 -0.1
v -1.3 2.5 -0.1
v -1.3 2.7 -0.1
v -1.3 2.8 -0.1
v -1.3 3.6 -0.1
v -1.3 3.7 -0.1
v -1.2 1.2 -0.1
v -1.2 1.5 -0.1
v -1.2 1.6 -0.1
v -1.2 1.9 -0.1
v -1.2 2.2 -0.1
v -1.2 2.5 -0.1
v -1.2 2.7 -0.1
v -1.2 2.8 -0.1
v -1.1 1.5 -0.1
v -1.1 1.9 -0.1
v -1 1.9 -0.1
v -1 2 -0.1
v -0.9 2 -0.1
v -0.9 2.7 -0.1
v -0.9 2.8 -0.1
v -0.8 0.3 -0.1
v -0.8 0.4 -0.1
v -0.8 0.7 -0.1
v -0.8 0.8 -0.1
v -0.8 1.2 -0.1
v -0.8 1.3 -0.1
v -0.8 2.7 -0.1
v -0.8 2.8 -0.1
v -0.8 2.9 -0.1
v -0.7 0.3 -0.1
v -0.7 0.4 -0.1
v -0.7 0.7 -0.1
v -0.7 0.8 -0.1
v -0.7 1.2 -0.1
v -0.7 1.3 -0.1
v -0.7 2.8 -0.1
v -0.7 2.9 -0.1
v -0.7 3 -0.1
v -0.7 3.5 -0.1
v -0.7 3.6 -0.1
v -0.6 2.9 -0.1
v -0.6 3 -0.1
v -0.6 3.5 -0.1
v -0.6 3.6 -0.1
v -0.5 3.1 -0.1
v -0.5 3.5 -0.1
v -0.4 0.3 -0.1
v -0.4 0.4 -0.1
v -0.4 3 -0.1
v -0.4 3.1 -0.1
v -0.3 0.3 -0.1
v -0.3 0.4 -0.1
v -0.2 2.1 -0.1
v -0.2 2.4 -0.1
v -0.2 3.8 -0.1
v -0.2 3.9 -0.1
v -0.1 2.1 -0.1
v -0.1 2.4 -0.1
v -0.1 3.8 -0.1
v -0.1 3.9 -0.1
v 0.1 2.1 -0.1
v 0.1 2.4 -0.1
v 0.1 3.8 -0.1
v 0.1 3.9 -0.1
v 0.2 2.1 -0.1
v 0.2 2.4 -0.1
v 0.2 3.8 -0.1
v 0.2 3.9 -0.1
v 0.3 0.3 -0.1
v 0.3 0.4 -0.1
v 0.4 0.3 -0.1
v 0.4 0.4 -0.1
v 0.5 3 -0.1
v 0.5 3.1 -0.1
v 0.5 3.5 -0.1
v 0.6 2.9 -0.1
v 0.6 3 -0.1
v 0.6 3.5 -0.1
v 0.6 3.6 -0.1
v 0.7 0.3 -0.1
v 0.7 0.4 -0.1
v 0.7 0.7 -0.1
v 0.7 0.8 -0.1
v 0.7 1.2 -0.1
v 0.7 1.3 -0.1
v 0.7 2.8 -0.1
v 0.7 2.9 -0.1
v 0.7 3 -0.1
v 0.7 3.5 -0.1
v 0.7 3.6 -0.1
v 0.8 0.3 -0.1
v 0.8 0.4 -0.1
v 0.8 0.7 -0.1
v 0.8 0.8 -0.1
v 0.8 1.2 -0.1
v 0.8 1.3 -0.1
v 0.8 2.7 -0.1
v 0.8 2.8 -0.1
v 0.8 2.9 -0.1
v 0.9 2 -0.1
v 0.9 2.7 -0.1
v 0.9 2.8 -0.1
v 1 1.9 -0.1
v 1 2 -0.1
v 1.1 1.5 -0.1
v 1.1 1.9 -0.1
v 1.2 1.2 -0.1
v 1.2 1.5 -0.1
v 1.2 1.6 -0.1
v 1.2 1.9 -0.1
v 1.2 2.2 -0.1
v 1.2 2.5 -0.1
v 1.2 2.7 -0.1
v 1.2 2.8 -0.1
v 1.3 1.2 -0.1
v 1.3 1.6 -0.1
v 1.3 2.2 -0.1
v 1.3 2.5 -0.1
v 1.3 2.7 -0.1
v 1.3 2.8 -0.1
v 1.3 3.6 -0.1
v 1.3 3.7 -0.1
v 1.4 3.5 -0.1
v 1.4 3.6 -0.1
v 1.4 3.7 -0.1
v 1.5 3.5 -0.1
v 1.5 3.6 -0.1
v -1.3 2.1 -0.2
v -1.3 2.2 -0.2
v -1.3 2.5 -0.2
v -1.3 2.6 -0.2
v -1.2 2.1 -0.2
v -1.2 2.2 -0.2
v -1.2 2.5 -0.2
v -1.2 2.6 -0.2
v 1.2 2.1 -0.2
v 1.2 2.2 -0.2
v 1.2 2.5 -0.2
v 1.2 2.6 -0.2
v 1.3 2.1 -0.2
v 1.3 2.2 -0.2
v 1.3 2.5 -0.2
v 1.3 2.6 -0.2
v -1.3 1.2 -0.3
v -1.3 1.6 -0.3
v -1.2 1.2 -0.3
v -1.2 1.5 -0.3
v -1.2 1.6 -0.3
v -0.3 3.8 -0.3
v -0.3 3.9 -0.3
v -0.2 3.8 -0.3
v -0.2 3.9 -0.3
v 0.2 3.8 -0.3
v 0.2 3.9 -0.3
v 0.3 3.8 -0.3
v 0.3 3.9 -0.3
v 1.2 1.2 -0.3
v 1.2 1.5 -0.3
v 1.2 1.6 -0.3
v 1.3 1.2 -0.3
v 1.3 1.6 -0.3
v 0 3 -0.4
v 0 3.1 -0.4
v 0.1 3 -0.4
v 0.1 3.1 -0.4
v -1 1.2 -0.5
v -1 1.5 -0.5
v -0.9 1.2 -0.5
v -0.9 1.5 -0.5
v 0.9 1.2 -0.5
v 0.9 1.5 -0.5
v 1 1.2 -0.5
v 1 1.5 -0.5
v 0.3 4.6 0.1
v 0.3 4.7 0.1
v 0.3 5 0.1
v 0.4 4.6 0.1
v 0.4 5 0.1
v -1 1.2 0
v -1 1.5 0
v -0.9 1.2 0
v -0.9 1.5 0
v -0.4 4.3 0
v -0.4 4.4 0
v -0.3 4.3 0
v -0.3 4.4 0
v 0.9 1.2 0
v 0.9 1.5 0
v 1 1.2 0
v 1 1.5 0
v -0.4 4.4 -0.1
v -0.4 4.6 -0.1
v -0.3 4.4 -0.1
v -0.3 4.6 -0.1
v 0 3 -0.1
v 0 3.1 -0.1
v 0.1 3 -0.1
v 0.1 3.1 -0.1
v -1.3 1.2 -0.2
v -1.3 1.6 -0.2
v -1.2 1.2 -0.2
v -1.2 1.5 -0.2
v -1.2 1.6 -0.2
v -0.8 0.3 -0.2
v -0.8 0.4 -0.2
v -0.8 0.7 -0.2
v -0.8 0.8 -0.2
v -0.8 1.2 -0.2
v -0.8 1.3 -0.2
v -0.7 0.3 -0.2
v -0.7 0.4 -0.2
v -0.7 0.7 -0.2
v -0.7 0.8 -0.2
v -0.7 1.2 -0.2
v -0.7 1.3 -0.2
v -0.4 0.3 -0.2
v -0.4 0.4 -0.2
v -0.3 0.3 -0.2
v -0.3 0.4 -0.2
v -0.3 4.1 -0.2
v -0.3 4.2 -0.2
v -0.3 4.6 -0.2
v -0.3 4.7 -0.2
v -0.2 4 -0.2
v -0.2 4.1 -0.2
v -0.2 4.2 -0.2
v -0.2 4.6 -0.2
v -0.2 4.7 -0.2
v -0.1 4 -0.2
v -0.1 4.1 -0.2
v 0.1 4 -0.2
v 0.1 4.1 -0.2
v 0.2 4 -0.2
v 0.2 4.1 -0.2
v 0.2 4.2 -0.2
v 0.2 4.6 -0.2
v 0.2 4.7 -0.2
v 0.3 0.3 -0.2
v 0.3 0.4 -0.2
v 0.3 4.1 -0.2
v 0.3 4.2 -0.2
v 0.3 4.6 -0.2
v 0.3 4.7 -0.2
v 0.4 0.3 -0.2
v 0.4 0.4 -0.2
v 0.7 0.3 -0.2
v 0.7 0.4 -0.2
v 0.7 0.7 -0.2
v 0.7 0.8 -0.2
v 0.7 1.2 -0.2
v 0.7 1.3 -0.2
v 0.8 0.3 -0.2
v 0.8 0.4 -0.2
v 0.8 0.7 -0.2
v 0.8 0.8 -0.2
v 0.8 1.2 -0.2
v 0.8 1.3 -0.2
v 1.2 1.2 -0.2
v 1.2 1.5 -0.2
v 1.2 1.6 -0.2
v 1.3 1.2 -0.2
v 1.3 1.6 -0.2
v -0.9 0 -0.3
v -0.9 0.2 -0.3
v -0.8 0 -0.3
v -0.8 0.2 -0.3
v -0.8 0.3 -0.3
v -0.8 0.8 -0.3
v -0.8 1.2 -0.3
v -0.8 1.5 -0.3
v -0.8 1.7 -0.3
v -0.8 2 -0.3
v -0.7 0.2 -0.3
v -0.7 0.3 -0.3
v -0.7 0.7 -0.3
v -0.7 0.8 -0.3
v -0.7 1.1 -0.3
v -0.7 1.2 -0.3
v -0.7 1.5 -0.3
v -0.7 1.6 -0.3
v -0.7 1.7 -0.3
v -0.7 1.8 -0.3
v -0.7 2 -0.3
v -0.7 2.1 -0.3
v -0.6 0.3 -0.3
v -0.6 0.4 -0.3
v -0.6 0.6 -0.3
v -0.6 0.7 -0.3
v -0.6 0.8 -0.3
v -0.6 1.1 -0.3
v -0.6 1.2 -0.3
v -0.6 1.5 -0.3
v -0.6 1.6 -0.3
v -0.5 0.3 -0.3
v -0.5 0.4 -0.3
v -0.5 0.6 -0.3
v -0.5 0.7 -0.3
v -0.5 0.8 -0.3
v -0.5 1.1 -0.3
v -0.5 1.2 -0.3
v -0.5 1.5 -0.3
v -0.5 1.6 -0.3
v -0.5 2 -0.3
v -0.4 0.2 -0.3
v -0.4 0.3 -0.3
v -0.4 0.7 -0.3
v -0.4 0.8 -0.3
v -0.4 1.1 -0.3
v -0.4 1.6 -0.3
v -0.4 1.7 -0.3
v -0.4 2 -0.3
v -0.4 2.1 -0.3
v -0.3 0 -0.3
v -0.3 0.2 -0.3
v -0.3 0.3 -0.3
v -0.3 1.6 -0.3
v -0.3 1.7 -0.3
v -0.3 1.9 -0.3
v -0.3 2.5 -0.3
v -0.3 2.6 -0.3
v -0.3 4.2 -0.3
v -0.3 4.3 -0.3
v -0.3 4.5 -0.3
v -0.3 4.6 -0.3
v -0.2 0 -0.3
v -0.2 0.2 -0.3
v -0.2 1.5 -0.3
v -0.2 1.6 -0.3
v -0.2 1.7 -0.3
v -0.2 1.9 -0.3
v -0.2 2 -0.3
v -0.2 2.1 -0.3
v -0.2 2.4 -0.3
v -0.2 2.5 -0.3
v -0.2 2.6 -0.3
v -0.2 4.1 -0.3
v -0.2 4.2 -0.3
v -0.2 4.3 -0.3
v -0.2 4.5 -0.3
v -0.2 4.6 -0.3
v -0.2 4.7 -0.3
v -0.1 1.5 -0.3
v -0.1 1.6 -0.3
v -0.1 2.1 -0.3
v -0.1 2.4 -0.3
v -0.1 4 -0.3
v -0.1 4.1 -0.3
v -0.1 4.2 -0.3
v -0.1 4.6 -0.3
v -0.1 4.7 -0.3
v -0.1 4.8 -0.3
v 0.1 1.5 -0.3
v 0.1 1.6 -0.3
v 0.1 2.1 -0.3
v 0.1 2.4 -0.3
v 0.1 4 -0.3
v 0.1 4.1 -0.3
v 0.1 4.2 -0.3
v 0.1 4.6 -0.3
v 0.1 4.7 -0.3
v 0.1 4.8 -0.3
v 0.2 0 -0.3
v 0.2 0.2 -0.3
v 0.2 1.5 -0.3
v 0.2 1.6 -0.3
v 0.2 1.7 -0.3
v 0.2 1.9 -0.3
v 0.2 2 -0.3
v 0.2 2.1 -0.3
v 0.2 2.4 -0.3
v 0.2 2.5 -0.3
v 0.2 2.6 -0.3
v 0.2 4.1 -0.3
v 0.2 4.2 -0.3
v 0.2 4.3 -0.3
v 0.2 4.5 -0.3
v 0.2 4.6 -0.3
v 0.2 4.7 -0.3
v 0.3 0 -0.3
v 0.3 0.2 -0.3
v 0.3 0.3 -0.3
v 0.3 1.6 -0.3
v 0.3 1.7 -0.3
v 0.3 1.9 -0.3
v 0.3 2.5 -0.3
v 0.3 2.6 -0.3
v 0.3 4.2 -0.3
v 0.3 4.3 -0.3
v 0.3 4.5 -0.3
v 0.3 4.6 -0.3
v 0.4 0.2 -0.3
v 0.4 0.3 -0.3
v 0.4 0.7 -0.3
v 0.4 0.8 -0.3
v 0.4 1.1 -0.3
v 0.4 1.6 -0.3
v 0.4 1.7 -0.3
v 0.4 2 -0.3
v 0.4 2.1 -0.3
v 0.5 0.3 -0.3
v 0.5 0.4 -0.3
v 0.5 0.6 -0.3
v 0.5 0.7 -0.3
v 0.5 0.8 -0.3
v 0.5 1.1 -0.3
v 0.5 1.2 -0.3
v 0.5 1.5 -0.3
v 0.5 1.6 -0.3
v 0.5 2 -0.3
v 0.6 0.3 -0.3
v 0.6 0.4 -0.3
v 0.6 0.6 -0.3
v 0.6 0.7 -0.3
v 0.6 0.8 -0.3
v 0.6 1.1 -0.3
v 0.6 1.2 -0.3
v 0.6 1.5 -0.3
v 0.6 1.6 -0.3
v 0.7 0.2 -0.3
v 0.7 0.3 -0.3
v 0.7 0.7 -0.3
v 0.7 0.8 -0.3
v 0.7 1.1 -0.3
v 0.7 1.2 -0.3
v 0.7 1.5 -0.3
v 0.7 1.6 -0.3
v 0.7 1.7 -0.3
v 0.7 1.8 -0.3
v 0.7 2 -0.3
v 0.7 2.1 -0.3
v 0.8 0 -0.3
v 0.8 0.2 -0.3
v 0.8 0.3 -0.3
v 0.8 0.8 -0.3
v 0.8 1.2 -0.3
v 0.8 1.5 -0.3
v 0.8 1.7 -0.3
v 0.8 2 -0.3
v 0.9 0 -0.3
v 0.9 0.2 -0.3
v -1.5 3.5 -0.4
v -1.5 3.6 -0.4
v -1.4 3.5 -0.4
v -1.4 3.6 -0.4
v -1.4 3.7 -0.4
v -1.3 1.2 -0.4
v -1.3 1.6 -0.4
v -1.3 2.1 -0.4
v -1.3 2.2 -0.4
v -1.3 2.5 -0.4
v -1.3 2.6 -0.4
v -1.3 2.7 -0.4
v -1.3 2.8 -0.4
v -1.3 3.6 -0.4
v -1.3 3.7 -0.4
v -1.2 1.2 -0.4
v -1.2 1.5 -0.4
v -1.2 1.6 -0.4
v -1.2 1.9 -0.4
v -1.2 2.1 -0.4
v -1.2 2.2 -0.4
v -1.2 2.5 -0.4
v -1.2 2.6 -0.4
v -1.2 2.7 -0.4
v -1.2 2.8 -0.4
v -1.1 1.5 -0.4
v -1.1 1.9 -0.4
v -1 1.9 -0.4
v -1 2 -0.4
v -1 2.1 -0.4
v -1 2.2 -0.4
v -1 2.5 -0.4
v -1 2.6 -0.4
v -0.9 2 -0.4
v -0.9 2.2 -0.4
v -0.9 2.5 -0.4
v -0.9 2.7 -0.4
v -0.9 2.8 -0.4
v -0.8 0 -0.4
v -0.8 0.2 -0.4
v -0.8 2.7 -0.4
v -0.8 2.8 -0.4
v -0.8 2.9 -0.4
v -0.7 0 -0.4
v -0.7 0.2 -0.4
v -0.7 0.3 -0.4
v -0.7 0.8 -0.4
v -0.7 1.1 -0.4
v -0.7 1.6 -0.4
v -0.7 1.8 -0.4
v -0.7 2 -0.4
v -0.7 2.8 -0.4
v -0.7 2.9 -0.4
v -0.7 3 -0.4
v -0.7 3.5 -0.4
v -0.7 3.6 -0.4
v -0.6 0.3 -0.4
v -0.6 0.4 -0.4
v -0.6 0.7 -0.4
v -0.6 0.8 -0.4
v -0.6 1.1 -0.4
v -0.6 1.2 -0.4
v -0.6 1.5 -0.4
v -0.6 1.6 -0.4
v -0.6 1.8 -0.4
v -0.6 1.9 -0.4
v -0.6 2.9 -0.4
v -0.6 3 -0.4
v -0.6 3.5 -0.4
v -0.6 3.6 -0.4
v -0.5 0.3 -0.4
v -0.5 0.4 -0.4
v -0.5 0.7 -0.4
v -0.5 0.8 -0.4
v -0.5 1.1 -0.4
v -0.5 1.2 -0.4
v -0.5 1.5 -0.4
v -0.5 1.6 -0.4
v -0.5 1.9 -0.4
v -0.5 2 -0.4
v -0.5 3.1 -0.4
v -0.5 3.5 -0.4
v -0.5 3.7 -0.4
v -0.5 3.8 -0.4
v -0.4 0 -0.4
v -0.4 0.2 -0.4
v -0.4 0.3 -0.4
v -0.4 0.8 -0.4
v -0.4 1.1 -0.4
v -0.4 1.6 -0.4
v -0.4 2 -0.4
v -0.4 2.8 -0.4
v -0.4 3 -0.4
v -0.4 3.1 -0.4
v -0.4 3.7 -0.4
v -0.4 3.8 -0.4
v -0.3 0 -0.4
v -0.3 0.2 -0.4
v -0.3 1.7 -0.4
v -0.3 1.9 -0.4
v -0.3 2.6 -0.4
v -0.3 2.8 -0.4
v -0.3 3 -0.4
v -0.2 1.6 -0.4
v -0.2 1.7 -0.4
v -0.2 1.9 -0.4
v -0.2 2 -0.4
v -0.2 2.1 -0.4
v -0.2 2.4 -0.4
v -0.2 2.5 -0.4
v -0.2 2.6 -0.4
v -0.2 2.8 -0.4
v -0.2 3.9 -0.4
v -0.2 4 -0.4
v -0.1 1.5 -0.4
v -0.1 1.6 -0.4
v -0.1 1.7 -0.4
v -0.1 2 -0.4
v -0.1 2.1 -0.4
v -0.1 2.4 -0.4
v 0.1 1.5 -0.4
v 0.1 1.6 -0.4
v 0.1 1.7 -0.4
v 0.1 2 -0.4
v 0.1 2.1 -0.4
v 0.1 2.4 -0.4
v 0.2 1.6 -0.4
v 0.2 1.7 -0.4
v 0.2 1.9 -0.4
v 0.2 2 -0.4
v 0.2 2.1 -0.4
v 0.2 2.4 -0.4
v 0.2 2.5 -0.4
v 0.2 2.6 -0.4
v 0.2 2.8 -0.4
v 0.2 3.9 -0.4
v 0.2 4 -0.4
v 0.3 0 -0.4
v 0.3 0.2 -0.4
v 0.3 1.7 -0.4
v 0.3 1.9 -0.4
v 0.3 2.6 -0.4
v 0.3 2.8 -0.4
v 0.3 3 -0.4
v 0.4 0 -0.4
v 0.4 0.2 -0.4
v 0.4 0.3 -0.4
v 0.4 0.8 -0.4
v 0.4 1.1 -0.4
v 0.4 1.6 -0.4
v 0.4 2 -0.4
v 0.4 2.8 -0.4
v 0.4 3 -0.4
v 0.4 3.7 -0.4
v 0.4 3.8 -0.4
v 0.5 0.3 -0.4
v 0.5 0.4 -0.4
v 0.5 0.7 -0.4
v 0.5 0.8 -0.4
v 0.5 1.1 -0.4
v 0.5 1.2 -0.4
v 0.5 1.5 -0.4
v 0.5 1.6 -0.4
v 0.5 1.9 -0.4
v 0.5 2 -0.4
v 0.5 3 -0.4
v 0.5 3.1 -0.4
v 0.5 3.5 -0.4
v 0.5 3.7 -0.4
v 0.5 3.8 -0.4
v 0.6 0.3 -0.4
v 0.6 0.4 -0.4
v 0.6 0.7 -0.4
v 0.6 0.8 -0.4
v 0.6 1.1 -0.4
v 0.6 1.2 -0.4
v 0.6 1.5 -0.4
v 0.6 1.6 -0.4
v 0.6 1.8 -0.4
v 0.6 1.9 -0.4
v 0.6 2.9 -0.4
v 0.6 3 -0.4
v 0.6 3.5 -0.4
v 0.6 3.6 -0.4
v 0.7 0 -0.4
v 0.7 0.2 -0.4
v 0.7 0.3 -0.4
v 0.7 0.8 -0.4
v 0.7 1.1 -0.4
v 0.7 1.6 -0.4
v 0.7 1.8 -0.4
v 0.7 2 -0.4
v 0.7 2.8 -0.4
v 0.7 2.9 -0.4
v 0.7 3 -0.4
v 0.7 3.5 -0.4
v 0.7 3.6 -0.4
v 0.8 0 -0.4
v 0.8 0.2 -0.4
v 0.8 2.7 -0.4
v 0.8 2.8 -0.4
v 0.8 2.9 -0.4
v 0.9 2 -0.4
v 0.9 2.2 -0.4
v 0.9 2.5 -0.4
v 0.9 2.7 -0.4
v 0.9 2.8 -0.4
v 1 1.9 -0.4
v 1 2 -0.4
v 1 2.1 -0.4
v 1 2.2 -0.4
v 1 2.5 -0.4
v 1 2.6 -0.4
v 1.1 1.5 -0.4
v 1.1 1.9 -0.4
v 1.2 1.2 -0.4
v 1.2 1.5 -0.4
v 1.2 1.6 -0.4
v 1.2 1.9 -0.4
v 1.2 2.1 -0.4
v 1.2 2.2 -0.4
v 1.2 2.5 -0.4
v 1.2 2.6 -0.4
v 1.2 2.7 -0.4
v 1.2 2.8 -0.4
v 1.3 1.2 -0.4
v 1.3 1.6 -0.4
v 1.3 2.1 -0.4
v 1.3 2.2 -0.4
v 1.3 2.5 -0.4
v 1.3 2.6 -0.4
v 1.3 2.7 -0.4
v 1.3 2.8 -0.4
v 1.3 3.6 -0.4
v 1.3 3.7 -0.4
v 1.4 3.5 -0.4
v 1.4 3.6 -0.4
v 1.4 3.7 -0.4
v 1.5 3.5 -0.4
v 1.5 3.6 -0.4
v -1.5 2.9 -0.5
v -1.5 3.5 -0.5
v -1.4 2.8 -0.5
v -1.4 2.9 -0.5
v -1.4 3.5 -0.5
v -1.4 3.6 -0.5
v -1.3 2.2 -0.5
v -1.3 2.5 -0.5
v -1.3 2.8 -0.5
v -1.3 2.9 -0.5
v -1.3 3.5 -0.5
v -1.3 3.6 -0.5
v -1.3 3.7 -0.5
v -1.2 2.1 -0.5
v -1.2 2.2 -0.5
v -1.2 2.5 -0.5
v -1.2 2.6 -0.5
v -1.2 2.7 -0.5
v -1.2 2.8 -0.5
v -1.2 3.6 -0.5
v -1.2 3.7 -0.5
v -1.1 1.5 -0.5
v -1.1 1.9 -0.5
v -1 1.5 -0.5
v -1 1.6 -0.5
v -1 1.9 -0.5
v -1 2 -0.5
v -1 2.1 -0.5
v -1 2.2 -0.5
v -1 2.5 -0.5
v -1 2.6 -0.5
v -0.9 1.6 -0.5
v -0.9 2 -0.5
v -0.9 2.2 -0.5
v -0.9 2.5 -0.5
v -0.9 2.7 -0.5
v -0.9 2.8 -0.5
v -0.8 3.6 -0.5
v -0.8 3.7 -0.5
v -0.7 0 -0.5
v -0.7 0.2 -0.5
v -0.7 3 -0.5
v -0.7 3.5 -0.5
v -0.7 3.6 -0.5
v -0.7 3.7 -0.5
v -0.6 3 -0.5
v -0.6 3.5 -0.5
v -0.5 3.6 -0.5
v -0.5 3.7 -0.5
v -0.4 0 -0.5
v -0.4 0.2 -0.5
v -0.4 3 -0.5
v -0.4 3.1 -0.5
v -0.4 3.6 -0.5
v -0.4 3.7 -0.5
v -0.4 3.8 -0.5
v -0.3 2.8 -0.5
v -0.3 3 -0.5
v -0.3 3.1 -0.5
v -0.3 3.7 -0.5
v -0.3 3.8 -0.5
v -0.3 3.9 -0.5
v -0.3 4.3 -0.5
v -0.3 4.5 -0.5
v -0.2 1.7 -0.5
v -0.2 2 -0.5
v -0.2 2.5 -0.5
v -0.2 2.8 -0.5
v -0.2 3 -0.5
v -0.2 3.8 -0.5
v -0.2 3.9 -0.5
v -0.2 4.2 -0.5
v -0.2 4.3 -0.5
v -0.2 4.5 -0.5
v -0.2 4.6 -0.5
v -0.1 1.6 -0.5
v -0.1 1.7 -0.5
v -0.1 2 -0.5
v -0.1 2.1 -0.5
v -0.1 2.7 -0.5
v -0.1 2.8 -0.5
v -0.1 4.1 -0.5
v -0.1 4.2 -0.5
v -0.1 4.3 -0.5
v -0.1 4.5 -0.5
v -0.1 4.6 -0.5
v -0.1 4.7 -0.5
v 0.1 1.6 -0.5
v 0.1 1.7 -0.5
v 0.1 2 -0.5
v 0.1 2.1 -0.5
v 0.1 2.7 -0.5
v 0.1 2.8 -0.5
v 0.1 4.1 -0.5
v 0.1 4.2 -0.5
v 0.1 4.3 -0.5
v 0.1 4.5 -0.5
v 0.1 4.6 -0.5
v 0.1 4.7 -0.5
v 0.2 1.7 -0.5
v 0.2 2 -0.5
v 0.2 2.5 -0.5
v 0.2 2.8 -0.5
v 0.2 3 -0.5
v 0.2 3.8 -0.5
v 0.2 3.9 -0.5
v 0.2 4.2 -0.5
v 0.2 4.3 -0.5
v 0.2 4.5 -0.5
v 0.2 4.6 -0.5
v 0.3 2.8 -0.5
v 0.3 3 -0.5
v 0.3 3.1 -0.5
v 0.3 3.7 -0.5
v 0.3 3.8 -0.5
v 0.3 3.9 -0.5
v 0.3 4.3 -0.5
v 0.3 4.5 -0.5
v 0.4 0 -0.5
v 0.4 0.2 -0.5
v 0.4 3 -0.5
v 0.4 3.1 -0.5
v 0.4 3.6 -0.5
v 0.4 3.7 -0.5
v 0.4 3.8 -0.5
v 0.5 3.6 -0.5
v 0.5 3.7 -0.5
v 0.6 3 -0.5
v 0.6 3.5 -0.5
v 0.7 0 -0.5
v 0.7 0.2 -0.5
v 0.7 3 -0.5
v 0.7 3.5 -0.5
v 0.7 3.6 -0.5
v 0.7 3.7 -0.5
v 0.8 3.6 -0.5
v 0.8 3.7 -0.5
v 0.9 1.6 -0.5
v 0.9 2 -0.5
v 0.9 2.2 -0.5
v 0.9 2.5 -0.5
v 0.9 2.7 -0.5
v 0.9 2.8 -0.5
v 1 1.5 -0.5
v 1 1.6 -0.5
v 1 1.9 -0.5
v 1 2 -0.5
v 1 2.1 -0.5
v 1 2.2 -0.5
v 1 2.5 -0.5
v 1 2.6 -0.5
v 1.1 1.5 -0.5
v 1.1 1.9 -0.5
v 1.2 2.1 -0.5
v 1.2 2.2 -0.5
v 1.2 2.5 -0.5
v 1.2 2.6 -0.5
v 1.2 2.7 -0.5
v 1.2 2.8 -0.5
v 1.2 3.6 -0.5
v 1.2 3.7 -0.5
v 1.3 2.2 -0.5
v 1.3 2.5 -0.5
v 1.3 2.8 -0.5
v 1.3 2.9 -0.5
v 1.3 3.5 -0.5
v 1.3 3.6 -0.5
v 1.3 3.7 -0.5
v 1.4 2.8 -0.5
v 1.4 2.9 -0.5
v 1.4 3.5 -0.5
v 1.4 3.6 -0.5
v 1.5 2.9 -0.5
v 1.5 3.5 -0.5
v -1.4 2.9 -0.6
v -1.4 3.5 -0.6
v -1.3 2.8 -0.6
v -1.3 2.9 -0.6
v -1.3 3 -0.6
v -1.3 3.5 -0.6
v -1.3 3.6 -0.6
v -1.2 2.9 -0.6
v -1.2 3 -0.6
v -1.2 3.5 -0.6
v -1.2 3.6 -0.6
v -1.2 3.7 -0.6
v -1 1.2 -0.6
v -1 1.6 -0.6
v -0.9 1.2 -0.6
v -0.9 1.6 -0.6
v -0.9 2.9 -0.6
v -0.9 3 -0.6
v -0.9 3.5 -0.6
v -0.9 3.6 -0.6
v -0.8 2.8 -0.6
v -0.8 2.9 -0.6
v -0.8 3 -0.6
v -0.8 3.5 -0.6
v -0.8 3.6 -0.6
v -0.8 3.7 -0.6
v -0.7 2.9 -0.6
v -0.7 3.6 -0.6
v -0.5 3.1 -0.6
v -0.5 3.6 -0.6
v -0.4 3.6 -0.6
v -0.4 3.7 -0.6
v -0.3 3 -0.6
v -0.3 3.1 -0.6
v -0.3 3.7 -0.6
v -0.3 3.8 -0.6
v -0.2 2.8 -0.6
v -0.2 3 -0.6
v -0.2 3.1 -0.6
v -0.2 3.7 -0.6
v -0.2 3.8 -0.6
v -0.2 3.9 -0.6
v -0.2 4.3 -0.6
v -0.2 4.5 -0.6
v -0.1 2.7 -0.6
v -0.1 2.8 -0.6
v -0.1 2.9 -0.6
v -0.1 3 -0.6
v -0.1 4.2 -0.6
v -0.1 4.3 -0.6
v -0.1 4.5 -0.6
v -0.1 4.6 -0.6
v 0.1 2.7 -0.6
v 0.1 2.8 -0.6
v 0.1 2.9 -0.6
v 0.1 3 -0.6
v 0.1 4.2 -0.6
v 0.1 4.3 -0.6
v 0.1 4.5 -0.6
v 0.1 4.6 -0.6
v 0.2 2.8 -0.6
v 0.2 3 -0.6
v 0.2 3.1 -0.6
v 0.2 3.7 -0.6
v 0.2 3.8 -0.6
v 0.2 3.9 -0.6
v 0.2 4.3 -0.6
v 0.2 4.5 -0.6
v 0.3 3 -0.6
v 0.3 3.1 -0.6
v 0.3 3.7 -0.6
v 0.3 3.8 -0.6
v 0.4 3.6 -0.6
v 0.4 3.7 -0.6
v 0.5 3.1 -0.6
v 0.5 3.6 -0.6
v 0.7 2.9 -0.6
v 0.7 3.6 -0.6
v 0.8 2.8 -0.6
v 0.8 2.9 -0.6
v 0.8 3 -0.6
v 0.8 3.5 -0.6
v 0.8 3.6 -0.6
v 0.8 3.7 -0.6
v 0.9 1.2 -0.6
v 0.9 1.6 -0.6
v 0.9 2.9 -0.6
v 0.9 3 -0.6
v 0.9 3.5 -0.6
v 0.9 3.6 -0.6
v 1 1.2 -0.6
v 1 1.6 -0.6
v 1.2 2.9 -0.6
v 1.2 3 -0.6
v 1.2 3.5 -0.6
v 1.2 3.6 -0.6
v 1.2 3.7 -0.6
v 1.3 2.8 -0.6
v 1.3 2.9 -0.6
v 1.3 3 -0.6
v 1.3 3.5 -0.6
v 1.3 3.6 -0.6
v 1.4 2.9 -0.6
v 1.4 3.5 -0.6
v -1.3 3 -0.7
v -1.3 3.5 -0.7
v -1.2 2.9 -0.7
v -1.2 3 -0.7
v -1.2 3.5 -0.7
v -1.2 3.6 -0.7
v -0.9 2.9 -0.7
v -0.9 3 -0.7
v -0.9 3.5 -0.7
v -0.9 3.6 -0.7
v -0.8 3 -0.7
v -0.8 3.5 -0.7
v -0.3 3.1 -0.7
v -0.3 3.7 -0.7
v -0.2 3 -0.7
v -0.2 3.1 -0.7
v -0.2 3.7 -0.7
v -0.2 3.8 -0.7
v -0.1 2.9 -0.7
v -0.1 3 -0.7
v -0.1 4.3 -0.7
v -0.1 4.5 -0.7
v 0.1 2.9 -0.7
v 0.1 3 -0.7
v 0.1 4.3 -0.7
v 0.1 4.5 -0.7
v 0.2 3 -0.7
v 0.2 3.1 -0.7
v 0.2 3.7 -0.7
v 0.2 3.8 -0.7
v 0.3 3.1 -0.7
v 0.3 3.7 -0.7
v 0.8 3 -0.7
v 0.8 3.5 -0.7
v 0.9 2.9 -0.7
v 0.9 3 -0.7
v 0.9 3.5 -0.7
v 0.9 3.6 -0.7
v 1.2 2.9 -0.7
v 1.2 3 -0.7
v 1.2 3.5 -0.7
v 1.2 3.6 -0.7
v 1.3 3 -0.7
v 1.3 3.5 -0.7
v -0.7 0 0.2
v -0.4 0 0.2
v 0.4 0 0.2
v 0.7 0 0.2
v -0.8 0 0.1
v -0.7 0 0.1
v -0.4 0 0.1
v -0.3 0 0.1
v 0.3 0 0.1
v 0.4 0 0.1
v 0.7 0 0.1
v 0.8 0 0.1
v -0.9 0 0
v -0.8 0 0
v -0.3 0 0
v -0.2 0 0
v 0.2 0 0
v 0.3 0 0
v 0.8 0 0
v 0.9 0 0
v -0.9 0 -0.3
v -0.8 0 -0.3
v -0.3 0 -0.3
v -0.2 0 -0.3
v 0.2 0 -0.3
v 0.3 0 -0.3
v 0.8 0 -0.3
v 0.9 0 -0.3
v -0.8 0 -0.4
v -0.7 0 -0.4
v -0.4 0 -0.4
v -0.3 0 -0.4
v 0.3 0 -0.4
v 0.4 0 -0.4
v 0.7 0 -0.4
v 0.8 0 -0.4
v -0.7 0 -0.5
v -0.4 0 -0.5
v 0.4 0 -0.5
v 0.7 0 -0.5
v -0.6 0.7 0.1
v -0.5 0.7 0.1
v 0.5 0.7 0.1
v 0.6 0.7 0.1
v -0.6 0.7 0
v -0.5 0.7 0
v 0.5 0.7 0
v 0.6 0.7 0
v -0.8 0.7 -0.1
v -0.7 0.7 -0.1
v 0.7 0.7 -0.1
v 0.8 0.7 -0.1
v -0.8 0.7 -0.2
v -0.7 0.7 -0.2
v 0.7 0.7 -0.2
v 0.8 0.7 -0.2
v -0.6 0.7 -0.3
v -0.5 0.7 -0.3
v 0.5 0.7 -0.3
v 0.6 0.7 -0.3
v -0.6 0.7 -0.4
v -0.5 0.7 -0.4
v 0.5 0.7 -0.4
v 0.6 0.7 -0.4
v -0.7 0.8 0.1
v -0.6 0.8 0.1
v -0.5 0.8 0.1
v -0.4 0.8 0.1
v 0.4 0.8 0.1
v 0.5 0.8 0.1
v 0.6 0.8 0.1
v 0.7 0.8 0.1
v -0.8 0.8 0
v -0.7 0.8 0
v -0.6 0.8 0
v -0.5 0.8 0
v -0.4 0.8 0
v 0.4 0.8 0
v 0.5 0.8 0
v 0.6 0.8 0
v 0.7 0.8 0
v 0.8 0.8 0
v -0.8 0.8 -0.1
v -0.7 0.8 -0.1
v 0.7 0.8 -0.1
v 0.8 0.8 -0.1
v -0.8 0.8 -0.2
v -0.7 0.8 -0.2
v 0.7 0.8 -0.2
v 0.8 0.8 -0.2
v -0.8 0.8 -0.3
v -0.7 0.8 -0.3
v -0.6 0.8 -0.3
v -0.5 0.8 -0.3
v -0.4 0.8 -0.3
v 0.4 0.8 -0.3
v 0.5 0.8 -0.3
v 0.6 0.8 -0.3
v 0.7 0.8 -0.3
v 0.8 0.8 -0.3
v -0.7 0.8 -0.4
v -0.6 0.8 -0.4
v -0.5 0.8 -0.4
v -0.4 0.8 -0.4
v 0.4 0.8 -0.4
v 0.5 0.8 -0.4
v 0.6 0.8 -0.4
v 0.7 0.8 -0.4
v -1 1.2 0.1
v -0.9 1.2 0.1
v 0.9 1.2 0.1
v 1 1.2 0.1
v -1 1.2 0
v -0.9 1.2 0
v 0.9 1.2 0
v 1 1.2 0
v -1.3 1.2 -0.1
v -1.2 1.2 -0.1
v 1.2 1.2 -0.1
v 1.3 1.2 -0.1
v -1.3 1.2 -0.2
v -1.2 1.2 -0.2
v 1.2 1.2 -0.2
v 1.3 1.2 -0.2
v -1.3 1.2 -0.3
v -1.2 1.2 -0.3
v 1.2 1.2 -0.3
v 1.3 1.2 -0.3
v -1.3 1.2 -0.4
v -1.2 1.2 -0.4
v 1.2 1.2 -0.4
v 1.3 1.2 -0.4
v -1 1.2 -0.5
v -0.9 1.2 -0.5
v 0.9 1.2 -0.5
v 1 1.2 -0.5
v -1 1.2 -0.6
v -0.9 1.2 -0.6
v 0.9 1.2 -0.6
v 1 1.2 -0.6
v -0.7 1.5 0.1
v -0.5 1.5 0.1
v -0.1 1.5 0.1
v 0.1 1.5 0.1
v 0.5 1.5 0.1
v 0.7 1.5 0.1
v -1.1 1.5 0
v -1 1.5 0
v -0.9 1.5 0
v -0.8 1.5 0
v -0.7 1.5 0
v -0.5 1.5 0
v -0.2 1.5 0
v -0.1 1.5 0
v 0.1 1.5 0
v 0.2 1.5 0
v 0.5 1.5 0
v 0.7 1.5 0
v 0.8 1.5 0
v 0.9 1.5 0
v 1 1.5 0
v 1.1 1.5 0
v -1.2 1.5 -0.1
v -1.1 1.5 -0.1
v -0.8 1.5 -0.1
v -0.7 1.5 -0.1
v 0.7 1.5 -0.1
v 0.8 1.5 -0.1
v 1.1 1.5 -0.1
v 1.2 1.5 -0.1
v -1.2 1.5 -0.2
v -0.8 1.5 -0.2
v -0.7 1.5 -0.2
v 0.7 1.5 -0.2
v 0.8 1.5 -0.2
v 1.2 1.5 -0.2
v -1.2 1.5 -0.3
v -0.8 1.5 -0.3
v -0.7 1.5 -0.3
v -0.6 1.5 -0.3
v -0.5 1.5 -0.3
v -0.2 1.5 -0.3
v -0.1 1.5 -0.3
v 0.1 1.5 -0.3
v 0.2 1.5 -0.3
v 0.5 1.5 -0.3
v 0.6 1.5 -0.3
v 0.7 1.5 -0.3
v 0.8 1.5 -0.3
v 1.2 1.5 -0.3
v -1.2 1.5 -0.4
v -1.1 1.5 -0.4
v -0.6 1.5 -0.4
v -0.5 1.5 -0.4
v -0.1 1.5 -0.4
v 0.1 1.5 -0.4
v 0.5 1.5 -0.4
v 0.6 1.5 -0.4
v 1.1 1.5 -0.4
v 1.2 1.5 -0.4
v -1.1 1.5 -0.5
v -1 1.5 -0.5
v -0.9 1.5 -0.5
v 0.9 1.5 -0.5
v 1 1.5 -0.5
v 1.1 1.5 -0.5
v -0.1 1.6 0.2
v 0.1 1.6 0.2
v -0.5 1.6 0.1
v -0.4 1.6 0.1
v -0.2 1.6 0.1
v -0.1 1.6 0.1
v 0.1 1.6 0.1
v 0.2 1.6 0.1
v 0.4 1.6 0.1
v 0.5 1.6 0.1
v -0.5 1.6 0
v -0.4 1.6 0
v -0.3 1.6 0
v -0.2 1.6 0
v -0.1 1.6 0
v 0.1 1.6 0
v 0.2 1.6 0
v 0.3 1.6 0
v 0.4 1.6 0
v 0.5 1.6 0
v -0.7 1.6 -0.3
v -0.6 1.6 -0.3
v -0.5 1.6 -0.3
v -0.4 1.6 -0.3
v -0.3 1.6 -0.3
v -0.2 1.6 -0.3
v -0.1 1.6 -0.3
v 0.1 1.6 -0.3
v 0.2 1.6 -0.3
v 0.3 1.6 -0.3
v 0.4 1.6 -0.3
v 0.5 1.6 -0.3
v 0.6 1.6 -0.3
v 0.7 1.6 -0.3
v -0.7 1.6 -0.4
v -0.6 1.6 -0.4
v -0.5 1.6 -0.4
v -0.4 1.6 -0.4
v -0.2 1.6 -0.4
v -0.1 1.6 -0.4
v 0.1 1.6 -0.4
v 0.2 1.6 -0.4
v 0.4 1.6 -0.4
v 0.5 1.6 -0.4
v 0.6 1.6 -0.4
v 0.7 1.6 -0.4
v -0.1 1.6 -0.5
v 0.1 1.6 -0.5
v -0.2 1.7 0.2
v -0.1 1.7 0.2
v 0.1 1.7 0.2
v 0.2 1.7 0.2
v -0.3 1.7 0.1
v -0.2 1.7 0.1
v -0.1 1.7 0.1
v 0.1 1.7 0.1
v 0.2 1.7 0.1
v 0.3 1.7 0.1
v -0.4 1.7 0
v -0.3 1.7 0
v -0.2 1.7 0
v 0.2 1.7 0
v 0.3 1.7 0
v 0.4 1.7 0
v -0.4 1.7 -0.3
v -0.3 1.7 -0.3
v -0.2 1.7 -0.3
v 0.2 1.7 -0.3
v 0.3 1.7 -0.3
v 0.4 1.7 -0.3
v -0.3 1.7 -0.4
v -0.2 1.7 -0.4
v -0.1 1.7 -0.4
v 0.1 1.7 -0.4
v 0.2 1.7 -0.4
v 0.3 1.7 -0.4
v -0.2 1.7 -0.5
v -0.1 1.7 -0.5
v 0.1 1.7 -0.5
v 0.2 1.7 -0.5
v -1.3 2.1 -0.2
v -1.2 2.1 -0.2
v 1.2 2.1 -0.2
v 1.3 2.1 -0.2
v -1.3 2.1 -0.4
v -1.2 2.1 -0.4
v -1 2.1 -0.4
v 1 2.1 -0.4
v 1.2 2.1 -0.4
v 1.3 2.1 -0.4
v -1.2 2.1 -0.5
v -1 2.1 -0.5
v 1 2.1 -0.5
v 1.2 2.1 -0.5
v -1.3 2.2 -0.1
v -1.2 2.2 -0.1
v 1.2 2.2 -0.1
v 1.3 2.2 -0.1
v -1.3 2.2 -0.2
v -1.2 2.2 -0.2
v 1.2 2.2 -0.2
v 1.3 2.2 -0.2
v -1.3 2.2 -0.4
v -1.2 2.2 -0.4
v -1 2.2 -0.4
v -0.9 2.2 -0.4
v 0.9 2.2 -0.4
v 1 2.2 -0.4
v 1.2 2.2 -0.4
v 1.3 2.2 -0.4
v -1.3 2.2 -0.5
v -1.2 2.2 -0.5
v -1 2.2 -0.5
v -0.9 2.2 -0.5
v 0.9 2.2 -0.5
v 1 2.2 -0.5
v 1.2 2.2 -0.5
v 1.3 2.2 -0.5
v -0.2 2.4 0
v -0.1 2.4 0
v 0.1 2.4 0
v 0.2 2.4 0
v -0.2 2.4 -0.1
v -0.1 2.4 -0.1
v 0.1 2.4 -0.1
v 0.2 2.4 -0.1
v -0.2 2.4 -0.3
v -0.1 2.4 -0.3
v 0.1 2.4 -0.3
v 0.2 2.4 -0.3
v -0.2 2.4 -0.4
v -0.1 2.4 -0.4
v 0.1 2.4 -0.4
v 0.2 2.4 -0.4
v -0.2 2.5 0.1
v 0.2 2.5 0.1
v -0.3 2.5 0
v -0.2 2.5 0
v 0.2 2.5 0
v 0.3 2.5 0
v -0.3 2.5 -0.3
v -0.2 2.5 -0.3
v 0.2 2.5 -0.3
v 0.3 2.5 -0.3
v -0.2 2.5 -0.4
v 0.2 2.5 -0.4
v -0.2 2.5 -0.5
v 0.2 2.5 -0.5
v -0.2 2.6 0.2
v 0.2 2.6 0.2
v -0.3 2.6 0.1
v -0.2 2.6 0.1
v 0.2 2.6 0.1
v 0.3 2.6 0.1
v -0.3 2.6 0
v -0.2 2.6 0
v 0.2 2.6 0
v 0.3 2.6 0
v -0.3 2.6 -0.3
v -0.2 2.6 -0.3
v 0.2 2.6 -0.3
v 0.3 2.6 -0.3
v -0.3 2.6 -0.4
v -0.2 2.6 -0.4
v 0.2 2.6 -0.4
v 0.3 2.6 -0.4
v -0.1 2.7 0.3
v 0.1 2.7 0.3
v -0.1 2.7 0.2
v 0.1 2.7 0.2
v -1.2 2.7 0
v -0.9 2.7 0
v 0.9 2.7 0
v 1.2 2.7 0
v -1.3 2.7 -0.1
v -1.2 2.7 -0.1
v -0.9 2.7 -0.1
v -0.8 2.7 -0.1
v 0.8 2.7 -0.1
v 0.9 2.7 -0.1
v 1.2 2.7 -0.1
v 1.3 2.7 -0.1
v -1.3 2.7 -0.4
v -1.2 2.7 -0.4
v -0.9 2.7 -0.4
v -0.8 2.7 -0.4
v 0.8 2.7 -0.4
v 0.9 2.7 -0.4
v 1.2 2.7 -0.4
v 1.3 2.7 -0.4
v -1.2 2.7 -0.5
v -0.9 2.7 -0.5
v -0.1 2.7 -0.5
v 0.1 2.7 -0.5
v 0.9 2.7 -0.5
v 1.2 2.7 -0.5
v -0.1 2.7 -0.6
v 0.1 2.7 -0.6
v -0.2 2.8 0.3
v -0.1 2.8 0.3
v 0.1 2.8 0.3
v 0.2 2.8 0.3
v -0.3 2.8 0.2
v -0.2 2.8 0.2
v -0.1 2.8 0.2
v 0.1 2.8 0.2
v 0.2 2.8 0.2
v 0.3 2.8 0.2
v -1.3 2.8 0.1
v -0.8 2.8 0.1
v -0.4 2.8 0.1
v -0.3 2.8 0.1
v -0.2 2.8 0.1
v 0.2 2.8 0.1
v 0.3 2.8 0.1
v 0.4 2.8 0.1
v 0.8 2.8 0.1
v 1.3 2.8 0.1
v -1.4 2.8 0
v -1.3 2.8 0
v -1.2 2.8 0
v -0.9 2.8 0
v -0.3 2.8 0
v 0.3 2.8 0
v 0.9 2.8 0
v 1.2 2.8 0
v 1.3 2.8 0
v 1.4 2.8 0
v -1.3 2.8 -0.1
v -1.2 2.8 -0.1
v -0.9 2.8 -0.1
v -0.8 2.8 -0.1
v -0.7 2.8 -0.1
v 0.7 2.8 -0.1
v 0.8 2.8 -0.1
v 0.9 2.8 -0.1
v 1.2 2.8 -0.1
v 1.3 2.8 -0.1
v -0.3 2.8 -0.3
v 0.3 2.8 -0.3
v -1.3 2.8 -0.4
v -1.2 2.8 -0.4
v -0.9 2.8 -0.4
v -0.8 2.8 -0.4
v -0.7 2.8 -0.4
v -0.4 2.8 -0.4
v -0.3 2.8 -0.4
v -0.2 2.8 -0.4
v 0.2 2.8 -0.4
v 0.3 2.8 -0.4
v 0.4 2.8 -0.4
v 0.7 2.8 -0.4
v 0.8 2.8 -0.4
v 0.9 2.8 -0.4
v 1.2 2.8 -0.4
v 1.3 2.8 -0.4
v -1.4 2.8 -0.5
v -1.3 2.8 -0.5
v -1.2 2.8 -0.5
v -0.9 2.8 -0.5
v -0.3 2.8 -0.5
v -0.2 2.8 -0.5
v -0.1 2.8 -0.5
v 0.1 2.8 -0.5
v 0.2 2.8 -0.5
v 0.3 2.8 -0.5
v 0.9 2.8 -0.5
v 1.2 2.8 -0.5
v 1.3 2.8 -0.5
v 1.4 2.8 -0.5
v -1.3 2.8 -0.6
v -0.8 2.8 -0.6
v -0.2 2.8 -0.6
v -0.1 2.8 -0.6
v 0.1 2.8 -0.6
v 0.2 2.8 -0.6
v 0.8 2.8 -0.6
v 1.3 2.8 -0.6
v -1.2 2.9 0.2
v -0.9 2.9 0.2
v 0.9 2.9 0.2
v 1.2 2.9 0.2
v -1.4 2.9 0.1
v -1.3 2.9 0.1
v -1.2 2.9 0.1
v -0.9 2.9 0.1
v -0.8 2.9 0.1
v -0.7 2.9 0.1
v 0.7 2.9 0.1
v 0.8 2.9 0.1
v 0.9 2.9 0.1
v 1.2 2.9 0.1
v 1.3 2.9 0.1
v 1.4 2.9 0.1
v -1.5 2.9 0
v -1.4 2.9 0
v -1.3 2.9 0
v 1.3 2.9 0
v 1.4 2.9 0
v 1.5 2.9 0
v -0.8 2.9 -0.1
v -0.7 2.9 -0.1
v -0.6 2.9 -0.1
v 0.6 2.9 -0.1
v 0.7 2.9 -0.1
v 0.8 2.9 -0.1
v -0.8 2.9 -0.4
v -0.7 2.9 -0.4
v -0.6 2.9 -0.4
v 0.6 2.9 -0.4
v 0.7 2.9 -0.4
v 0.8 2.9 -0.4
v -1.5 2.9 -0.5
v -1.4 2.9 -0.5
v -1.3 2.9 -0.5
v 1.3 2.9 -0.5
v 1.4 2.9 -0.5
v 1.5 2.9 -0.5
v -1.4 2.9 -0.6
v -1.3 2.9 -0.6
v -1.2 2.9 -0.6
v -0.9 2.9 -0.6
v -0.8 2.9 -0.6
v -0.7 2.9 -0.6
v -0.1 2.9 -0.6
v 0.1 2.9 -0.6
v 0.7 2.9 -0.6
v 0.8 2.9 -0.6
v 0.9 2.9 -0.6
v 1.2 2.9 -0.6
v 1.3 2.9 -0.6
v 1.4 2.9 -0.6
v -1.2 2.9 -0.7
v -0.9 2.9 -0.7
v -0.1 2.9 -0.7
v 0.1 2.9 -0.7
v 0.9 2.9 -0.7
v 1.2 2.9 -0.7
v -0.3 3 0.3
v -0.2 3 0.3
v 0.2 3 0.3
v 0.3 3 0.3
v -1.3 3 0.2
v -1.2 3 0.2
v -0.9 3 0.2
v -0.8 3 0.2
v -0.4 3 0.2
v -0.3 3 0.2
v -0.2 3 0.2
v 0.2 3 0.2
v 0.3 3 0.2
v 0.4 3 0.2
v 0.8 3 0.2
v 0.9 3 0.2
v 1.2 3 0.2
v 1.3 3 0.2
v -1.3 3 0.1
v -1.2 3 0.1
v -0.9 3 0.1
v -0.8 3 0.1
v -0.4 3 0.1
v -0.3 3 0.1
v 0.3 3 0.1
v 0.4 3 0.1
v 0.8 3 0.1
v 0.9 3 0.1
v 1.2 3 0.1
v 1.3 3 0.1
v -0.7 3 0
v -0.6 3 0
v 0.6 3 0
v 0.7 3 0
v -0.7 3 -0.1
v -0.6 3 -0.1
v -0.4 3 -0.1
v 0.5 3 -0.1
v 0.6 3 -0.1
v 0.7 3 -0.1
v -0.7 3 -0.4
v -0.6 3 -0.4
v -0.4 3 -0.4
v -0.3 3 -0.4
v 0.3 3 -0.4
v 0.4 3 -0.4
v 0.5 3 -0.4
v 0.6 3 -0.4
v 0.7 3 -0.4
v -0.7 3 -0.5
v -0.6 3 -0.5
v -0.4 3 -0.5
v -0.3 3 -0.5
v -0.2 3 -0.5
v 0.2 3 -0.5
v 0.3 3 -0.5
v 0.4 3 -0.5
v 0.6 3 -0.5
v 0.7 3 -0.5
v -1.3 3 -0.6
v -1.2 3 -0.6
v -0.9 3 -0.6
v -0.8 3 -0.6
v -0.3 3 -0.6
v -0.2 3 -0.6
v -0.1 3 -0.6
v 0.1 3 -0.6
v 0.2 3 -0.6
v 0.3 3 -0.6
v 0.8 3 -0.6
v 0.9 3 -0.6
v 1.2 3 -0.6
v 1.3 3 -0.6
v -1.3 3 -0.7
v -1.2 3 -0.7
v -0.9 3 -0.7
v -0.8 3 -0.7
v -0.2 3 -0.7
v -0.1 3 -0.7
v 0.1 3 -0.7
v 0.2 3 -0.7
v 0.8 3 -0.7
v 0.9 3 -0.7
v 1.2 3 -0.7
v 1.3 3 -0.7
v -0.5 3.1 0
v -0.4 3.1 0
v 0.4 3.1 0
v 0.5 3.1 0
v -0.5 3.1 -0.1
v -0.4 3.1 -0.1
v 0 3.1 -0.1
v 0.1 3.1 -0.1
v 0.5 3.1 -0.1
v -0.5 3.1 -0.4
v -0.4 3.1 -0.4
v 0 3.1 -0.4
v 0.1 3.1 -0.4
v 0.5 3.1 -0.4
v -0.5 3.1 -0.5
v -0.4 3.1 -0.5
v -0.3 3.1 -0.5
v 0.3 3.1 -0.5
v 0.4 3.1 -0.5
v 0.5 3.1 -0.5
v -0.5 3.1 -0.6
v -0.3 3.1 -0.6
v -0.2 3.1 -0.6
v 0.2 3.1 -0.6
v 0.3 3.1 -0.6
v 0.5 3.1 -0.6
v -0.3 3.1 -0.7
v -0.2 3.1 -0.7
v 0.2 3.1 -0.7
v 0.3 3.1 -0.7
v -0.5 3.5 0.1
v -0.4 3.5 0.1
v 0.4 3.5 0.1
v 0.5 3.5 0.1
v -0.5 3.5 0
v -0.4 3.5 0
v 0.4 3.5 0
v 0.5 3.5 0
v -0.1 3.9 0.1
v 0.1 3.9 0.1
v -0.2 3.9 0
v -0.1 3.9 0
v 0.1 3.9 0
v 0.2 3.9 0
v -0.2 3.9 -0.1
v -0.1 3.9 -0.1
v 0.1 3.9 -0.1
v 0.2 3.9 -0.1
v -0.1 4 0.6
v 0.1 4 0.6
v -0.1 4 0.1
v 0.1 4 0.1
v -0.1 4.1 0.7
v 0.1 4.1 0.7
v -0.1 4.1 0.6
v 0.1 4.1 0.6
v -0.2 4.1 0.5
v -0.1 4.1 0.5
v 0.1 4.1 0.5
v 0.2 4.1 0.5
v -0.2 4.1 0.2
v -0.1 4.1 0.2
v 0.1 4.1 0.2
v 0.2 4.1 0.2
v -0.3 4.1 0.1
v -0.2 4.1 0.1
v -0.1 4.1 0.1
v 0.1 4.1 0.1
v 0.2 4.1 0.1
v 0.3 4.1 0.1
v -0.2 4.1 0
v -0.1 4.1 0
v 0.1 4.1 0
v 0.2 4.1 0
v -0.3 4.1 -0.2
v -0.2 4.1 -0.2
v -0.1 4.1 -0.2
v 0.1 4.1 -0.2
v 0.2 4.1 -0.2
v 0.3 4.1 -0.2
v -0.2 4.1 -0.3
v -0.1 4.1 -0.3
v 0.1 4.1 -0.3
v 0.2 4.1 -0.3
v -0.1 4.1 -0.5
v 0.1 4.1 -0.5
v -0.3 4.2 0.5
v -0.2 4.2 0.5
v 0.2 4.2 0.5
v 0.3 4.2 0.5
v -0.2 4.2 0.2
v 0.2 4.2 0.2
v -0.3 4.2 0.1
v -0.2 4.2 0.1
v 0.2 4.2 0.1
v 0.3 4.2 0.1
v -0.3 4.2 -0.2
v -0.2 4.2 -0.2
v 0.2 4.2 -0.2
v 0.3 4.2 -0.2
v -0.3 4.2 -0.3
v -0.2 4.2 -0.3
v -0.1 4.2 -0.3
v 0.1 4.2 -0.3
v 0.2 4.2 -0.3
v 0.3 4.2 -0.3
v -0.2 4.2 -0.5
v -0.1 4.2 -0.5
v 0.1 4.2 -0.5
v 0.2 4.2 -0.5
v -0.1 4.2 -0.6
v 0.1 4.2 -0.6
v -0.3 4.3 0.6
v -0.2 4.3 0.6
v 0.2 4.3 0.6
v 0.3 4.3 0.6
v -0.3 4.3 0.5
v -0.2 4.3 0.5
v 0.2 4.3 0.5
v 0.3 4.3 0.5
v -0.4 4.3 0.2
v -0.3 4.3 0.2
v -0.4 4.3 0
v -0.3 4.3 0
v -0.3 4.3 -0.3
v -0.2 4.3 -0.3
v 0.2 4.3 -0.3
v 0.3 4.3 -0.3
v -0.3 4.3 -0.5
v -0.2 4.3 -0.5
v -0.1 4.3 -0.5
v 0.1 4.3 -0.5
v 0.2 4.3 -0.5
v 0.3 4.3 -0.5
v -0.2 4.3 -0.6
v -0.1 4.3 -0.6
v 0.1 4.3 -0.6
v 0.2 4.3 -0.6
v -0.1 4.3 -0.7
v 0.1 4.3 -0.7
v -0.3 4.4 0.7
v -0.2 4.4 0.7
v 0.2 4.4 0.7
v 0.3 4.4 0.7
v -0.3 4.4 0.6
v -0.2 4.4 0.6
v -0.1 4.4 0.6
v 0.1 4.4 0.6
v 0.2 4.4 0.6
v 0.3 4.4 0.6
v -0.2 4.4 0.5
v -0.1 4.4 0.5
v 0.1 4.4 0.5
v 0.2 4.4 0.5
v -0.4 4.4 0
v -0.3 4.4 0
v -0.4 4.4 -0.1
v -0.3 4.4 -0.1
v -0.2 4.6 0.7
v -0.1 4.6 0.7
v 0.1 4.6 0.7
v 0.2 4.6 0.7
v -0.2 4.6 0.6
v -0.1 4.6 0.6
v 0.1 4.6 0.6
v 0.2 4.6 0.6
v 0.3 4.6 0.2
v 0.4 4.6 0.2
v 0.3 4.6 0.1
v 0.4 4.6 0.1
v -0.1 4.7 0.7
v 0.1 4.7 0.7
v -0.1 4.7 0.6
v 0.1 4.7 0.6
v -0.7 0.2 0.2
v -0.4 0.2 0.2
v 0.4 0.2 0.2
v 0.7 0.2 0.2
v -0.8 0.2 0.1
v -0.7 0.2 0.1
v -0.4 0.2 0.1
v -0.3 0.2 0.1
v 0.3 0.2 0.1
v 0.4 0.2 0.1
v 0.7 0.2 0.1
v 0.8 0.2 0.1
v -0.9 0.2 0
v -0.8 0.2 0
v -0.7 0.2 0
v -0.4 0.2 0
v -0.3 0.2 0
v -0.2 0.2 0
v 0.2 0.2 0
v 0.3 0.2 0
v 0.4 0.2 0
v 0.7 0.2 0
v 0.8 0.2 0
v 0.9 0.2 0
v -0.9 0.2 -0.3
v -0.8 0.2 -0.3
v -0.7 0.2 -0.3
v -0.4 0.2 -0.3
v -0.3 0.2 -0.3
v -0.2 0.2 -0.3
v 0.2 0.2 -0.3
v 0.3 0.2 -0.3
v 0.4 0.2 -0.3
v 0.7 0.2 -0.3
v 0.8 0.2 -0.3
v 0.9 0.2 -0.3
v -0.8 0.2 -0.4
v -0.7 0.2 -0.4
v -0.4 0.2 -0.4
v -0.3 0.2 -0.4
v 0.3 0.2 -0.4
v 0.4 0.2 -0.4
v 0.7 0.2 -0.4
v 0.8 0.2 -0.4
v -0.7 0.2 -0.5
v -0.4 0.2 -0.5
v 0.4 0.2 -0.5
v 0.7 0.2 -0.5
v -0.7 0.3 0.1
v -0.6 0.3 0.1
v -0.5 0.3 0.1
v -0.4 0.3 0.1
v 0.4 0.3 0.1
v 0.5 0.3 0.1
v 0.6 0.3 0.1
v 0.7 0.3 0.1
v -0.8 0.3 0
v -0.7 0.3 0
v -0.6 0.3 0
v -0.5 0.3 0
v -0.4 0.3 0
v -0.3 0.3 0
v 0.3 0.3 0
v 0.4 0.3 0
v 0.5 0.3 0
v 0.6 0.3 0
v 0.7 0.3 0
v 0.8 0.3 0
v -0.8 0.3 -0.1
v -0.7 0.3 -0.1
v -0.4 0.3 -0.1
v -0.3 0.3 -0.1
v 0.3 0.3 -0.1
v 0.4 0.3 -0.1
v 0.7 0.3 -0.1
v 0.8 0.3 -0.1
v -0.8 0.3 -0.2
v -0.7 0.3 -0.2
v -0.4 0.3 -0.2
v -0.3 0.3 -0.2
v 0.3 0.3 -0.2
v 0.4 0.3 -0.2
v 0.7 0.3 -0.2
v 0.8 0.3 -0.2
v -0.8 0.3 -0.3
v -0.7 0.3 -0.3
v -0.6 0.3 -0.3
v -0.5 0.3 -0.3
v -0.4 0.3 -0.3
v -0.3 0.3 -0.3
v 0.3 0.3 -0.3
v 0.4 0.3 -0.3
v 0.5 0.3 -0.3
v 0.6 0.3 -0.3
v 0.7 0.3 -0.3
v 0.8 0.3 -0.3
v -0.7 0.3 -0.4
v -0.6 0.3 -0.4
v -0.5 0.3 -0.4
v -0.4 0.3 -0.4
v 0.4 0.3 -0.4
v 0.5 0.3 -0.4
v 0.6 0.3 -0.4
v 0.7 0.3 -0.4
v -0.6 0.4 0.1
v -0.5 0.4 0.1
v 0.5 0.4 0.1
v 0.6 0.4 0.1
v -0.6 0.4 0
v -0.5 0.4 0
v 0.5 0.4 0
v 0.6 0.4 0
v -0.8 0.4 -0.1
v -0.7 0.4 -0.1
v -0.4 0.4 -0.1
v -0.3 0.4 -0.1
v 0.3 0.4 -0.1
v 0.4 0.4 -0.1
v 0.7 0.4 -0.1
v 0.8 0.4 -0.1
v -0.8 0.4 -0.2
v -0.7 0.4 -0.2
v -0.4 0.4 -0.2
v -0.3 0.4 -0.2
v 0.3 0.4 -0.2
v 0.4 0.4 -0.2
v 0.7 0.4 -0.2
v 0.8 0.4 -0.2
v -0.6 0.4 -0.3
v -0.5 0.4 -0.3
v 0.5 0.4 -0.3
v 0.6 0.4 -0.3
v -0.6 0.4 -0.4
v -0.5 0.4 -0.4
v 0.5 0.4 -0.4
v 0.6 0.4 -0.4
v -0.7 1.1 0.1
v -0.6 1.1 0.1
v -0.5 1.1 0.1
v -0.4 1.1 0.1
v 0.4 1.1 0.1
v 0.5 1.1 0.1
v 0.6 1.1 0.1
v 0.7 1.1 0.1
v -0.7 1.1 0
v -0.6 1.1 0
v -0.5 1.1 0
v -0.4 1.1 0
v 0.4 1.1 0
v 0.5 1.1 0
v 0.6 1.1 0
v 0.7 1.1 0
v -0.7 1.1 -0.3
v -0.6 1.1 -0.3
v -0.5 1.1 -0.3
v -0.4 1.1 -0.3
v 0.4 1.1 -0.3
v 0.5 1.1 -0.3
v 0.6 1.1 -0.3
v 0.7 1.1 -0.3
v -0.7 1.1 -0.4
v -0.6 1.1 -0.4
v -0.5 1.1 -0.4
v -0.4 1.1 -0.4
v 0.4 1.1 -0.4
v 0.5 1.1 -0.4
v 0.6 1.1 -0.4
v 0.7 1.1 -0.4
v -0.6 1.2 0.1
v -0.5 1.2 0.1
v 0.5 1.2 0.1
v 0.6 1.2 0.1
v -0.8 1.2 0
v -0.7 1.2 0
v -0.6 1.2 0
v -0.5 1.2 0
v 0.5 1.2 0
v 0.6 1.2 0
v 0.7 1.2 0
v 0.8 1.2 0
v -0.8 1.2 -0.1
v -0.7 1.2 -0.1
v 0.7 1.2 -0.1
v 0.8 1.2 -0.1
v -0.8 1.2 -0.2
v -0.7 1.2 -0.2
v 0.7 1.2 -0.2
v 0.8 1.2 -0.2
v -0.8 1.2 -0.3
v -0.7 1.2 -0.3
v -0.6 1.2 -0.3
v -0.5 1.2 -0.3
v 0.5 1.2 -0.3
v 0.6 1.2 -0.3
v 0.7 1.2 -0.3
v 0.8 1.2 -0.3
v -0.6 1.2 -0.4
v -0.5 1.2 -0.4
v 0.5 1.2 -0.4
v 0.6 1.2 -0.4
v -0.8 1.3 -0.1
v -0.7 1.3 -0.1
v 0.7 1.3 -0.1
v 0.8 1.3 -0.1
v -0.8 1.3 -0.2
v -0.7 1.3 -0.2
v 0.7 1.3 -0.2
v 0.8 1.3 -0.2
v -1 1.6 0.1
v -0.9 1.6 0.1
v 0.9 1.6 0.1
v 1 1.6 0.1
v -1 1.6 0
v -0.9 1.6 0
v 0.9 1.6 0
v 1 1.6 0
v -1.3 1.6 -0.1
v -1.2 1.6 -0.1
v 1.2 1.6 -0.1
v 1.3 1.6 -0.1
v -1.3 1.6 -0.2
v -1.2 1.6 -0.2
v 1.2 1.6 -0.2
v 1.3 1.6 -0.2
v -1.3 1.6 -0.3
v -1.2 1.6 -0.3
v 1.2 1.6 -0.3
v 1.3 1.6 -0.3
v -1.3 1.6 -0.4
v -1.2 1.6 -0.4
v 1.2 1.6 -0.4
v 1.3 1.6 -0.4
v -1 1.6 -0.5
v -0.9 1.6 -0.5
v 0.9 1.6 -0.5
v 1 1.6 -0.5
v -1 1.6 -0.6
v -0.9 1.6 -0.6
v 0.9 1.6 -0.6
v 1 1.6 -0.6
v -0.2 1.9 0.2
v -0.1 1.9 0.2
v 0.1 1.9 0.2
v 0.2 1.9 0.2
v -0.2 1.9 0.1
v -0.1 1.9 0.1
v 0.1 1.9 0.1
v 0.2 1.9 0.1
v -1.1 1.9 0
v -1 1.9 0
v 1 1.9 0
v 1.1 1.9 0
v -1.1 1.9 -0.1
v -1 1.9 -0.1
v 1 1.9 -0.1
v 1.1 1.9 -0.1
v -0.3 1.9 -0.3
v -0.2 1.9 -0.3
v 0.2 1.9 -0.3
v 0.3 1.9 -0.3
v -1.1 1.9 -0.4
v -1 1.9 -0.4
v -0.3 1.9 -0.4
v -0.2 1.9 -0.4
v 0.2 1.9 -0.4
v 0.3 1.9 -0.4
v 1 1.9 -0.4
v 1.1 1.9 -0.4
v -1.1 1.9 -0.5
v -1 1.9 -0.5
v 1 1.9 -0.5
v 1.1 1.9 -0.5
v -0.1 2 0.2
v 0.1 2 0.2
v -0.7 2 0.1
v -0.5 2 0.1
v -0.4 2 0.1
v -0.3 2 0.1
v -0.2 2 0.1
v -0.1 2 0.1
v 0.1 2 0.1
v 0.2 2 0.1
v 0.3 2 0.1
v 0.4 2 0.1
v 0.5 2 0.1
v 0.7 2 0.1
v -1 2 0
v -0.9 2 0
v -0.8 2 0
v -0.7 2 0
v -0.5 2 0
v -0.4 2 0
v -0.3 2 0
v -0.2 2 0
v 0.2 2 0
v 0.3 2 0
v 0.4 2 0
v 0.5 2 0
v 0.7 2 0
v 0.8 2 0
v 0.9 2 0
v 1 2 0
v -1 2 -0.1
v -0.9 2 -0.1
v 0.9 2 -0.1
v 1 2 -0.1
v -0.8 2 -0.3
v -0.7 2 -0.3
v -0.5 2 -0.3
v -0.4 2 -0.3
v -0.2 2 -0.3
v 0.2 2 -0.3
v 0.4 2 -0.3
v 0.5 2 -0.3
v 0.7 2 -0.3
v 0.8 2 -0.3
v -1 2 -0.4
v -0.9 2 -0.4
v -0.7 2 -0.4
v -0.5 2 -0.4
v -0.4 2 -0.4
v -0.2 2 -0.4
v -0.1 2 -0.4
v 0.1 2 -0.4
v 0.2 2 -0.4
v 0.4 2 -0.4
v 0.5 2 -0.4
v 0.7 2 -0.4
v 0.9 2 -0.4
v 1 2 -0.4
v -1 2 -0.5
v -0.9 2 -0.5
v -0.2 2 -0.5
v -0.1 2 -0.5
v 0.1 2 -0.5
v 0.2 2 -0.5
v 0.9 2 -0.5
v 1 2 -0.5
v -0.2 2.1 0.1
v 0.2 2.1 0.1
v -0.7 2.1 0
v -0.4 2.1 0
v -0.2 2.1 0
v -0.1 2.1 0
v 0.1 2.1 0
v 0.2 2.1 0
v 0.4 2.1 0
v 0.7 2.1 0
v -0.2 2.1 -0.1
v -0.1 2.1 -0.1
v 0.1 2.1 -0.1
v 0.2 2.1 -0.1
v -0.7 2.1 -0.3
v -0.4 2.1 -0.3
v -0.2 2.1 -0.3
v -0.1 2.1 -0.3
v 0.1 2.1 -0.3
v 0.2 2.1 -0.3
v 0.4 2.1 -0.3
v 0.7 2.1 -0.3
v -0.2 2.1 -0.4
v -0.1 2.1 -0.4
v 0.1 2.1 -0.4
v 0.2 2.1 -0.4
v -0.1 2.1 -0.5
v 0.1 2.1 -0.5
v -1.3 2.5 -0.1
v -1.2 2.5 -0.1
v 1.2 2.5 -0.1
v 1.3 2.5 -0.1
v -1.3 2.5 -0.2
v -1.2 2.5 -0.2
v 1.2 2.5 -0.2
v 1.3 2.5 -0.2
v -1.3 2.5 -0.4
v -1.2 2.5 -0.4
v -1 2.5 -0.4
v -0.9 2.5 -0.4
v 0.9 2.5 -0.4
v 1 2.5 -0.4
v 1.2 2.5 -0.4
v 1.3 2.5 -0.4
v -1.3 2.5 -0.5
v -1.2 2.5 -0.5
v -1 2.5 -0.5
v -0.9 2.5 -0.5
v 0.9 2.5 -0.5
v 1 2.5 -0.5
v 1.2 2.5 -0.5
v 1.3 2.5 -0.5
v -1.3 2.6 -0.2
v -1.2 2.6 -0.2
v 1.2 2.6 -0.2
v 1.3 2.6 -0.2
v -1.3 2.6 -0.4
v -1.2 2.6 -0.4
v -1 2.6 -0.4
v 1 2.6 -0.4
v 1.2 2.6 -0.4
v 1.3 2.6 -0.4
v -1.2 2.6 -0.5
v -1 2.6 -0.5
v 1 2.6 -0.5
v 1.2 2.6 -0.5
v 0 3 -0.1
v 0.1 3 -0.1
v 0 3 -0.4
v 0.1 3 -0.4
v -0.1 3.4 0.3
v 0.1 3.4 0.3
v -0.1 3.4 0.2
v 0.1 3.4 0.2
v -0.3 3.5 0.3
v -0.1 3.5 0.3
v 0.1 3.5 0.3
v 0.3 3.5 0.3
v -1.3 3.5 0.2
v -1.2 3.5 0.2
v -0.9 3.5 0.2
v -0.8 3.5 0.2
v -0.3 3.5 0.2
v -0.1 3.5 0.2
v 0.1 3.5 0.2
v 0.3 3.5 0.2
v 0.8 3.5 0.2
v 0.9 3.5 0.2
v 1.2 3.5 0.2
v 1.3 3.5 0.2
v -1.4 3.5 0.1
v -1.3 3.5 0.1
v -1.2 3.5 0.1
v -0.9 3.5 0.1
v -0.8 3.5 0.1
v -0.1 3.5 0.1
v 0.1 3.5 0.1
v 0.8 3.5 0.1
v 0.9 3.5 0.1
v 1.2 3.5 0.1
v 1.3 3.5 0.1
v 1.4 3.5 0.1
v -1.5 3.5 0
v -1.4 3.5 0
v -1.3 3.5 0
v -0.7 3.5 0
v -0.6 3.5 0
v 0.6 3.5 0
v 0.7 3.5 0
v 1.3 3.5 0
v 1.4 3.5 0
v 1.5 3.5 0
v -1.5 3.5 -0.1
v -1.4 3.5 -0.1
v -0.7 3.5 -0.1
v -0.6 3.5 -0.1
v -0.5 3.5 -0.1
v 0.5 3.5 -0.1
v 0.6 3.5 -0.1
v 0.7 3.5 -0.1
v 1.4 3.5 -0.1
v 1.5 3.5 -0.1
v -1.5 3.5 -0.4
v -1.4 3.5 -0.4
v -0.7 3.5 -0.4
v -0.6 3.5 -0.4
v -0.5 3.5 -0.4
v 0.5 3.5 -0.4
v 0.6 3.5 -0.4
v 0.7 3.5 -0.4
v 1.4 3.5 -0.4
v 1.5 3.5 -0.4
v -1.5 3.5 -0.5
v -1.4 3.5 -0.5
v -1.3 3.5 -0.5
v -0.7 3.5 -0.5
v -0.6 3.5 -0.5
v 0.6 3.5 -0.5
v 0.7 3.5 -0.5
v 1.3 3.5 -0.5
v 1.4 3.5 -0.5
v 1.5 3.5 -0.5
v -1.4 3.5 -0.6
v -1.3 3.5 -0.6
v -1.2 3.5 -0.6
v -0.9 3.5 -0.6
v -0.8 3.5 -0.6
v 0.8 3.5 -0.6
v 0.9 3.5 -0.6
v 1.2 3.5 -0.6
v 1.3 3.5 -0.6
v 1.4 3.5 -0.6
v -1.3 3.5 -0.7
v -1.2 3.5 -0.7
v -0.9 3.5 -0.7
v -0.8 3.5 -0.7
v 0.8 3.5 -0.7
v 0.9 3.5 -0.7
v 1.2 3.5 -0.7
v 1.3 3.5 -0.7
v -1.2 3.6 0.2
v -1.1 3.6 0.2
v -1 3.6 0.2
v -0.9 3.6 0.2
v -0.4 3.6 0.2
v -0.1 3.6 0.2
v 0.1 3.6 0.2
v 0.4 3.6 0.2
v 0.9 3.6 0.2
v 1 3.6 0.2
v 1.1 3.6 0.2
v 1.2 3.6 0.2
v -1.3 3.6 0.1
v -1.2 3.6 0.1
v -1.1 3.6 0.1
v -1 3.6 0.1
v -0.9 3.6 0.1
v -0.8 3.6 0.1
v -0.7 3.6 0.1
v -0.4 3.6 0.1
v -0.2 3.6 0.1
v -0.1 3.6 0.1
v 0.1 3.6 0.1
v 0.2 3.6 0.1
v 0.4 3.6 0.1
v 0.7 3.6 0.1
v 0.8 3.6 0.1
v 0.9 3.6 0.1
v 1 3.6 0.1
v 1.1 3.6 0.1
v 1.2 3.6 0.1
v 1.3 3.6 0.1
v -1.4 3.6 0
v -1.3 3.6 0
v -1.2 3.6 0
v -0.8 3.6 0
v -0.7 3.6 0
v -0.2 3.6 0
v 0.2 3.6 0
v 0.7 3.6 0
v 0.8 3.6 0
v 1.2 3.6 0
v 1.3 3.6 0
v 1.4 3.6 0
v -1.5 3.6 -0.1
v -1.4 3.6 -0.1
v -1.3 3.6 -0.1
v -0.7 3.6 -0.1
v -0.6 3.6 -0.1
v 0.6 3.6 -0.1
v 0.7 3.6 -0.1
v 1.3 3.6 -0.1
v 1.4 3.6 -0.1
v 1.5 3.6 -0.1
v -1.5 3.6 -0.4
v -1.4 3.6 -0.4
v -1.3 3.6 -0.4
v -0.7 3.6 -0.4
v -0.6 3.6 -0.4
v 0.6 3.6 -0.4
v 0.7 3.6 -0.4
v 1.3 3.6 -0.4
v 1.4 3.6 -0.4
v 1.5 3.6 -0.4
v -1.4 3.6 -0.5
v -1.3 3.6 -0.5
v -1.2 3.6 -0.5
v -0.8 3.6 -0.5
v -0.7 3.6 -0.5
v -0.5 3.6 -0.5
v -0.4 3.6 -0.5
v 0.4 3.6 -0.5
v 0.5 3.6 -0.5
v 0.7 3.6 -0.5
v 0.8 3.6 -0.5
v 1.2 3.6 -0.5
v 1.3 3.6 -0.5
v 1.4 3.6 -0.5
v -1.3 3.6 -0.6
v -1.2 3.6 -0.6
v -0.9 3.6 -0.6
v -0.8 3.6 -0.6
v -0.7 3.6 -0.6
v -0.5 3.6 -0.6
v -0.4 3.6 -0.6
v 0.4 3.6 -0.6
v 0.5 3.6 -0.6
v 0.7 3.6 -0.6
v 0.8 3.6 -0.6
v 0.9 3.6 -0.6
v 1.2 3.6 -0.6
v 1.3 3.6 -0.6
v -1.2 3.6 -0.7
v -0.9 3.6 -0.7
v 0.9 3.6 -0.7
v 1.2 3.6 -0.7
v -1.2 3.7 0.1
v -0.8 3.7 0.1
v -0.3 3.7 0.1
v -0.2 3.7 0.1
v 0.2 3.7 0.1
v 0.3 3.7 0.1
v 0.8 3.7 0.1
v 1.2 3.7 0.1
v -1.3 3.7 0
v -1.2 3.7 0
v -0.8 3.7 0
v -0.7 3.7 0
v -0.3 3.7 0
v -0.2 3.7 0
v 0.2 3.7 0
v 0.3 3.7 0
v 0.7 3.7 0
v 0.8 3.7 0
v 1.2 3.7 0
v 1.3 3.7 0
v -1.4 3.7 -0.1
v -1.3 3.7 -0.1
v 1.3 3.7 -0.1
v 1.4 3.7 -0.1
v -1.4 3.7 -0.4
v -1.3 3.7 -0.4
v -0.5 3.7 -0.4
v -0.4 3.7 -0.4
v 0.4 3.7 -0.4
v 0.5 3.7 -0.4
v 1.3 3.7 -0.4
v 1.4 3.7 -0.4
v -1.3 3.7 -0.5
v -1.2 3.7 -0.5
v -0.8 3.7 -0.5
v -0.7 3.7 -0.5
v -0.5 3.7 -0.5
v -0.4 3.7 -0.5
v -0.3 3.7 -0.5
v 0.3 3.7 -0.5
v 0.4 3.7 -0.5
v 0.5 3.7 -0.5
v 0.7 3.7 -0.5
v 0.8 3.7 -0.5
v 1.2 3.7 -0.5
v 1.3 3.7 -0.5
v -1.2 3.7 -0.6
v -0.8 3.7 -0.6
v -0.4 3.7 -0.6
v -0.3 3.7 -0.6
v -0.2 3.7 -0.6
v 0.2 3.7 -0.6
v 0.3 3.7 -0.6
v 0.4 3.7 -0.6
v 0.8 3.7 -0.6
v 1.2 3.7 -0.6
v -0.3 3.7 -0.7
v -0.2 3.7 -0.7
v 0.2 3.7 -0.7
v 0.3 3.7 -0.7
v -0.5 3.8 0.1
v -0.3 3.8 0.1
v 0.3 3.8 0.1
v 0.5 3.8 0.1
v -0.3 3.8 0
v -0.2 3.8 0
v -0.1 3.8 0
v 0.1 3.8 0
v 0.2 3.8 0
v 0.3 3.8 0
v -0.2 3.8 -0.1
v -0.1 3.8 -0.1
v 0.1 3.8 -0.1
v 0.2 3.8 -0.1
v -0.2 3.8 -0.2
v 0.2 3.8 -0.2
v -0.3 3.8 -0.3
v -0.2 3.8 -0.3
v 0.2 3.8 -0.3
v 0.3 3.8 -0.3
v -0.5 3.8 -0.4
v -0.4 3.8 -0.4
v 0.4 3.8 -0.4
v 0.5 3.8 -0.4
v -0.4 3.8 -0.5
v -0.3 3.8 -0.5
v -0.2 3.8 -0.5
v 0.2 3.8 -0.5
v 0.3 3.8 -0.5
v 0.4 3.8 -0.5
v -0.3 3.8 -0.6
v -0.2 3.8 -0.6
v 0.2 3.8 -0.6
v 0.3 3.8 -0.6
v -0.2 3.8 -0.7
v 0.2 3.8 -0.7
v -0.3 3.9 -0.3
v -0.2 3.9 -0.3
v 0.2 3.9 -0.3
v 0.3 3.9 -0.3
v -0.2 3.9 -0.4
v 0.2 3.9 -0.4
v -0.3 3.9 -0.5
v -0.2 3.9 -0.5
v 0.2 3.9 -0.5
v 0.3 3.9 -0.5
v -0.2 3.9 -0.6
v 0.2 3.9 -0.6
v -0.2 4 -0.2
v -0.1 4 -0.2
v 0.1 4 -0.2
v 0.2 4 -0.2
v -0.2 4 -0.3
v -0.1 4 -0.3
v 0.1 4 -0.3
v 0.2 4 -0.3
v -0.2 4 -0.4
v 0.2 4 -0.4
v -0.1 4.2 0.7
v 0.1 4.2 0.7
v -0.1 4.2 0.5
v 0.1 4.2 0.5
v -0.3 4.5 0.7
v -0.2 4.5 0.7
v 0.2 4.5 0.7
v 0.3 4.5 0.7
v -0.3 4.5 0.6
v -0.2 4.5 0.6
v 0.2 4.5 0.6
v 0.3 4.5 0.6
v -0.4 4.5 0.2
v -0.3 4.5 0.2
v -0.4 4.5 0.1
v -0.3 4.5 0.1
v -0.3 4.5 -0.3
v -0.2 4.5 -0.3
v 0.2 4.5 -0.3
v 0.3 4.5 -0.3
v -0.3 4.5 -0.5
v -0.2 4.5 -0.5
v -0.1 4.5 -0.5
v 0.1 4.5 -0.5
v 0.2 4.5 -0.5
v 0.3 4.5 -0.5
v -0.2 4.5 -0.6
v -0.1 4.5 -0.6
v 0.1 4.5 -0.6
v 0.2 4.5 -0.6
v -0.1 4.5 -0.7
v 0.1 4.5 -0.7
v -0.3 4.6 0.6
v -0.2 4.6 0.6
v 0.2 4.6 0.6
v 0.3 4.6 0.6
v -0.3 4.6 0.5
v -0.2 4.6 0.5
v 0.2 4.6 0.5
v 0.3 4.6 0.5
v -0.4 4.6 0.1
v -0.3 4.6 0.1
v -0.4 4.6 -0.1
v -0.3 4.6 -0.1
v -0.3 4.6 -0.2
v -0.2 4.6 -0.2
v 0.2 4.6 -0.2
v 0.3 4.6 -0.2
v -0.3 4.6 -0.3
v -0.2 4.6 -0.3
v -0.1 4.6 -0.3
v 0.1 4.6 -0.3
v 0.2 4.6 -0.3
v 0.3 4.6 -0.3
v -0.2 4.6 -0.5
v -0.1 4.6 -0.5
v 0.1 4.6 -0.5
v 0.2 4.6 -0.5
v -0.1 4.6 -0.6
v 0.1 4.6 -0.6
v -0.2 4.7 0.7
v -0.1 4.7 0.7
v 0.1 4.7 0.7
v 0.2 4.7 0.7
v -0.3 4.7 0.5
v -0.2 4.7 0.5
v 0.2 4.7 0.5
v 0.3 4.7 0.5
v 0.3 4.7 0.2
v 0.3 4.7 0.1
v -0.3 4.7 -0.2
v -0.2 4.7 -0.2
v 0.2 4.7 -0.2
v 0.3 4.7 -0.2
v -0.2 4.7 -0.3
v -0.1 4.7 -0.3
v 0.1 4.7 -0.3
v 0.2 4.7 -0.3
v -0.1 4.7 -0.5
v 0.1 4.7 -0.5
v -0.1 4.8 0.7
v 0.1 4.8 0.7
v -0.1 4.8 -0.3
v 0.1 4.8 -0.3
v 0.3 5 0.2
v 0.4 5 0.2
v 0.3 5 0.1
v 0.4 5 0.1

# faces
f 3/3/1 2/3/1 1/3/1
f 4/3/1 2/3/1 3/3/1
f 5/3/1 2/3/1 4/3/1
f 6/3/1 2/3/1 5/3/1
f 7/3/1 5/3/1 4/3/1
f 8/3/1 5/3/1 7/3/1
f 12/3/1 10/3/1 9/3/1
f 13/3/1 10/3/1 12/3/1
f 15/3/1 12/3/1 11/3/1
f 16/3/1 12/3/1 15/3/1
f 19/3/1 14/3/1 13/3/1
f 20/3/1 14/3/1 19/3/1
f 21/3/1 17/3/1 16/3/1
f 22/3/1 17/3/1 21/3/1
f 23/3/1 19/3/1 18/3/1
f 24/3/1 19/3/1 23/3/1
f 25/3/1 23/3/1 22/3/1
f 26/3/1 23/3/1 25/3/1
f 31/5/1 28/5/1 27/5/1
f 32/5/1 28/5/1 31/5/1
f 33/5/1 30/5/1 29/5/1
f 34/5/1 30/5/1 33/5/1
f 38/3/1 36/3/1 35/3/1
f 39/3/1 36/3/1 38/3/1
f 41/3/1 39/3/1 38/3/1
f 41/3/1 40/3/1 39/3/1
f 41/3/1 38/3/1 37/3/1
f 42/3/1 40/3/1 41/3/1
f 43/3/1 40/3/1 42/3/1
f 44/3/1 40/3/1 43/3/1
f 45/3/1 43/3/1 42/3/1
f 46/3/1 43/3/1 45/3/1
f 51/5/1 48/5/1 47/5/1
f 52/5/1 48/5/1 51/5/1
f 55/3/1 50/3/1 49/3/1
f 56/3/1 50/3/1 55/3/1
f 57/3/1 54/3/1 53/3/1
f 58/3/1 54/3/1 57/3/1
f 63/1/1 60/1/1 59/1/1
f 64/1/1 60/1/1 63/1/1
f 65/3/1 64/3/1 63/3/1
f 66/3/1 64/3/1 65/3/1
f 67/1/1 66/1/1 65/1/1
f 68/1/1 66/1/1 67/1/1
f 71/3/1 62/3/1 61/3/1
f 72/3/1 62/3/1 71/3/1
f 73/3/1 69/3/1 68/3/1
f 74/3/1 69/3/1 73/3/1
f 77/3/1 71/3/1 70/3/1
f 78/3/1 71/3/1 77/3/1
f 79/3/1 75/3/1 74/3/1
f 80/3/1 75/3/1 79/3/1
f 81/3/1 77/3/1 76/3/1
f 82/3/1 77/3/1 81/3/1
f 86/3/1 84/3/1 83/3/1
f 87/3/1 84/3/1 86/3/1
f 89/3/1 86/3/1 85/3/1
f 89/3/1 88/3/1 87/3/1
f 89/3/1 87/3/1 86/3/1
f 90/3/1 88/3/1 89/3/1
f 91/3/1 88/3/1 90/3/1
f 92/3/1 88/3/1 91/3/1
f 93/6/1 90/6/1 89/6/1
f 93/3/1 91/3/1 90/3/1
f 94/6/1 92/6/1 91/6/1
f 94/3/1 91/3/1 93/3/1
f 95/6/1 93/6/1 89/6/1
f 95/6/1 94/6/1 93/6/1
f 96/6/1 92/6/1 94/6/1
f 96/6/1 94/6/1 95/6/1
f 98/6/1 95/6/1 89/6/1
f 99/6/1 95/6/1 98/6/1
f 100/3/1 97/3/1 96/3/1
f 101/3/1 97/3/1 100/3/1
f 106/6/1 103/6/1 102/6/1
f 107/3/1 105/3/1 104/3/1
f 108/3/1 105/3/1 107/3/1
f 110/6/1 106/6/1 102/6/1
f 110/6/1 107/6/1 106/6/1
f 111/6/1 107/6/1 110/6/1
f 113/5/1 110/5/1 109/5/1
f 114/5/1 110/5/1 113/5/1
f 115/5/1 112/5/1 111/5/1
f 116/5/1 112/5/1 115/5/1
f 121/3/1 118/3/1 117/3/1
f 122/3/1 118/3/1 121/3/1
f 123/3/1 120/3/1 119/3/1
f 124/3/1 120/3/1 123/3/1
f 129/1/1 126/1/1 125/1/1
f 130/1/1 126/1/1 129/1/1
f 133/3/1 128/3/1 127/3/1
f 134/3/1 128/3/1 133/3/1
f 135/3/1 131/3/1 130/3/1
f 136/3/1 131/3/1 135/3/1
f 137/3/1 133/3/1 132/3/1
f 138/3/1 133/3/1 137/3/1
f 143/3/1 140/3/1 139/3/1
f 144/3/1 140/3/1 143/3/1
f 145/3/1 142/3/1 141/3/1
f 146/3/1 142/3/1 145/3/1
f 151/5/1 148/5/1 147/5/1
f 152/5/1 150/5/1 149/5/1
f 153/5/1 151/5/1 147/5/1
f 154/5/1 151/5/1 153/5/1
f 155/5/1 150/5/1 152/5/1
f 156/5/1 150/5/1 155/5/1
f 161/3/1 158/3/1 157/3/1
f 162/3/1 158/3/1 161/3/1
f 163/3/1 160/3/1 159/3/1
f 164/3/1 160/3/1 163/3/1
f 167/5/1 166/5/1 165/5/1
f 168/5/1 166/5/1 167/5/1
f 173/3/1 170/3/1 169/3/1
f 174/3/1 170/3/1 173/3/1
f 175/3/1 172/3/1 171/3/1
f 176/3/1 172/3/1 175/3/1
f 177/3/1 175/3/1 174/3/1
f 178/3/1 175/3/1 177/3/1
f 179/3/1 175/3/1 178/3/1
f 180/3/1 175/3/1 179/3/1
f 181/3/1 179/3/1 178/3/1
f 182/3/1 179/3/1 181/3/1
f 186/3/1 184/3/1 183/3/1
f 187/3/1 184/3/1 186/3/1
f 189/3/1 187/3/1 186/3/1
f 189/3/1 188/3/1 187/3/1
f 189/3/1 186/3/1 185/3/1
f 190/3/1 188/3/1 189/3/1
f 191/3/1 188/3/1 190/3/1
f 192/3/1 188/3/1 191/3/1
f 193/3/1 191/3/1 190/3/1
f 194/3/1 191/3/1 193/3/1
f 199/3/1 196/3/1 195/3/1
f 200/5/1 197/5/1 196/5/1
f 200/3/1 196/3/1 199/3/1
f 201/3/1 198/3/1 197/3/1
f 201/5/1 197/5/1 200/5/1
f 202/3/1 198/3/1 201/3/1
f 203/5/1 200/5/1 199/5/1
f 203/5/1 201/5/1 200/5/1
f 203/5/1 202/5/1 201/5/1
f 204/5/1 202/5/1 203/5/1
f 209/5/1 206/5/1 205/5/1
f 210/5/1 206/5/1 209/5/1
f 213/5/1 208/5/1 207/5/1
f 214/5/1 208/5/1 213/5/1
f 215/3/1 211/3/1 210/3/1
f 216/3/1 211/3/1 215/3/1
f 219/3/1 213/3/1 212/3/1
f 220/3/1 213/3/1 219/3/1
f 221/5/1 217/5/1 216/5/1
f 222/5/1 217/5/1 221/5/1
f 223/6/1 219/6/1 218/6/1
f 224/6/1 222/6/1 221/6/1
f 224/6/1 223/6/1 222/6/1
f 225/6/1 219/6/1 223/6/1
f 225/6/1 223/6/1 224/6/1
f 226/6/1 224/6/1 221/6/1
f 227/3/1 225/3/1 224/3/1
f 227/6/1 224/6/1 226/6/1
f 228/6/1 219/6/1 225/6/1
f 228/3/1 225/3/1 227/3/1
f 229/6/1 219/6/1 228/6/1
f 231/3/1 227/3/1 226/3/1
f 232/3/1 227/3/1 231/3/1
f 233/3/1 229/3/1 228/3/1
f 234/3/1 229/3/1 233/3/1
f 236/3/1 231/3/1 230/3/1
f 237/3/1 231/3/1 236/3/1
f 238/3/1 235/3/1 234/3/1
f 239/3/1 235/3/1 238/3/1
f 244/6/1 241/6/1 240/6/1
f 245/6/1 243/6/1 242/6/1
f 247/6/1 244/6/1 240/6/1
f 247/6/1 245/6/1 244/6/1
f 248/6/1 245/6/1 247/6/1
f 249/6/1 243/6/1 245/6/1
f 249/6/1 245/6/1 248/6/1
f 250/6/1 243/6/1 249/6/1
f 253/3/1 247/3/1 246/3/1
f 254/3/1 252/3/1 251/3/1
f 255/3/1 253/3/1 246/3/1
f 256/3/1 253/3/1 255/3/1
f 257/3/1 252/3/1 254/3/1
f 258/3/1 252/3/1 257/3/1
f 259/5/1 256/5/1 255/5/1
f 260/5/1 256/5/1 259/5/1
f 261/5/1 258/5/1 257/5/1
f 262/5/1 258/5/1 261/5/1
f 263/5/1 261/5/1 260/5/1
f 264/5/1 261/5/1 263/5/1
f 269/3/1 266/3/1 265/3/1
f 270/3/1 266/3/1 269/3/1
f 271/3/1 268/3/1 267/3/1
f 272/3/1 268/3/1 271/3/1
f 277/3/1 274/3/1 273/3/1
f 278/3/1 274/3/1 277/3/1
f 279/3/1 276/3/1 275/3/1
f 280/3/1 276/3/1 279/3/1
f 285/3/1 282/3/1 281/3/1
f 286/3/1 282/3/1 285/3/1
f 287/3/1 284/3/1 283/3/1
f 288/3/1 284/3/1 287/3/1
f 291/3/1 290/3/1 289/3/1
f 292/3/1 290/3/1 291/3/1
f 299/6/1 294/6/1 293/6/1
f 300/6/1 294/6/1 299/6/1
f 301/6/1 296/6/1 295/6/1
f 302/6/1 300/6/1 299/6/1
f 302/6/1 301/6/1 300/6/1
f 302/6/1 296/6/1 301/6/1
f 303/3/1 297/3/1 296/3/1
f 303/6/1 296/6/1 302/6/1
f 304/3/1 297/3/1 303/3/1
f 305/6/1 302/6/1 299/6/1
f 305/3/1 299/3/1 298/3/1
f 306/3/1 303/3/1 302/3/1
f 306/6/1 302/6/1 305/6/1
f 307/3/1 303/3/1 306/3/1
f 308/3/1 305/3/1 298/3/1
f 308/3/1 306/3/1 305/3/1
f 309/3/1 306/3/1 308/3/1
f 313/3/1 311/3/1 310/3/1
f 314/3/1 311/3/1 313/3/1
f 315/3/1 311/3/1 314/3/1
f 317/3/1 313/3/1 312/3/1
f 317/3/1 314/3/1 313/3/1
f 318/3/1 314/3/1 317/3/1
f 319/3/1 316/3/1 315/3/1
f 320/3/1 316/3/1 319/3/1
f 321/3/1 317/3/1 312/3/1
f 322/3/1 317/3/1 321/3/1
f 323/3/1 321/3/1 312/3/1
f 324/3/1 321/3/1 323/3/1
f 328/3/1 326/3/1 325/3/1
f 329/3/1 326/3/1 328/3/1
f 330/3/1 328/3/1 327/3/1
f 331/3/1 328/3/1 330/3/1
f 334/5/1 333/5/1 332/5/1
f 336/5/1 334/5/1 332/5/1
f 336/5/1 335/5/1 334/5/1
f 337/5/1 335/5/1 336/5/1
f 338/5/1 335/5/1 337/5/1
f 339/5/1 335/5/1 338/5/1
f 343/3/1 341/3/1 340/3/1
f 344/3/1 341/3/1 343/3/1
f 346/3/1 345/3/1 344/3/1
f 347/3/1 345/3/1 346/3/1
f 348/3/1 343/3/1 342/3/1
f 349/3/1 343/3/1 348/3/1
f 353/6/1 351/6/1 350/6/1
f 354/6/1 351/6/1 353/6/1
f 357/3/1 353/3/1 352/3/1
f 358/6/1 354/6/1 353/6/1
f 358/3/1 353/3/1 357/3/1
f 359/3/1 355/3/1 354/3/1
f 359/6/1 354/6/1 358/6/1
f 360/3/1 355/3/1 359/3/1
f 363/3/1 357/3/1 356/3/1
f 364/3/1 357/3/1 363/3/1
f 365/3/1 361/3/1 360/3/1
f 366/3/1 361/3/1 365/3/1
f 368/3/1 367/3/1 366/3/1
f 369/3/1 367/3/1 368/3/1
f 371/3/1 363/3/1 362/3/1
f 372/3/1 363/3/1 371/3/1
f 374/3/1 370/3/1 369/3/1
f 375/3/1 370/3/1 374/3/1
f 377/3/1 374/3/1 373/3/1
f 378/3/1 374/3/1 377/3/1
f 379/3/1 377/3/1 376/3/1
f 380/3/1 377/3/1 379/3/1
f 384/3/1 382/3/1 381/3/1
f 385/3/1 382/3/1 384/3/1
f 388/3/1 384/3/1 383/3/1
f 388/3/1 386/3/1 385/3/1
f 388/3/1 385/3/1 384/3/1
f 389/3/1 386/3/1 388/3/1
f 390/3/1 386/3/1 389/3/1
f 391/3/1 386/3/1 390/3/1
f 394/3/1 388/3/1 387/3/1
f 394/3/1 389/3/1 388/3/1
f 395/3/1 391/3/1 390/3/1
f 395/3/1 392/3/1 391/3/1
f 396/3/1 392/3/1 395/3/1
f 397/3/1 394/3/1 393/3/1
f 398/3/1 389/3/1 394/3/1
f 398/3/1 394/3/1 397/3/1
f 399/3/1 389/3/1 398/3/1
f 401/3/1 392/3/1 396/3/1
f 402/3/1 392/3/1 401/3/1
f 403/3/1 400/3/1 399/3/1
f 403/3/1 399/3/1 398/3/1
f 404/3/1 400/3/1 403/3/1
f 405/3/1 400/3/1 404/3/1
f 406/3/1 401/3/1 396/3/1
f 407/3/1 401/3/1 406/3/1
f 408/3/1 401/3/1 407/3/1
f 409/3/1 405/3/1 404/3/1
f 409/3/1 407/3/1 406/3/1
f 409/3/1 406/3/1 405/3/1
f 410/3/1 407/3/1 409/3/1
f 414/5/1 412/5/1 411/5/1
f 415/5/1 412/5/1 414/5/1
f 418/5/1 414/5/1 413/5/1
f 419/5/1 414/5/1 418/5/1
f 420/5/1 416/5/1 415/5/1
f 421/5/1 416/5/1 420/5/1
f 423/5/1 418/5/1 417/5/1
f 424/5/1 418/5/1 423/5/1
f 426/5/1 422/5/1 421/5/1
f 429/3/1 426/3/1 425/3/1
f 430/5/1 422/5/1 426/5/1
f 430/3/1 426/3/1 429/3/1
f 431/5/1 422/5/1 430/5/1
f 432/3/1 428/3/1 427/3/1
f 433/6/1 429/6/1 428/6/1
f 433/3/1 428/3/1 432/3/1
f 434/6/1 429/6/1 433/6/1
f 435/3/1 430/3/1 429/3/1
f 435/6/1 429/6/1 434/6/1
f 436/3/1 430/3/1 435/3/1
f 438/6/1 435/6/1 434/6/1
f 439/6/1 435/6/1 438/6/1
f 442/6/1 438/6/1 437/6/1
f 442/6/1 440/6/1 439/6/1
f 442/6/1 439/6/1 438/6/1
f 443/6/1 440/6/1 442/6/1
f 444/6/1 440/6/1 443/6/1
f 447/3/1 442/3/1 441/3/1
f 448/3/1 442/3/1 447/3/1
f 449/6/1 444/6/1 443/6/1
f 450/3/1 445/3/1 444/3/1
f 450/6/1 444/6/1 449/6/1
f 452/3/1 447/3/1 446/3/1
f 453/3/1 447/3/1 452/3/1
f 454/3/1 445/3/1 450/3/1
f 455/3/1 445/3/1 454/3/1
f 457/3/1 452/3/1 451/3/1
f 458/3/1 452/3/1 457/3/1
f 459/3/1 456/3/1 455/3/1
f 460/3/1 456/3/1 459/3/1
f 462/3/1 461/3/1 460/3/1
f 463/3/1 461/3/1 462/3/1
f 470/3/1 465/3/1 464/3/1
f 471/3/1 465/3/1 470/3/1
f 473/6/1 467/6/1 466/6/1
f 474/5/1 468/5/1 467/5/1
f 474/6/1 467/6/1 473/6/1
f 475/5/1 468/5/1 474/5/1
f 477/3/1 470/3/1 469/3/1
f 478/3/1 470/3/1 477/3/1
f 479/6/1 473/6/1 472/6/1
f 479/6/1 474/6/1 473/6/1
f 479/6/1 475/6/1 474/6/1
f 480/3/1 476/3/1 475/3/1
f 480/6/1 475/6/1 479/6/1
f 481/3/1 476/3/1 480/3/1
f 485/6/1 479/6/1 472/6/1
f 486/6/1 479/6/1 485/6/1
f 488/3/1 483/3/1 482/3/1
f 489/6/1 484/6/1 483/6/1
f 489/3/1 483/3/1 488/3/1
f 490/6/1 484/6/1 489/6/1
f 491/3/1 487/3/1 486/3/1
f 492/3/1 487/3/1 491/3/1
f 494/3/1 493/3/1 492/3/1
f 495/3/1 493/3/1 494/3/1
f 498/3/1 496/3/1 495/3/1
f 499/3/1 496/3/1 498/3/1
f 504/3/1 498/3/1 497/3/1
f 505/3/1 498/3/1 504/3/1
f 506/3/1 502/3/1 501/3/1
f 506/3/1 501/3/1 500/3/1
f 507/3/1 502/3/1 506/3/1
f 508/3/1 504/3/1 503/3/1
f 509/3/1 504/3/1 508/3/1
f 515/3/1 511/3/1 510/3/1
f 516/3/1 511/3/1 515/3/1
f 517/3/1 513/3/1 512/3/1
f 518/3/1 513/3/1 517/3/1
f 520/3/1 515/3/1 514/3/1
f 521/3/1 515/3/1 520/3/1
f 522/3/1 519/3/1 518/3/1
f 523/3/1 519/3/1 522/3/1
f 526/5/1 525/5/1 524/5/1
f 527/5/1 525/5/1 526/5/1
f 533/5/1 529/5/1 528/5/1
f 534/5/1 529/5/1 533/5/1
f 535/6/1 531/6/1 530/6/1
f 536/6/1 531/6/1 535/6/1
f 537/6/1 533/6/1 532/6/1
f 538/6/1 533/6/1 537/6/1
f 543/3/1 540/3/1 539/3/1
f 544/3/1 540/3/1 543/3/1
f 545/3/1 542/3/1 541/3/1
f 546/3/1 542/3/1 545/3/1
f 549/3/1 548/3/1 547/3/1
f 550/3/1 548/3/1 549/3/1
f 554/6/1 552/6/1 551/6/1
f 555/6/1 552/6/1 554/6/1
f 557/6/1 554/6/1 553/6/1
f 561/3/1 557/3/1 556/3/1
f 562/3/1 557/3/1 561/3/1
f 563/3/1 557/3/1 562/3/1
f 564/6/1 554/6/1 557/6/1
f 564/3/1 557/3/1 563/3/1
f 565/6/1 554/6/1 564/6/1
f 566/6/1 559/6/1 558/6/1
f 567/6/1 559/6/1 566/6/1
f 569/3/1 561/3/1 560/3/1
f 569/3/1 562/3/1 561/3/1
f 570/3/1 562/3/1 569/3/1
f 571/3/1 568/3/1 567/3/1
f 572/3/1 568/3/1 571/3/1
f 574/3/1 573/3/1 572/3/1
f 575/3/1 573/3/1 574/3/1
f 578/3/1 576/3/1 575/3/1
f 579/3/1 576/3/1 578/3/1
f 581/3/1 578/3/1 577/3/1
f 582/3/1 578/3/1 581/3/1
f 584/3/1 581/3/1 580/3/1
f 585/3/1 581/3/1 584/3/1
f 586/3/1 584/3/1 583/3/1
f 587/3/1 584/3/1 586/3/1
f 590/6/1 589/6/1 588/6/1
f 591/6/1 589/6/1 590/6/1
f 594/3/1 593/3/1 592/3/1
f 595/3/1 593/3/1 594/3/1
f 597/3/1 596/3/1 595/3/1
f 598/3/1 596/3/1 597/3/1
f 601/3/1 600/3/1 599/3/1
f 602/3/1 600/3/1 601/3/1
f 605/5/1 604/5/1 603/5/1
f 606/5/1 604/5/1 605/5/1
f 609/3/1 608/3/1 607/3/1
f 610/3/1 608/3/1 609/3/1
f 614/3/1 612/3/1 611/3/1
f 615/3/1 612/3/1 614/3/1
f 616/3/1 614/3/1 613/3/1
f 617/3/1 614/3/1 616/3/1
f 622/3/1 619/3/1 618/3/1
f 623/3/1 619/3/1 622/3/1
f 624/3/1 621/3/1 620/3/1
f 625/3/1 621/3/1 624/3/1
f 626/3/1 624/3/1 623/3/1
f 627/3/1 624/3/1 626/3/1
f 628/3/1 624/3/1 627/3/1
f 629/3/1 624/3/1 628/3/1
f 630/3/1 628/3/1 627/3/1
f 631/3/1 628/3/1 630/3/1
f 634/3/1 633/3/1 632/3/1
f 635/3/1 633/3/1 634/3/1
f 638/4/1 637/4/1 636/4/1
f 639/4/1 637/4/1 638/4/1
f 644/5/1 641/5/1 640/5/1
f 645/5/1 641/5/1 644/5/1
f 648/5/1 643/5/1 642/5/1
f 649/5/1 643/5/1 648/5/1
f 650/3/1 646/3/1 645/3/1
f 651/3/1 646/3/1 650/3/1
f 654/3/1 648/3/1 647/3/1
f 655/3/1 648/3/1 654/3/1
f 656/5/1 652/5/1 651/5/1
f 657/5/1 652/5/1 656/5/1
f 658/6/1 654/6/1 653/6/1
f 659/6/1 657/6/1 656/6/1
f 659/6/1 658/6/1 657/6/1
f 660/6/1 658/6/1 659/6/1
f 661/6/1 654/6/1 658/6/1
f 661/6/1 658/6/1 660/6/1
f 662/6/1 654/6/1 661/6/1
f 664/3/1 660/3/1 659/3/1
f 665/6/1 661/6/1 660/6/1
f 665/3/1 660/3/1 664/3/1
f 666/3/1 662/3/1 661/3/1
f 666/6/1 661/6/1 665/6/1
f 667/3/1 662/3/1 666/3/1
f 669/3/1 664/3/1 663/3/1
f 670/6/1 667/6/1 666/6/1
f 670/3/1 664/3/1 669/3/1
f 670/6/1 665/6/1 664/6/1
f 670/6/1 666/6/1 665/6/1
f 671/3/1 668/3/1 667/3/1
f 671/6/1 667/6/1 670/6/1
f 672/3/1 668/3/1 671/3/1
f 674/6/1 671/6/1 670/6/1
f 675/6/1 671/6/1 674/6/1
f 677/3/1 674/3/1 673/3/1
f 677/6/1 675/6/1 674/6/1
f 678/3/1 676/3/1 675/3/1
f 678/6/1 675/6/1 677/6/1
f 679/3/1 677/3/1 673/3/1
f 680/3/1 677/3/1 679/3/1
f 681/3/1 676/3/1 678/3/1
f 682/3/1 676/3/1 681/3/1
f 683/5/1 681/5/1 680/5/1
f 684/5/1 681/5/1 683/5/1
f 689/3/1 686/3/1 685/3/1
f 690/3/1 686/3/1 689/3/1
f 691/3/1 688/3/1 687/3/1
f 692/3/1 688/3/1 691/3/1
f 697/3/1 694/3/1 693/3/1
f 698/3/1 694/3/1 697/3/1
f 699/3/1 696/3/1 695/3/1
f 700/3/1 696/3/1 699/3/1
f 705/3/1 702/3/1 701/3/1
f 706/3/1 702/3/1 705/3/1
f 707/3/1 704/3/1 703/3/1
f 708/3/1 704/3/1 707/3/1
f 713/3/1 710/3/1 709/3/1
f 714/3/1 710/3/1 713/3/1
f 715/3/1 712/3/1 711/3/1
f 716/3/1 712/3/1 715/3/1
f 719/6/1 718/6/1 717/6/1
f 720/6/1 718/6/1 719/6/1
f 724/5/1 722/5/1 721/5/1
f 725/5/1 722/5/1 724/5/1
f 727/5/1 724/5/1 723/5/1
f 728/5/1 724/5/1 727/5/1
f 729/5/1 726/5/1 725/5/1
f 730/5/1 726/5/1 729/5/1
f 731/5/1 729/5/1 728/5/1
f 732/5/1 729/5/1 731/5/1
f 736/3/1 734/3/1 733/3/1
f 737/3/1 734/3/1 736/3/1
f 739/3/1 736/3/1 735/3/1
f 740/3/1 736/3/1 739/3/1
f 741/3/1 738/3/1 737/3/1
f 742/3/1 738/3/1 741/3/1
f 743/3/1 739/3/1 735/3/1
f 746/3/1 738/3/1 742/3/1
f 747/3/1 744/3/1 743/3/1
f 747/3/1 743/3/1 735/3/1
f 748/3/1 744/3/1 747/3/1
f 749/3/1 744/3/1 748/3/1
f 750/3/1 746/3/1 745/3/1
f 751/3/1 738/3/1 746/3/1
f 751/3/1 746/3/1 750/3/1
f 752/3/1 738/3/1 751/3/1
f 753/3/1 749/3/1 748/3/1
f 753/3/1 750/3/1 749/3/1
f 753/3/1 751/3/1 750/3/1
f 754/3/1 751/3/1 753/3/1
f 758/5/1 756/5/1 755/5/1
f 759/5/1 756/5/1 758/5/1
f 761/3/1 758/3/1 757/3/1
f 762/3/1 758/3/1 761/3/1
f 763/3/1 760/3/1 759/3/1
f 764/3/1 760/3/1 763/3/1
f 769/3/1 766/3/1 765/3/1
f 770/3/1 766/3/1 769/3/1
f 771/1/1 770/1/1 769/1/1
f 772/1/1 770/1/1 771/1/1
f 773/3/1 768/3/1 767/3/1
f 774/3/1 768/3/1 773/3/1
f 779/3/1 776/3/1 775/3/1
f 780/3/1 776/3/1 779/3/1
f 781/3/1 778/3/1 777/3/1
f 782/3/1 778/3/1 781/3/1
f 787/5/1 784/5/1 783/5/1
f 788/5/1 786/5/1 785/5/1
f 789/5/1 787/5/1 783/5/1
f 790/3/1 788/3/1 787/3/1
f 790/5/1 787/5/1 789/5/1
f 791/5/1 786/5/1 788/5/1
f 791/3/1 788/3/1 790/3/1
f 792/5/1 786/5/1 791/5/1
f 793/3/1 791/3/1 790/3/1
f 794/3/1 791/3/1 793/3/1
f 795/3/1 793/3/1 790/3/1
f 796/6/1 794/6/1 793/6/1
f 796/3/1 793/3/1 795/3/1
f 797/3/1 791/3/1 794/3/1
f 797/6/1 794/6/1 796/6/1
f 798/3/1 791/3/1 797/3/1
f 799/6/1 797/6/1 796/6/1
f 801/6/1 799/6/1 796/6/1
f 801/3/1 800/3/1 799/3/1
f 802/3/1 800/3/1 801/3/1
f 804/6/1 801/6/1 796/6/1
f 805/6/1 801/6/1 804/6/1
f 807/5/1 804/5/1 803/5/1
f 808/5/1 804/5/1 807/5/1
f 809/5/1 806/5/1 805/5/1
f 810/5/1 806/5/1 809/5/1
f 815/3/1 812/3/1 811/3/1
f 816/3/1 812/3/1 815/3/1
f 817/3/1 814/3/1 813/3/1
f 818/3/1 814/3/1 817/3/1
f 823/1/1 820/1/1 819/1/1
f 824/1/1 820/1/1 823/1/1
f 825/3/1 822/3/1 821/3/1
f 826/3/1 822/3/1 825/3/1
f 829/3/1 828/3/1 827/3/1
f 830/3/1 828/3/1 829/3/1
f 833/3/1 832/3/1 831/3/1
f 834/3/1 832/3/1 833/3/1
f 839/5/1 836/5/1 835/5/1
f 840/5/1 836/5/1 839/5/1
f 841/5/1 838/5/1 837/5/1
f 842/5/1 838/5/1 841/5/1
f 843/5/2 844/5/2 847/5/2
f 847/5/2 844/5/2 848/5/2
f 845/5/2 846/5/2 849/5/2
f 849/5/2 846/5/2 850/5/2
f 851/3/2 852/3/2 853/3/2
f 853/3/2 852/3/2 854/3/2
f 855/3/2 856/3/2 857/3/2
f 857/3/2 856/3/2 858/3/2
f 859/5/2 860/5/2 863/5/2
f 861/5/2 862/5/2 864/5/2
f 859/5/2 863/5/2 865/5/2
f 863/3/2 864/3/2 866/3/2
f 865/5/2 863/5/2 866/5/2
f 864/5/2 862/5/2 867/5/2
f 866/3/2 864/3/2 867/3/2
f 867/5/2 862/5/2 868/5/2
f 866/3/2 867/3/2 869/3/2
f 869/3/2 867/3/2 870/3/2
f 866/3/2 869/3/2 871/3/2
f 869/6/2 870/6/2 872/6/2
f 871/3/2 869/3/2 872/3/2
f 870/3/2 867/3/2 873/3/2
f 872/6/2 870/6/2 873/6/2
f 873/3/2 867/3/2 874/3/2
f 872/6/2 873/6/2 875/6/2
f 872/6/2 875/6/2 877/6/2
f 875/3/2 876/3/2 877/3/2
f 877/3/2 876/3/2 878/3/2
f 872/6/2 877/6/2 880/6/2
f 880/6/2 877/6/2 881/6/2
f 879/5/2 880/5/2 883/5/2
f 883/5/2 880/5/2 884/5/2
f 881/5/2 882/5/2 885/5/2
f 885/5/2 882/5/2 886/5/2
f 887/3/2 888/3/2 891/3/2
f 891/3/2 888/3/2 892/3/2
f 889/3/2 890/3/2 893/3/2
f 893/3/2 890/3/2 894/3/2
f 895/1/2 896/1/2 899/1/2
f 899/1/2 896/1/2 900/1/2
f 897/3/2 898/3/2 901/3/2
f 901/3/2 898/3/2 902/3/2
f 903/5/2 904/5/2 906/5/2
f 906/5/2 904/5/2 907/5/2
f 905/3/2 906/3/2 909/3/2
f 909/3/2 906/3/2 910/3/2
f 907/3/2 908/3/2 911/3/2
f 911/3/2 908/3/2 912/3/2
f 913/1/2 914/1/2 917/1/2
f 917/1/2 914/1/2 918/1/2
f 917/3/2 918/3/2 919/3/2
f 919/3/2 918/3/2 920/3/2
f 919/1/2 920/1/2 921/1/2
f 921/1/2 920/1/2 922/1/2
f 915/3/2 916/3/2 923/3/2
f 923/3/2 916/3/2 924/3/2
f 925/3/2 926/3/2 929/3/2
f 929/3/2 926/3/2 930/3/2
f 927/3/2 928/3/2 931/3/2
f 931/3/2 928/3/2 932/3/2
f 933/3/2 934/3/2 936/3/2
f 936/3/2 934/3/2 937/3/2
f 935/3/2 936/3/2 939/3/2
f 939/3/2 936/3/2 940/3/2
f 937/3/2 938/3/2 941/3/2
f 941/3/2 938/3/2 942/3/2
f 935/3/2 939/3/2 943/3/2
f 942/3/2 938/3/2 946/3/2
f 943/3/2 944/3/2 947/3/2
f 935/3/2 943/3/2 947/3/2
f 947/3/2 944/3/2 948/3/2
f 948/3/2 944/3/2 949/3/2
f 945/3/2 946/3/2 950/3/2
f 946/3/2 938/3/2 951/3/2
f 950/3/2 946/3/2 951/3/2
f 951/3/2 938/3/2 952/3/2
f 948/3/2 949/3/2 953/3/2
f 949/3/2 950/3/2 953/3/2
f 950/3/2 951/3/2 953/3/2
f 953/3/2 951/3/2 954/3/2
f 955/5/2 956/5/2 958/5/2
f 958/5/2 956/5/2 959/5/2
f 957/5/2 958/5/2 961/5/2
f 961/5/2 958/5/2 962/5/2
f 959/5/2 960/5/2 963/5/2
f 963/5/2 960/5/2 964/5/2
f 962/5/2 963/5/2 965/5/2
f 965/5/2 963/5/2 966/5/2
f 967/3/2 968/3/2 971/3/2
f 971/3/2 968/3/2 972/3/2
f 969/3/2 970/3/2 973/3/2
f 973/3/2 970/3/2 974/3/2
f 975/3/2 976/3/2 979/3/2
f 979/3/2 976/3/2 980/3/2
f 977/3/2 978/3/2 981/3/2
f 981/3/2 978/3/2 982/3/2
f 983/3/2 984/3/2 987/3/2
f 987/3/2 984/3/2 988/3/2
f 985/3/2 986/3/2 989/3/2
f 989/3/2 986/3/2 990/3/2
f 991/3/2 992/3/2 995/3/2
f 995/3/2 992/3/2 996/3/2
f 993/3/2 994/3/2 997/3/2
f 997/3/2 994/3/2 998/3/2
f 999/5/2 1000/5/2 1003/5/2
f 1003/5/2 1000/5/2 1004/5/2
f 1001/5/2 1002/5/2 1007/5/2
f 1007/5/2 1002/5/2 1008/5/2
f 1004/3/2 1005/3/2 1009/3/2
f 1009/3/2 1005/3/2 1010/3/2
f 1006/3/2 1007/3/2 1013/3/2
f 1013/3/2 1007/3/2 1014/3/2
f 1010/5/2 1011/5/2 1015/5/2
f 1015/5/2 1011/5/2 1016/5/2
f 1012/6/2 1013/6/2 1017/6/2
f 1015/6/2 1016/6/2 1018/6/2
f 1016/6/2 1017/6/2 1018/6/2
f 1018/6/2 1017/6/2 1019/6/2
f 1017/6/2 1013/6/2 1020/6/2
f 1019/6/2 1017/6/2 1020/6/2
f 1020/6/2 1013/6/2 1021/6/2
f 1018/3/2 1019/3/2 1023/3/2
f 1019/6/2 1020/6/2 1024/6/2
f 1023/3/2 1019/3/2 1024/3/2
f 1020/3/2 1021/3/2 1025/3/2
f 1024/6/2 1020/6/2 1025/6/2
f 1025/3/2 1021/3/2 1026/3/2
f 1022/3/2 1023/3/2 1028/3/2
f 1025/6/2 1026/6/2 1029/6/2
f 1028/3/2 1023/3/2 1029/3/2
f 1023/6/2 1024/6/2 1029/6/2
f 1024/6/2 1025/6/2 1029/6/2
f 1026/3/2 1027/3/2 1030/3/2
f 1029/6/2 1026/6/2 1030/6/2
f 1030/3/2 1027/3/2 1031/3/2
f 1029/6/2 1030/6/2 1033/6/2
f 1033/6/2 1030/6/2 1034/6/2
f 1032/3/2 1033/3/2 1036/3/2
f 1033/6/2 1034/6/2 1036/6/2
f 1034/3/2 1035/3/2 1037/3/2
f 1036/6/2 1034/6/2 1037/6/2
f 1032/3/2 1036/3/2 1038/3/2
f 1038/3/2 1036/3/2 1039/3/2
f 1037/3/2 1035/3/2 1040/3/2
f 1040/3/2 1035/3/2 1041/3/2
f 1039/5/2 1040/5/2 1042/5/2
f 1042/5/2 1040/5/2 1043/5/2
f 1044/3/2 1045/3/2 1048/3/2
f 1048/3/2 1045/3/2 1049/3/2
f 1046/3/2 1047/3/2 1050/3/2
f 1050/3/2 1047/3/2 1051/3/2
f 1049/3/2 1050/3/2 1052/3/2
f 1052/3/2 1050/3/2 1053/3/2
f 1053/3/2 1050/3/2 1054/3/2
f 1054/3/2 1050/3/2 1055/3/2
f 1053/3/2 1054/3/2 1056/3/2
f 1056/3/2 1054/3/2 1057/3/2
f 1058/3/2 1059/3/2 1060/3/2
f 1060/3/2 1059/3/2 1061/3/2
f 1062/5/2 1063/5/2 1064/5/2
f 1064/5/2 1063/5/2 1065/5/2
f 1066/3/2 1067/3/2 1068/3/2
f 1068/3/2 1067/3/2 1069/3/2
f 1070/3/2 1071/3/2 1073/3/2
f 1073/3/2 1071/3/2 1074/3/2
f 1072/3/2 1073/3/2 1075/3/2
f 1075/3/2 1073/3/2 1076/3/2
f 1077/3/2 1078/3/2 1079/3/2
f 1079/3/2 1078/3/2 1080/3/2
f 1080/3/2 1081/3/2 1082/3/2
f 1082/3/2 1081/3/2 1083/3/2
f 1084/3/2 1085/3/2 1086/3/2
f 1086/3/2 1085/3/2 1087/3/2
f 1088/6/2 1089/6/2 1090/6/2
f 1090/6/2 1089/6/2 1091/6/2
f 1092/3/2 1093/3/2 1097/3/2
f 1097/3/2 1093/3/2 1098/3/2
f 1094/3/2 1095/3/2 1099/3/2
f 1099/3/2 1095/3/2 1100/3/2
f 1096/3/2 1097/3/2 1102/3/2
f 1102/3/2 1097/3/2 1103/3/2
f 1100/3/2 1101/3/2 1104/3/2
f 1104/3/2 1101/3/2 1105/3/2
f 1106/5/2 1107/5/2 1108/5/2
f 1108/5/2 1107/5/2 1109/5/2
f 1110/5/2 1111/5/2 1115/5/2
f 1115/5/2 1111/5/2 1116/5/2
f 1112/6/2 1113/6/2 1117/6/2
f 1117/6/2 1113/6/2 1118/6/2
f 1114/6/2 1115/6/2 1119/6/2
f 1119/6/2 1115/6/2 1120/6/2
f 1121/3/2 1122/3/2 1125/3/2
f 1125/3/2 1122/3/2 1126/3/2
f 1123/3/2 1124/3/2 1127/3/2
f 1127/3/2 1124/3/2 1128/3/2
f 1129/3/2 1130/3/2 1131/3/2
f 1131/3/2 1130/3/2 1132/3/2
f 1133/6/2 1134/6/2 1136/6/2
f 1136/6/2 1134/6/2 1137/6/2
f 1135/6/2 1136/6/2 1139/6/2
f 1138/3/2 1139/3/2 1143/3/2
f 1143/3/2 1139/3/2 1144/3/2
f 1144/3/2 1139/3/2 1145/3/2
f 1139/6/2 1136/6/2 1146/6/2
f 1145/3/2 1139/3/2 1146/3/2
f 1146/6/2 1136/6/2 1147/6/2
f 1140/6/2 1141/6/2 1148/6/2
f 1148/6/2 1141/6/2 1149/6/2
f 1142/3/2 1143/3/2 1151/3/2
f 1143/3/2 1144/3/2 1151/3/2
f 1151/3/2 1144/3/2 1152/3/2
f 1149/3/2 1150/3/2 1153/3/2
f 1153/3/2 1150/3/2 1154/3/2
f 1154/3/2 1155/3/2 1156/3/2
f 1156/3/2 1155/3/2 1157/3/2
f 1157/3/2 1158/3/2 1160/3/2
f 1160/3/2 1158/3/2 1161/3/2
f 1159/3/2 1160/3/2 1163/3/2
f 1163/3/2 1160/3/2 1164/3/2
f 1162/3/2 1163/3/2 1166/3/2
f 1166/3/2 1163/3/2 1167/3/2
f 1165/3/2 1166/3/2 1168/3/2
f 1168/3/2 1166/3/2 1169/3/2
f 1170/5/2 1171/5/2 1173/5/2
f 1173/5/2 1171/5/2 1174/5/2
f 1172/5/2 1173/5/2 1177/5/2
f 1177/5/2 1173/5/2 1178/5/2
f 1174/5/2 1175/5/2 1179/5/2
f 1179/5/2 1175/5/2 1180/5/2
f 1176/5/2 1177/5/2 1182/5/2
f 1182/5/2 1177/5/2 1183/5/2
f 1180/5/2 1181/5/2 1185/5/2
f 1184/3/2 1185/3/2 1188/3/2
f 1185/5/2 1181/5/2 1189/5/2
f 1188/3/2 1185/3/2 1189/3/2
f 1189/5/2 1181/5/2 1190/5/2
f 1186/3/2 1187/3/2 1191/3/2
f 1187/6/2 1188/6/2 1192/6/2
f 1191/3/2 1187/3/2 1192/3/2
f 1192/6/2 1188/6/2 1193/6/2
f 1188/3/2 1189/3/2 1194/3/2
f 1193/6/2 1188/6/2 1194/6/2
f 1194/3/2 1189/3/2 1195/3/2
f 1193/6/2 1194/6/2 1197/6/2
f 1197/6/2 1194/6/2 1198/6/2
f 1196/6/2 1197/6/2 1201/6/2
f 1198/6/2 1199/6/2 1201/6/2
f 1197/6/2 1198/6/2 1201/6/2
f 1201/6/2 1199/6/2 1202/6/2
f 1202/6/2 1199/6/2 1203/6/2
f 1200/3/2 1201/3/2 1206/3/2
f 1206/3/2 1201/3/2 1207/3/2
f 1202/6/2 1203/6/2 1208/6/2
f 1203/3/2 1204/3/2 1209/3/2
f 1208/6/2 1203/6/2 1209/6/2
f 1205/3/2 1206/3/2 1211/3/2
f 1211/3/2 1206/3/2 1212/3/2
f 1209/3/2 1204/3/2 1213/3/2
f 1213/3/2 1204/3/2 1214/3/2
f 1210/3/2 1211/3/2 1216/3/2
f 1216/3/2 1211/3/2 1217/3/2
f 1214/3/2 1215/3/2 1218/3/2
f 1218/3/2 1215/3/2 1219/3/2
f 1219/3/2 1220/3/2 1221/3/2
f 1221/3/2 1220/3/2 1222/3/2
f 1223/3/2 1224/3/2 1229/3/2
f 1229/3/2 1224/3/2 1230/3/2
f 1225/6/2 1226/6/2 1232/6/2
f 1226/5/2 1227/5/2 1233/5/2
f 1232/6/2 1226/6/2 1233/6/2
f 1233/5/2 1227/5/2 1234/5/2
f 1228/3/2 1229/3/2 1236/3/2
f 1236/3/2 1229/3/2 1237/3/2
f 1231/6/2 1232/6/2 1238/6/2
f 1232/6/2 1233/6/2 1238/6/2
f 1233/6/2 1234/6/2 1238/6/2
f 1234/3/2 1235/3/2 1239/3/2
f 1238/6/2 1234/6/2 1239/6/2
f 1239/3/2 1235/3/2 1240/3/2
f 1231/6/2 1238/6/2 1244/6/2
f 1244/6/2 1238/6/2 1245/6/2
f 1241/3/2 1242/3/2 1247/3/2
f 1242/6/2 1243/6/2 1248/6/2
f 1247/3/2 1242/3/2 1248/3/2
f 1248/6/2 1243/6/2 1249/6/2
f 1245/3/2 1246/3/2 1250/3/2
f 1250/3/2 1246/3/2 1251/3/2
f 1251/3/2 1252/3/2 1253/3/2
f 1253/3/2 1252/3/2 1254/3/2
f 1254/3/2 1255/3/2 1257/3/2
f 1257/3/2 1255/3/2 1258/3/2
f 1256/3/2 1257/3/2 1263/3/2
f 1263/3/2 1257/3/2 1264/3/2
f 1260/3/2 1261/3/2 1265/3/2
f 1259/3/2 1260/3/2 1265/3/2
f 1265/3/2 1261/3/2 1266/3/2
f 1262/3/2 1263/3/2 1267/3/2
f 1267/3/2 1263/3/2 1268/3/2
f 1269/3/2 1270/3/2 1272/3/2
f 1272/3/2 1270/3/2 1273/3/2
f 1273/3/2 1274/3/2 1275/3/2
f 1275/3/2 1274/3/2 1276/3/2
f 1271/3/2 1272/3/2 1277/3/2
f 1277/3/2 1272/3/2 1278/3/2
f 1279/6/2 1280/6/2 1282/6/2
f 1282/6/2 1280/6/2 1283/6/2
f 1281/3/2 1282/3/2 1286/3/2
f 1282/6/2 1283/6/2 1287/6/2
f 1286/3/2 1282/3/2 1287/3/2
f 1283/3/2 1284/3/2 1288/3/2
f 1287/6/2 1283/6/2 1288/6/2
f 1288/3/2 1284/3/2 1289/3/2
f 1285/3/2 1286/3/2 1292/3/2
f 1292/3/2 1286/3/2 1293/3/2
f 1289/3/2 1290/3/2 1294/3/2
f 1294/3/2 1290/3/2 1295/3/2
f 1295/3/2 1296/3/2 1297/3/2
f 1297/3/2 1296/3/2 1298/3/2
f 1291/3/2 1292/3/2 1300/3/2
f 1300/3/2 1292/3/2 1301/3/2
f 1298/3/2 1299/3/2 1303/3/2
f 1303/3/2 1299/3/2 1304/3/2
f 1302/3/2 1303/3/2 1306/3/2
f 1306/3/2 1303/3/2 1307/3/2
f 1305/3/2 1306/3/2 1308/3/2
f 1308/3/2 1306/3/2 1309/3/2
f 1310/3/2 1311/3/2 1313/3/2
f 1313/3/2 1311/3/2 1314/3/2
f 1312/3/2 1313/3/2 1317/3/2
f 1314/3/2 1315/3/2 1317/3/2
f 1313/3/2 1314/3/2 1317/3/2
f 1317/3/2 1315/3/2 1318/3/2
f 1316/3/2 1317/3/2 1321/3/2
f 1318/3/2 1319/3/2 1321/3/2
f 1317/3/2 1318/3/2 1321/3/2
f 1320/3/2 1321/3/2 1322/3/2
f 1321/3/2 1319/3/2 1323/3/2
f 1322/3/2 1321/3/2 1323/3/2
f 1323/3/2 1319/3/2 1324/3/2
f 1324/3/2 1319/3/2 1325/3/2
f 1325/3/2 1319/3/2 1326/3/2
f 1326/3/2 1319/3/2 1327/3/2
f 1323/3/2 1324/3/2 1328/3/2
f 1328/3/2 1324/3/2 1329/3/2
f 1324/4/2 1325/4/2 1330/4/2
f 1329/3/2 1324/3/2 1330/3/2
f 1325/3/2 1326/3/2 1331/3/2
f 1330/4/2 1325/4/2 1331/4/2
f 1331/3/2 1326/3/2 1332/3/2
f 1332/3/2 1326/3/2 1333/3/2
f 1329/3/2 1330/3/2 1334/3/2
f 1334/3/2 1330/3/2 1335/3/2
f 1331/3/2 1332/3/2 1336/3/2
f 1336/3/2 1332/3/2 1337/3/2
f 1338/3/2 1339/3/2 1341/3/2
f 1341/3/2 1339/3/2 1342/3/2
f 1340/3/2 1341/3/2 1344/3/2
f 1342/3/2 1343/3/2 1344/3/2
f 1341/3/2 1342/3/2 1344/3/2
f 1344/3/2 1343/3/2 1345/3/2
f 1340/3/2 1344/3/2 1346/3/2
f 1346/3/2 1344/3/2 1347/3/2
f 1340/3/2 1346/3/2 1348/3/2
f 1348/3/2 1346/3/2 1349/3/2
f 1350/3/2 1351/3/2 1353/3/2
f 1353/3/2 1351/3/2 1354/3/2
f 1352/3/2 1353/3/2 1355/3/2
f 1355/3/2 1353/3/2 1356/3/2
f 1357/4/2 1358/4/2 1359/4/2
f 1359/4/2 1358/4/2 1360/4/2
f 1361/6/2 1362/6/2 1367/6/2
f 1367/6/2 1362/6/2 1368/6/2
f 1363/6/2 1364/6/2 1369/6/2
f 1367/6/2 1368/6/2 1370/6/2
f 1368/6/2 1369/6/2 1370/6/2
f 1369/6/2 1364/6/2 1370/6/2
f 1364/3/2 1365/3/2 1371/3/2
f 1370/6/2 1364/6/2 1371/6/2
f 1371/3/2 1365/3/2 1372/3/2
f 1367/6/2 1370/6/2 1373/6/2
f 1366/3/2 1367/3/2 1373/3/2
f 1370/3/2 1371/3/2 1374/3/2
f 1373/6/2 1370/6/2 1374/6/2
f 1374/3/2 1371/3/2 1375/3/2
f 1366/3/2 1373/3/2 1376/3/2
f 1373/3/2 1374/3/2 1376/3/2
f 1376/3/2 1374/3/2 1377/3/2
f 1378/3/2 1379/3/2 1382/3/2
f 1382/3/2 1379/3/2 1383/3/2
f 1380/3/2 1381/3/2 1384/3/2
f 1384/3/2 1381/3/2 1385/3/2
f 1386/3/2 1387/3/2 1390/3/2
f 1390/3/2 1387/3/2 1391/3/2
f 1388/3/2 1389/3/2 1392/3/2
f 1392/3/2 1389/3/2 1393/3/2
f 1394/3/2 1395/3/2 1398/3/2
f 1398/3/2 1395/3/2 1399/3/2
f 1396/3/2 1397/3/2 1400/3/2
f 1400/3/2 1397/3/2 1401/3/2
f 1402/3/2 1403/3/2 1404/3/2
f 1404/3/2 1403/3/2 1405/3/2
f 1406/5/2 1407/5/2 1410/5/2
f 1410/5/2 1407/5/2 1411/5/2
f 1408/5/2 1409/5/2 1414/5/2
f 1414/5/2 1409/5/2 1415/5/2
f 1411/3/2 1412/3/2 1416/3/2
f 1416/3/2 1412/3/2 1417/3/2
f 1413/3/2 1414/3/2 1420/3/2
f 1420/3/2 1414/3/2 1421/3/2
f 1417/5/2 1418/5/2 1422/5/2
f 1422/5/2 1418/5/2 1423/5/2
f 1419/6/2 1420/6/2 1424/6/2
f 1422/6/2 1423/6/2 1425/6/2
f 1423/6/2 1424/6/2 1425/6/2
f 1424/6/2 1420/6/2 1426/6/2
f 1425/6/2 1424/6/2 1426/6/2
f 1422/6/2 1425/6/2 1427/6/2
f 1425/3/2 1426/3/2 1428/3/2
f 1427/6/2 1425/6/2 1428/6/2
f 1426/6/2 1420/6/2 1429/6/2
f 1428/3/2 1426/3/2 1429/3/2
f 1429/6/2 1420/6/2 1430/6/2
f 1427/3/2 1428/3/2 1432/3/2
f 1432/3/2 1428/3/2 1433/3/2
f 1429/3/2 1430/3/2 1434/3/2
f 1434/3/2 1430/3/2 1435/3/2
f 1431/3/2 1432/3/2 1437/3/2
f 1437/3/2 1432/3/2 1438/3/2
f 1435/3/2 1436/3/2 1439/3/2
f 1439/3/2 1436/3/2 1440/3/2
f 1441/6/2 1442/6/2 1445/6/2
f 1443/6/2 1444/6/2 1446/6/2
f 1441/6/2 1445/6/2 1448/6/2
f 1445/6/2 1446/6/2 1448/6/2
f 1448/6/2 1446/6/2 1449/6/2
f 1446/6/2 1444/6/2 1450/6/2
f 1449/6/2 1446/6/2 1450/6/2
f 1450/6/2 1444/6/2 1451/6/2
f 1447/3/2 1448/3/2 1454/3/2
f 1452/3/2 1453/3/2 1455/3/2
f 1447/3/2 1454/3/2 1456/3/2
f 1456/3/2 1454/3/2 1457/3/2
f 1455/3/2 1453/3/2 1458/3/2
f 1458/3/2 1453/3/2 1459/3/2
f 1456/5/2 1457/5/2 1460/5/2
f 1460/5/2 1457/5/2 1461/5/2
f 1458/5/2 1459/5/2 1462/5/2
f 1462/5/2 1459/5/2 1463/5/2
f 1461/5/2 1462/5/2 1464/5/2
f 1464/5/2 1462/5/2 1465/5/2
f 1466/3/2 1467/3/2 1470/3/2
f 1470/3/2 1467/3/2 1471/3/2
f 1468/3/2 1469/3/2 1472/3/2
f 1472/3/2 1469/3/2 1473/3/2
f 1471/3/2 1472/3/2 1474/3/2
f 1474/3/2 1472/3/2 1475/3/2
f 1475/3/2 1472/3/2 1476/3/2
f 1476/3/2 1472/3/2 1477/3/2
f 1475/3/2 1476/3/2 1478/3/2
f 1478/3/2 1476/3/2 1479/3/2
f 1480/3/2 1481/3/2 1483/3/2
f 1483/3/2 1481/3/2 1484/3/2
f 1483/3/2 1484/3/2 1486/3/2
f 1484/3/2 1485/3/2 1486/3/2
f 1482/3/2 1483/3/2 1486/3/2
f 1486/3/2 1485/3/2 1487/3/2
f 1487/3/2 1485/3/2 1488/3/2
f 1488/3/2 1485/3/2 1489/3/2
f 1487/3/2 1488/3/2 1490/3/2
f 1490/3/2 1488/3/2 1491/3/2
f 1492/3/2 1493/3/2 1496/3/2
f 1493/5/2 1494/5/2 1497/5/2
f 1496/3/2 1493/3/2 1497/3/2
f 1494/3/2 1495/3/2 1498/3/2
f 1497/5/2 1494/5/2 1498/5/2
f 1498/3/2 1495/3/2 1499/3/2
f 1496/5/2 1497/5/2 1500/5/2
f 1497/5/2 1498/5/2 1500/5/2
f 1498/5/2 1499/5/2 1500/5/2
f 1500/5/2 1499/5/2 1501/5/2
f 1502/5/2 1503/5/2 1504/5/2
f 1504/5/2 1503/5/2 1505/5/2
f 1506/5/2 1507/5/2 1510/5/2
f 1508/5/2 1509/5/2 1511/5/2
f 1506/5/2 1510/5/2 1512/5/2
f 1512/5/2 1510/5/2 1513/5/2
f 1511/5/2 1509/5/2 1514/5/2
f 1514/5/2 1509/5/2 1515/5/2
f 1516/3/2 1517/3/2 1520/3/2
f 1520/3/2 1517/3/2 1521/3/2
f 1518/3/2 1519/3/2 1522/3/2
f 1522/3/2 1519/3/2 1523/3/2
f 1524/3/2 1525/3/2 1528/3/2
f 1528/3/2 1525/3/2 1529/3/2
f 1526/3/2 1527/3/2 1530/3/2
f 1530/3/2 1527/3/2 1531/3/2
f 1532/3/2 1533/3/2 1535/3/2
f 1535/3/2 1533/3/2 1536/3/2
f 1534/3/2 1535/3/2 1538/3/2
f 1536/3/2 1537/3/2 1538/3/2
f 1535/3/2 1536/3/2 1538/3/2
f 1538/3/2 1537/3/2 1539/3/2
f 1539/3/2 1537/3/2 1540/3/2
f 1540/3/2 1537/3/2 1541/3/2
f 1538/6/2 1539/6/2 1542/6/2
f 1539/3/2 1540/3/2 1542/3/2
f 1540/6/2 1541/6/2 1543/6/2
f 1542/3/2 1540/3/2 1543/3/2
f 1538/6/2 1542/6/2 1544/6/2
f 1542/6/2 1543/6/2 1544/6/2
f 1543/6/2 1541/6/2 1545/6/2
f 1544/6/2 1543/6/2 1545/6/2
f 1538/6/2 1544/6/2 1547/6/2
f 1547/6/2 1544/6/2 1548/6/2
f 1545/3/2 1546/3/2 1549/3/2
f 1549/3/2 1546/3/2 1550/3/2
f 1551/6/2 1552/6/2 1555/6/2
f 1553/3/2 1554/3/2 1556/3/2
f 1556/3/2 1554/3/2 1557/3/2
f 1551/6/2 1555/6/2 1559/6/2
f 1555/6/2 1556/6/2 1559/6/2
f 1559/6/2 1556/6/2 1560/6/2
f 1558/5/2 1559/5/2 1562/5/2
f 1562/5/2 1559/5/2 1563/5/2
f 1560/5/2 1561/5/2 1564/5/2
f 1564/5/2 1561/5/2 1565/5/2
f 1566/3/2 1567/3/2 1570/3/2
f 1570/3/2 1567/3/2 1571/3/2
f 1568/3/2 1569/3/2 1572/3/2
f 1572/3/2 1569/3/2 1573/3/2
f 1574/1/2 1575/1/2 1578/1/2
f 1578/1/2 1575/1/2 1579/1/2
f 1576/3/2 1577/3/2 1582/3/2
f 1582/3/2 1577/3/2 1583/3/2
f 1579/3/2 1580/3/2 1584/3/2
f 1584/3/2 1580/3/2 1585/3/2
f 1581/3/2 1582/3/2 1586/3/2
f 1586/3/2 1582/3/2 1587/3/2
f 1588/5/2 1589/5/2 1592/5/2
f 1592/5/2 1589/5/2 1593/5/2
f 1590/5/2 1591/5/2 1594/5/2
f 1594/5/2 1591/5/2 1595/5/2
f 1596/3/2 1597/3/2 1599/3/2
f 1599/3/2 1597/3/2 1600/3/2
f 1599/3/2 1600/3/2 1602/3/2
f 1600/3/2 1601/3/2 1602/3/2
f 1598/3/2 1599/3/2 1602/3/2
f 1602/3/2 1601/3/2 1603/3/2
f 1603/3/2 1601/3/2 1604/3/2
f 1604/3/2 1601/3/2 1605/3/2
f 1603/3/2 1604/3/2 1606/3/2
f 1606/3/2 1604/3/2 1607/3/2
f 1608/5/2 1609/5/2 1612/5/2
f 1612/5/2 1609/5/2 1613/5/2
f 1610/3/2 1611/3/2 1616/3/2
f 1616/3/2 1611/3/2 1617/3/2
f 1614/3/2 1615/3/2 1618/3/2
f 1618/3/2 1615/3/2 1619/3/2
f 1620/3/2 1621/3/2 1624/3/2
f 1624/3/2 1621/3/2 1625/3/2
f 1624/1/2 1625/1/2 1626/1/2
f 1626/1/2 1625/1/2 1627/1/2
f 1622/3/2 1623/3/2 1630/3/2
f 1630/3/2 1623/3/2 1631/3/2
f 1627/3/2 1628/3/2 1632/3/2
f 1632/3/2 1628/3/2 1633/3/2
f 1629/3/2 1630/3/2 1636/3/2
f 1636/3/2 1630/3/2 1637/3/2
f 1633/3/2 1634/3/2 1638/3/2
f 1638/3/2 1634/3/2 1639/3/2
f 1635/3/2 1636/3/2 1640/3/2
f 1640/3/2 1636/3/2 1641/3/2
f 1642/3/2 1643/3/2 1645/3/2
f 1645/3/2 1643/3/2 1646/3/2
f 1644/3/2 1645/3/2 1648/3/2
f 1648/3/2 1645/3/2 1649/3/2
f 1646/3/2 1647/3/2 1652/3/2
f 1652/3/2 1647/3/2 1653/3/2
f 1649/3/2 1650/3/2 1654/3/2
f 1654/3/2 1650/3/2 1655/3/2
f 1651/3/2 1652/3/2 1656/3/2
f 1656/3/2 1652/3/2 1657/3/2
f 1655/3/2 1656/3/2 1658/3/2
f 1658/3/2 1656/3/2 1659/3/2
f 1660/3/2 1661/3/2 1662/3/2
f 1662/3/2 1661/3/2 1663/3/2
f 1663/3/2 1661/3/2 1664/3/2
f 1664/3/2 1661/3/2 1665/3/2
f 1663/3/2 1664/3/2 1666/3/2
f 1666/3/2 1664/3/2 1667/3/2
f 1670/3/3 1669/3/3 1668/3/3
f 1671/3/3 1669/3/3 1670/3/3
f 1676/3/3 1673/3/3 1672/3/3
f 1677/3/3 1673/3/3 1676/3/3
f 1679/3/3 1675/3/3 1674/3/3
f 1680/3/3 1675/3/3 1679/3/3
f 1682/3/3 1678/3/3 1677/3/3
f 1683/3/3 1678/3/3 1682/3/3
f 1686/3/3 1682/3/3 1681/3/3
f 1687/3/3 1682/3/3 1686/3/3
f 1688/3/3 1685/3/3 1684/3/3
f 1689/3/3 1685/3/3 1688/3/3
f 1694/3/3 1691/3/3 1690/3/3
f 1695/3/3 1691/3/3 1694/3/3
f 1696/3/3 1693/3/3 1692/3/3
f 1697/3/3 1693/3/3 1696/3/3
f 1700/5/3 1696/5/3 1695/5/3
f 1700/5/3 1697/5/3 1696/5/3
f 1701/5/3 1697/5/3 1700/5/3
f 1703/3/3 1699/3/3 1698/3/3
f 1704/3/3 1699/3/3 1703/3/3
f 1705/2/3 1701/2/3 1700/2/3
f 1705/2/3 1702/2/3 1701/2/3
f 1706/2/3 1702/2/3 1705/2/3
f 1707/2/3 1702/2/3 1706/2/3
f 1709/5/3 1706/5/3 1705/5/3
f 1710/5/3 1706/5/3 1709/5/3
f 1711/5/3 1706/5/3 1710/5/3
f 1712/3/3 1709/3/3 1708/3/3
f 1713/3/3 1709/3/3 1712/3/3
f 1714/3/3 1711/3/3 1710/3/3
f 1715/3/3 1711/3/3 1714/3/3
f 1721/3/3 1717/3/3 1716/3/3
f 1722/3/3 1717/3/3 1721/3/3
f 1724/3/3 1719/3/3 1718/3/3
f 1725/3/3 1719/3/3 1724/3/3
f 1726/3/3 1721/3/3 1720/3/3
f 1727/5/3 1723/5/3 1722/5/3
f 1727/3/3 1721/3/3 1726/3/3
f 1727/5/3 1722/5/3 1721/5/3
f 1728/5/3 1723/5/3 1727/5/3
f 1730/1/3 1728/1/3 1727/1/3
f 1731/1/3 1728/1/3 1730/1/3
f 1732/3/3 1730/3/3 1729/3/3
f 1733/5/3 1731/5/3 1730/5/3
f 1733/3/3 1730/3/3 1732/3/3
f 1734/5/3 1731/5/3 1733/5/3
f 1735/5/3 1731/5/3 1734/5/3
f 1738/3/3 1734/3/3 1733/3/3
f 1739/3/3 1734/3/3 1738/3/3
f 1740/3/3 1737/3/3 1736/3/3
f 1741/3/3 1737/3/3 1740/3/3
f 1745/3/3 1743/3/3 1742/3/3
f 1747/3/3 1745/3/3 1744/3/3
f 1748/3/3 1743/3/3 1745/3/3
f 1748/3/3 1745/3/3 1747/3/3
f 1749/3/3 1743/3/3 1748/3/3
f 1750/3/3 1747/3/3 1746/3/3
f 1750/3/3 1748/3/3 1747/3/3
f 1751/3/3 1748/3/3 1750/3/3
f 1752/3/3 1748/3/3 1751/3/3
f 1754/3/3 1753/3/3 1752/3/3
f 1754/3/3 1752/3/3 1751/3/3
f 1755/3/3 1753/3/3 1754/3/3
f 1756/3/3 1753/3/3 1755/3/3
f 1757/3/3 1753/3/3 1756/3/3
f 1763/1/3 1759/1/3 1758/1/3
f 1764/3/3 1760/3/3 1759/3/3
f 1764/1/3 1759/1/3 1763/1/3
f 1765/1/3 1761/1/3 1760/1/3
f 1765/3/3 1760/3/3 1764/3/3
f 1766/1/3 1761/1/3 1765/1/3
f 1768/3/3 1764/3/3 1763/3/3
f 1768/3/3 1763/3/3 1762/3/3
f 1768/1/3 1765/1/3 1764/1/3
f 1769/3/3 1766/3/3 1765/3/3
f 1769/1/3 1765/1/3 1768/1/3
f 1770/1/3 1767/1/3 1766/1/3
f 1770/3/3 1766/3/3 1769/3/3
f 1771/1/3 1767/1/3 1770/1/3
f 1772/3/3 1769/3/3 1768/3/3
f 1772/3/3 1768/3/3 1762/3/3
f 1772/3/3 1771/3/3 1770/3/3
f 1772/3/3 1770/3/3 1769/3/3
f 1773/3/3 1771/3/3 1772/3/3
f 1774/3/3 1771/3/3 1773/3/3
f 1775/3/3 1771/3/3 1774/3/3
f 1776/3/3 1772/3/3 1762/3/3
f 1777/3/3 1772/3/3 1776/3/3
f 1778/1/3 1773/1/3 1772/1/3
f 1778/3/3 1772/3/3 1777/3/3
f 1779/3/3 1774/3/3 1773/3/3
f 1779/1/3 1773/1/3 1778/1/3
f 1780/1/3 1775/1/3 1774/1/3
f 1780/3/3 1774/3/3 1779/3/3
f 1781/1/3 1775/1/3 1780/1/3
f 1782/1/3 1778/1/3 1777/1/3
f 1783/3/3 1779/3/3 1778/3/3
f 1783/1/3 1778/1/3 1782/1/3
f 1784/1/3 1780/1/3 1779/1/3
f 1784/3/3 1779/3/3 1783/3/3
f 1785/1/3 1780/1/3 1784/1/3
f 1788/5/3 1787/5/3 1786/5/3
f 1789/5/3 1787/5/3 1788/5/3
f 1795/3/3 1791/3/3 1790/3/3
f 1796/3/3 1791/3/3 1795/3/3
f 1797/5/3 1793/5/3 1792/5/3
f 1798/5/3 1793/5/3 1797/5/3
f 1802/3/3 1795/3/3 1794/3/3
f 1803/3/3 1795/3/3 1802/3/3
f 1805/5/3 1800/5/3 1799/5/3
f 1806/5/3 1800/5/3 1805/5/3
f 1808/3/3 1802/3/3 1801/3/3
f 1809/3/3 1802/3/3 1808/3/3
f 1811/3/3 1791/3/3 1796/3/3
f 1812/3/3 1791/3/3 1811/3/3
f 1813/3/3 1805/3/3 1804/3/3
f 1813/3/3 1806/3/3 1805/3/3
f 1814/3/3 1806/3/3 1813/3/3
f 1815/5/3 1807/5/3 1806/5/3
f 1815/3/3 1806/3/3 1814/3/3
f 1816/5/3 1807/5/3 1815/5/3
f 1817/3/3 1808/3/3 1801/3/3
f 1819/3/3 1811/3/3 1810/3/3
f 1820/3/3 1811/3/3 1819/3/3
f 1822/5/3 1815/5/3 1814/5/3
f 1823/5/3 1815/5/3 1822/5/3
f 1824/3/3 1818/3/3 1817/3/3
f 1824/3/3 1817/3/3 1801/3/3
f 1825/3/3 1818/3/3 1824/3/3
f 1827/3/3 1826/3/3 1825/3/3
f 1828/3/3 1826/3/3 1827/3/3
f 1829/3/3 1821/3/3 1820/3/3
f 1835/3/3 1829/3/3 1828/3/3
f 1836/3/3 1821/3/3 1829/3/3
f 1836/3/3 1829/3/3 1835/3/3
f 1837/4/3 1832/4/3 1831/4/3
f 1837/4/3 1831/4/3 1830/4/3
f 1838/4/3 1832/4/3 1837/4/3
f 1839/5/3 1834/5/3 1833/5/3
f 1840/5/3 1834/5/3 1839/5/3
f 1845/3/3 1842/3/3 1841/3/3
f 1846/1/3 1843/1/3 1842/1/3
f 1846/3/3 1842/3/3 1845/3/3
f 1847/1/3 1843/1/3 1846/1/3
f 1849/3/3 1845/3/3 1844/3/3
f 1849/1/3 1846/1/3 1845/1/3
f 1850/3/3 1847/3/3 1846/3/3
f 1850/1/3 1846/1/3 1849/1/3
f 1851/1/3 1848/1/3 1847/1/3
f 1851/3/3 1847/3/3 1850/3/3
f 1852/1/3 1848/1/3 1851/1/3
f 1853/3/3 1850/3/3 1849/3/3
f 1853/3/3 1849/3/3 1844/3/3
f 1853/3/3 1852/3/3 1851/3/3
f 1853/3/3 1851/3/3 1850/3/3
f 1854/3/3 1852/3/3 1853/3/3
f 1855/3/3 1852/3/3 1854/3/3
f 1856/3/3 1852/3/3 1855/3/3
f 1857/3/3 1853/3/3 1844/3/3
f 1858/1/3 1854/1/3 1853/1/3
f 1858/3/3 1853/3/3 1857/3/3
f 1859/3/3 1855/3/3 1854/3/3
f 1859/1/3 1854/1/3 1858/1/3
f 1860/1/3 1856/1/3 1855/1/3
f 1860/3/3 1855/3/3 1859/3/3
f 1861/1/3 1856/1/3 1860/1/3
f 1862/3/3 1859/3/3 1858/3/3
f 1863/1/3 1860/1/3 1859/1/3
f 1863/3/3 1859/3/3 1862/3/3
f 1864/1/3 1860/1/3 1863/1/3
f 1868/3/3 1866/3/3 1865/3/3
f 1869/3/3 1866/3/3 1868/3/3
f 1870/3/3 1866/3/3 1869/3/3
f 1871/3/3 1866/3/3 1870/3/3
f 1872/3/3 1866/3/3 1871/3/3
f 1874/3/3 1868/3/3 1867/3/3
f 1874/3/3 1869/3/3 1868/3/3
f 1875/3/3 1869/3/3 1874/3/3
f 1876/3/3 1873/3/3 1872/3/3
f 1877/3/3 1873/3/3 1876/3/3
f 1879/3/3 1878/3/3 1877/3/3
f 1882/3/3 1878/3/3 1879/3/3
f 1883/5/3 1881/5/3 1880/5/3
f 1884/5/3 1881/5/3 1883/5/3
f 1885/3/3 1874/3/3 1867/3/3
f 1888/3/3 1878/3/3 1882/3/3
f 1891/3/3 1886/3/3 1885/3/3
f 1891/3/3 1885/3/3 1867/3/3
f 1892/3/3 1886/3/3 1891/3/3
f 1893/3/3 1886/3/3 1892/3/3
f 1896/3/3 1888/3/3 1887/3/3
f 1897/3/3 1878/3/3 1888/3/3
f 1897/3/3 1888/3/3 1896/3/3
f 1898/3/3 1878/3/3 1897/3/3
f 1899/3/3 1890/3/3 1889/3/3
f 1900/3/3 1890/3/3 1899/3/3
f 1907/3/3 1895/3/3 1894/3/3
f 1907/3/3 1896/3/3 1895/3/3
f 1907/3/3 1897/3/3 1896/3/3
f 1907/3/3 1893/3/3 1892/3/3
f 1907/3/3 1894/3/3 1893/3/3
f 1908/3/3 1897/3/3 1907/3/3
f 1909/3/3 1901/3/3 1900/3/3
f 1912/3/3 1903/3/3 1902/3/3
f 1913/3/3 1903/3/3 1912/3/3
f 1915/5/3 1906/5/3 1905/5/3
f 1915/3/3 1905/3/3 1904/3/3
f 1916/5/3 1906/5/3 1915/5/3
f 1917/3/3 1910/3/3 1909/3/3
f 1917/3/3 1909/3/3 1900/3/3
f 1918/3/3 1910/3/3 1917/3/3
f 1919/3/3 1914/3/3 1913/3/3
f 1919/3/3 1913/3/3 1912/3/3
f 1919/3/3 1912/3/3 1911/3/3
f 1920/3/3 1914/3/3 1919/3/3
f 1921/3/3 1914/3/3 1920/3/3
f 1922/3/3 1914/3/3 1921/3/3
f 1923/3/3 1916/3/3 1915/3/3
f 1923/3/3 1915/3/3 1904/3/3
f 1924/3/3 1916/3/3 1923/3/3
f 1925/5/3 1906/5/3 1916/5/3
f 1925/3/3 1916/3/3 1924/3/3
f 1926/5/3 1906/5/3 1925/5/3
f 1930/3/3 1917/3/3 1900/3/3
f 1931/3/3 1917/3/3 1930/3/3
f 1932/3/3 1921/3/3 1920/3/3
f 1933/3/3 1921/3/3 1932/3/3
f 1934/3/3 1926/3/3 1925/3/3
f 1934/3/3 1925/3/3 1924/3/3
f 1935/3/3 1926/3/3 1934/3/3
f 1938/3/3 1928/3/3 1927/3/3
f 1939/3/3 1928/3/3 1938/3/3
f 1942/3/3 1930/3/3 1929/3/3
f 1943/3/3 1930/3/3 1942/3/3
f 1947/3/3 1937/3/3 1936/3/3
f 1948/3/3 1937/3/3 1947/3/3
f 1949/3/3 1928/3/3 1939/3/3
f 1950/3/3 1928/3/3 1949/3/3
f 1953/5/3 1941/5/3 1940/5/3
f 1954/5/3 1941/5/3 1953/5/3
f 1956/3/3 1945/3/3 1944/3/3
f 1957/3/3 1945/3/3 1956/3/3
f 1958/3/3 1945/3/3 1957/3/3
f 1961/3/3 1947/3/3 1946/3/3
f 1962/3/3 1947/3/3 1961/3/3
f 1963/3/3 1949/3/3 1939/3/3
f 1964/3/3 1949/3/3 1963/3/3
f 1965/3/3 1952/3/3 1951/3/3
f 1966/3/3 1952/3/3 1965/3/3
f 1968/5/3 1956/5/3 1955/5/3
f 1969/5/3 1956/5/3 1968/5/3
f 1970/3/3 1959/3/3 1958/3/3
f 1970/3/3 1958/3/3 1957/3/3
f 1971/3/3 1959/3/3 1970/3/3
f 1976/3/3 1968/3/3 1967/3/3
f 1977/3/3 1968/3/3 1976/3/3
f 1980/3/3 1959/3/3 1971/3/3
f 1981/3/3 1973/3/3 1972/3/3
f 1982/3/3 1973/3/3 1981/3/3
f 1983/6/3 1975/6/3 1974/6/3
f 1984/6/3 1975/6/3 1983/6/3
f 1985/5/3 1978/5/3 1977/5/3
f 1986/5/3 1978/5/3 1985/5/3
f 1987/3/3 1980/3/3 1979/3/3
f 1988/3/3 1959/3/3 1980/3/3
f 1988/3/3 1980/3/3 1987/3/3
f 1989/3/3 1959/3/3 1988/3/3
f 1990/3/3 1961/3/3 1960/3/3
f 1991/3/3 1961/3/3 1990/3/3
f 1999/3/3 1987/3/3 1986/3/3
f 1999/3/3 1988/3/3 1987/3/3
f 2000/3/3 1988/3/3 1999/3/3
f 2001/3/3 1992/3/3 1991/3/3
f 2002/3/3 1992/3/3 2001/3/3
f 2004/3/3 1994/3/3 1993/3/3
f 2006/3/3 1996/3/3 1995/3/3
f 2007/3/3 1996/3/3 2006/3/3
f 2008/3/3 1998/3/3 1997/3/3
f 2009/3/3 1998/3/3 2008/3/3
f 2015/3/3 2003/3/3 2002/3/3
f 2016/3/3 2003/3/3 2015/3/3
f 2018/3/3 2005/3/3 2004/3/3
f 2018/3/3 2004/3/3 1993/3/3
f 2019/3/3 2010/3/3 2009/3/3
f 2022/3/3 2012/3/3 2011/3/3
f 2023/3/3 2012/3/3 2022/3/3
f 2026/3/3 2014/3/3 2013/3/3
f 2027/3/3 2014/3/3 2026/3/3
f 2028/3/3 2014/3/3 2027/3/3
f 2029/3/3 2018/3/3 2017/3/3
f 2030/3/3 2005/3/3 2018/3/3
f 2030/3/3 2018/3/3 2029/3/3
f 2031/3/3 2020/3/3 2019/3/3
f 2031/3/3 2019/3/3 2009/3/3
f 2032/3/3 2020/3/3 2031/3/3
f 2033/3/3 2024/3/3 2023/3/3
f 2033/3/3 2022/3/3 2021/3/3
f 2033/3/3 2023/3/3 2022/3/3
f 2034/3/3 2024/3/3 2033/3/3
f 2035/3/3 2024/3/3 2034/3/3
f 2036/3/3 2024/3/3 2035/3/3
f 2037/3/3 2027/3/3 2026/3/3
f 2037/3/3 2026/3/3 2025/3/3
f 2038/5/3 2028/5/3 2027/5/3
f 2038/3/3 2027/3/3 2037/3/3
f 2040/3/3 2031/3/3 2009/3/3
f 2041/3/3 2031/3/3 2040/3/3
f 2042/3/3 2035/3/3 2034/3/3
f 2043/3/3 2035/3/3 2042/3/3
f 2044/3/3 2037/3/3 2025/3/3
f 2045/5/3 2038/5/3 2037/5/3
f 2045/3/3 2037/3/3 2044/3/3
f 2046/5/3 2028/5/3 2038/5/3
f 2046/5/3 2038/5/3 2045/5/3
f 2049/3/3 2040/3/3 2039/3/3
f 2050/3/3 2040/3/3 2049/3/3
f 2052/3/3 2048/3/3 2047/3/3
f 2053/3/3 2048/3/3 2052/3/3
f 2054/3/3 2048/3/3 2053/3/3
f 2055/3/3 2048/3/3 2054/3/3
f 2056/3/3 2048/3/3 2055/3/3
f 2060/3/3 2052/3/3 2051/3/3
f 2060/3/3 2053/3/3 2052/3/3
f 2061/3/3 2053/3/3 2060/3/3
f 2062/3/3 2057/3/3 2056/3/3
f 2062/3/3 2056/3/3 2055/3/3
f 2063/3/3 2057/3/3 2062/3/3
f 2064/5/3 2059/5/3 2058/5/3
f 2065/5/3 2059/5/3 2064/5/3
f 2066/3/3 2057/3/3 2063/3/3
f 2067/3/3 2057/3/3 2066/3/3
f 2068/3/3 2060/3/3 2051/3/3
f 2071/3/3 2057/3/3 2067/3/3
f 2072/3/3 2057/3/3 2071/3/3
f 2073/3/3 2069/3/3 2068/3/3
f 2073/3/3 2068/3/3 2051/3/3
f 2074/3/3 2069/3/3 2073/3/3
f 2075/3/3 2069/3/3 2074/3/3
f 2077/3/3 2071/3/3 2070/3/3
f 2078/3/3 2071/3/3 2077/3/3
f 2079/3/3 2076/3/3 2075/3/3
f 2079/3/3 2077/3/3 2076/3/3
f 2079/3/3 2075/3/3 2074/3/3
f 2080/3/3 2077/3/3 2079/3/3
f 2084/3/3 2082/3/3 2081/3/3
f 2085/3/3 2082/3/3 2084/3/3
f 2087/3/3 2084/3/3 2083/3/3
f 2088/3/3 2084/3/3 2087/3/3
f 2089/3/3 2086/3/3 2085/3/3
f 2090/3/3 2086/3/3 2089/3/3
f 2094/3/3 2091/3/3 2090/3/3
f 2095/3/3 2091/3/3 2094/3/3
f 2098/3/3 2097/3/3 2096/3/3
f 2099/3/3 2097/3/3 2098/3/3
f 2100/3/3 2097/3/3 2099/3/3
f 2104/3/3 2101/3/3 2100/3/3
f 2104/3/3 2100/3/3 2099/3/3
f 2105/3/3 2101/3/3 2104/3/3
f 2106/5/3 2093/5/3 2092/5/3
f 2107/5/3 2093/5/3 2106/5/3
f 2108/5/3 2103/5/3 2102/5/3
f 2109/5/3 2103/5/3 2108/5/3
f 2118/3/3 2110/3/3 2109/3/3
f 2119/3/3 2110/3/3 2118/3/3
f 2122/3/3 2112/3/3 2111/3/3
f 2123/3/3 2112/3/3 2122/3/3
f 2124/3/3 2112/3/3 2123/3/3
f 2125/3/3 2114/3/3 2113/3/3
f 2126/5/3 2115/5/3 2114/5/3
f 2126/3/3 2114/3/3 2125/3/3
f 2127/5/3 2115/5/3 2126/5/3
f 2128/5/3 2115/5/3 2127/5/3
f 2132/3/3 2117/3/3 2116/3/3
f 2133/3/3 2117/3/3 2132/3/3
f 2134/5/3 2120/5/3 2119/5/3
f 2135/6/3 2121/6/3 2120/6/3
f 2135/5/3 2120/5/3 2134/5/3
f 2136/6/3 2121/6/3 2135/6/3
f 2137/3/3 2122/3/3 2121/3/3
f 2137/6/3 2121/6/3 2136/6/3
f 2138/3/3 2122/3/3 2137/3/3
f 2139/6/3 2125/6/3 2124/6/3
f 2139/6/3 2124/6/3 2123/6/3
f 2140/6/3 2125/6/3 2139/6/3
f 2141/5/3 2131/5/3 2130/5/3
f 2142/5/3 2131/5/3 2141/5/3
f 2144/6/3 2136/6/3 2135/6/3
f 2145/3/3 2137/3/3 2136/3/3
f 2145/6/3 2136/6/3 2144/6/3
f 2146/3/3 2137/3/3 2145/3/3
f 2149/6/3 2125/6/3 2140/6/3
f 2150/6/3 2125/6/3 2149/6/3
f 2152/5/3 2129/5/3 2128/5/3
f 2156/5/3 2144/5/3 2143/5/3
f 2157/6/3 2145/6/3 2144/6/3
f 2157/6/3 2146/6/3 2145/6/3
f 2157/5/3 2144/5/3 2156/5/3
f 2158/3/3 2147/3/3 2146/3/3
f 2158/6/3 2146/6/3 2157/6/3
f 2159/3/3 2147/3/3 2158/3/3
f 2160/6/3 2151/6/3 2150/6/3
f 2160/6/3 2149/6/3 2148/6/3
f 2160/6/3 2150/6/3 2149/6/3
f 2161/6/3 2151/6/3 2160/6/3
f 2163/5/3 2129/5/3 2152/5/3
f 2164/5/3 2129/5/3 2163/5/3
f 2165/6/3 2154/6/3 2153/6/3
f 2166/6/3 2154/6/3 2165/6/3
f 2168/3/3 2156/3/3 2155/3/3
f 2169/3/3 2156/3/3 2168/3/3
f 2171/6/3 2163/6/3 2162/6/3
f 2172/6/3 2163/6/3 2171/6/3
f 2177/5/3 2168/5/3 2167/5/3
f 2178/5/3 2168/5/3 2177/5/3
f 2180/3/3 2171/3/3 2170/3/3
f 2181/3/3 2171/3/3 2180/3/3
f 2183/6/3 2174/6/3 2173/6/3
f 2184/6/3 2174/6/3 2183/6/3
f 2186/5/3 2176/5/3 2175/5/3
f 2187/5/3 2176/5/3 2186/5/3
f 2190/5/3 2180/5/3 2179/5/3
f 2191/5/3 2180/5/3 2190/5/3
f 2193/6/3 2183/6/3 2182/6/3
f 2194/6/3 2187/6/3 2186/6/3
f 2195/6/3 2189/6/3 2188/6/3
f 2196/6/3 2189/6/3 2195/6/3
f 2199/6/3 2193/6/3 2192/6/3
f 2200/6/3 2183/6/3 2193/6/3
f 2200/6/3 2193/6/3 2199/6/3
f 2201/6/3 2194/6/3 2186/6/3
f 2201/6/3 2195/6/3 2194/6/3
f 2202/6/3 2195/6/3 2201/6/3
f 2206/5/3 2198/5/3 2197/5/3
f 2207/5/3 2198/5/3 2206/5/3
f 2209/6/3 2183/6/3 2200/6/3
f 2210/6/3 2183/6/3 2209/6/3
f 2212/5/3 2186/5/3 2185/5/3
f 2213/6/3 2201/6/3 2186/6/3
f 2213/5/3 2186/5/3 2212/5/3
f 2214/6/3 2201/6/3 2213/6/3
f 2215/6/3 2203/6/3 2202/6/3
f 2216/6/3 2203/6/3 2215/6/3
f 2217/5/3 2205/5/3 2204/5/3
f 2218/5/3 2205/5/3 2217/5/3
f 2220/3/3 2208/3/3 2207/3/3
f 2221/3/3 2208/3/3 2220/3/3
f 2223/6/3 2211/6/3 2210/6/3
f 2224/6/3 2211/6/3 2223/6/3
f 2225/5/3 2214/5/3 2213/5/3
f 2226/5/3 2214/5/3 2225/5/3
f 2227/3/3 2219/3/3 2218/3/3
f 2228/3/3 2219/3/3 2227/3/3
f 2234/6/3 2222/6/3 2221/6/3
f 2235/6/3 2222/6/3 2234/6/3
f 2239/5/3 2229/5/3 2228/5/3
f 2240/6/3 2230/6/3 2229/6/3
f 2240/5/3 2229/5/3 2239/5/3
f 2241/6/3 2230/6/3 2240/6/3
f 2242/3/3 2231/3/3 2230/3/3
f 2242/6/3 2230/6/3 2241/6/3
f 2243/3/3 2231/3/3 2242/3/3
f 2244/6/3 2233/6/3 2232/6/3
f 2245/6/3 2233/6/3 2244/6/3
f 2246/6/3 2233/6/3 2245/6/3
f 2247/6/3 2233/6/3 2246/6/3
f 2248/5/3 2236/5/3 2235/5/3
f 2249/6/3 2238/6/3 2237/6/3
f 2250/6/3 2238/6/3 2249/6/3
f 2252/6/3 2241/6/3 2240/6/3
f 2253/3/3 2242/3/3 2241/3/3
f 2253/6/3 2241/6/3 2252/6/3
f 2254/3/3 2242/3/3 2253/3/3
f 2257/6/3 2246/6/3 2245/6/3
f 2261/5/3 2252/5/3 2251/5/3
f 2262/6/3 2253/6/3 2252/6/3
f 2262/6/3 2254/6/3 2253/6/3
f 2262/5/3 2252/5/3 2261/5/3
f 2263/3/3 2255/3/3 2254/3/3
f 2263/6/3 2254/6/3 2262/6/3
f 2264/3/3 2255/3/3 2263/3/3
f 2265/6/3 2257/6/3 2256/6/3
f 2266/6/3 2246/6/3 2257/6/3
f 2266/6/3 2257/6/3 2265/6/3
f 2267/6/3 2246/6/3 2266/6/3
f 2270/5/3 2236/5/3 2248/5/3
f 2271/5/3 2236/5/3 2270/5/3
f 2272/5/3 2259/5/3 2258/5/3
f 2273/5/3 2259/5/3 2272/5/3
f 2277/3/3 2261/3/3 2260/3/3
f 2278/3/3 2261/3/3 2277/3/3
f 2279/3/3 2266/3/3 2265/3/3
f 2279/3/3 2265/3/3 2264/3/3
f 2280/3/3 2266/3/3 2279/3/3
f 2281/3/3 2268/3/3 2267/3/3
f 2282/5/3 2269/5/3 2268/5/3
f 2282/3/3 2268/3/3 2281/3/3
f 2282/5/3 2270/5/3 2269/5/3
f 2283/5/3 2270/5/3 2282/5/3
f 2284/3/3 2275/3/3 2274/3/3
f 2285/3/3 2275/3/3 2284/3/3
f 2286/5/3 2277/5/3 2276/5/3
f 2287/5/3 2277/5/3 2286/5/3
f 2293/3/3 2289/3/3 2288/3/3
f 2294/3/3 2289/3/3 2293/3/3
f 2295/3/3 2289/3/3 2294/3/3
f 2296/3/3 2293/3/3 2292/3/3
f 2296/3/3 2294/3/3 2293/3/3
f 2297/3/3 2294/3/3 2296/3/3
f 2298/5/3 2291/5/3 2290/5/3
f 2299/5/3 2291/5/3 2298/5/3
f 2305/3/3 2301/3/3 2300/3/3
f 2306/3/3 2301/3/3 2305/3/3
f 2307/3/3 2303/3/3 2302/3/3
f 2308/3/3 2303/3/3 2307/3/3
f 2309/3/3 2305/3/3 2304/3/3
f 2310/3/3 2305/3/3 2309/3/3
f 2311/3/3 2309/3/3 2308/3/3
f 2312/3/3 2309/3/3 2311/3/3
f 2315/3/3 2314/3/3 2313/3/3
f 2316/3/3 2314/3/3 2315/3/3
f 2324/3/3 2317/3/3 2316/3/3
f 2325/3/3 2317/3/3 2324/3/3
f 2326/5/3 2319/5/3 2318/5/3
f 2327/5/3 2319/5/3 2326/5/3
f 2328/5/3 2319/5/3 2327/5/3
f 2330/3/3 2321/3/3 2320/3/3
f 2331/3/3 2321/3/3 2330/3/3
f 2332/5/3 2323/5/3 2322/5/3
f 2333/5/3 2323/5/3 2332/5/3
f 2334/3/3 2329/3/3 2328/3/3
f 2334/3/3 2328/3/3 2327/3/3
f 2335/6/3 2331/6/3 2330/6/3
f 2335/3/3 2329/3/3 2334/3/3
f 2335/6/3 2332/6/3 2331/6/3
f 2335/6/3 2330/6/3 2329/6/3
f 2336/6/3 2332/6/3 2335/6/3
f 2337/6/3 2332/6/3 2336/6/3
f 2338/6/3 2332/6/3 2337/6/3
f 2339/6/3 2332/6/3 2338/6/3
f 2347/5/3 2340/5/3 2339/5/3
f 2348/5/3 2340/5/3 2347/5/3
f 2350/3/3 2342/3/3 2341/3/3
f 2351/3/3 2342/3/3 2350/3/3
f 2352/3/3 2344/3/3 2343/3/3
f 2353/3/3 2344/3/3 2352/3/3
f 2354/3/3 2346/3/3 2345/3/3
f 2355/3/3 2346/3/3 2354/3/3
f 2356/3/3 2349/3/3 2348/3/3
f 2357/3/3 2349/3/3 2356/3/3
f 2361/5/3 2358/5/3 2357/5/3
f 2362/5/3 2358/5/3 2361/5/3
f 2363/5/3 2360/5/3 2359/5/3
f 2364/5/3 2360/5/3 2363/5/3
f 2365/6/3 2363/6/3 2362/6/3
f 2366/6/3 2363/6/3 2365/6/3
f 2369/6/3 2365/6/3 2362/6/3
f 2370/6/3 2365/6/3 2369/6/3
f 2371/3/3 2368/3/3 2367/3/3
f 2372/3/3 2368/3/3 2371/3/3
f 2377/6/3 2374/6/3 2373/6/3
f 2378/6/3 2374/6/3 2377/6/3
f 2379/6/3 2376/6/3 2375/6/3
f 2380/6/3 2376/6/3 2379/6/3
f 2385/6/3 2382/6/3 2381/6/3
f 2386/6/3 2382/6/3 2385/6/3
f 2387/6/3 2384/6/3 2383/6/3
f 2388/6/3 2384/6/3 2387/6/3
f 2391/3/3 2390/3/3 2389/3/3
f 2392/3/3 2390/3/3 2391/3/3
f 2397/6/3 2394/6/3 2393/6/3
f 2397/6/3 2395/6/3 2394/6/3
f 2398/6/3 2395/6/3 2397/6/3
f 2407/5/3 2397/5/3 2396/5/3
f 2408/5/3 2397/5/3 2407/5/3
f 2409/5/3 2399/5/3 2398/5/3
f 2410/5/3 2399/5/3 2409/5/3
f 2411/3/3 2401/3/3 2400/3/3
f 2412/3/3 2401/3/3 2411/3/3
f 2413/3/3 2403/3/3 2402/3/3
f 2414/3/3 2403/3/3 2413/3/3
f 2415/3/3 2405/3/3 2404/3/3
f 2416/3/3 2405/3/3 2415/3/3
f 2418/3/3 2407/3/3 2406/3/3
f 2419/3/3 2407/3/3 2418/3/3
f 2421/5/3 2418/5/3 2417/5/3
f 2422/5/3 2418/5/3 2421/5/3
f 2424/6/3 2421/6/3 2420/6/3
f 2426/6/3 2424/6/3 2423/6/3
f 2428/3/3 2426/3/3 2425/3/3
f 2429/3/3 2426/3/3 2428/3/3
f 2430/6/3 2424/6/3 2426/6/3
f 2430/3/3 2426/3/3 2429/3/3
f 2431/6/3 2421/6/3 2424/6/3
f 2431/6/3 2424/6/3 2430/6/3
f 2432/6/3 2421/6/3 2431/6/3
f 2433/6/3 2421/6/3 2432/6/3
f 2435/5/3 2429/5/3 2428/5/3
f 2435/5/3 2428/5/3 2427/5/3
f 2436/5/3 2429/5/3 2435/5/3
f 2437/3/3 2432/3/3 2431/3/3
f 2438/3/3 2432/3/3 2437/3/3
f 2439/5/3 2434/5/3 2433/5/3
f 2440/5/3 2434/5/3 2439/5/3
f 2444/3/3 2442/3/3 2441/3/3
f 2445/3/3 2442/3/3 2444/3/3
f 2446/3/3 2444/3/3 2443/3/3
f 2447/3/3 2444/3/3 2446/3/3
f 2452/3/3 2449/3/3 2448/3/3
f 2453/3/3 2449/3/3 2452/3/3
f 2454/3/3 2451/3/3 2450/3/3
f 2455/3/3 2451/3/3 2454/3/3
f 2460/3/3 2457/3/3 2456/3/3
f 2461/3/3 2457/3/3 2460/3/3
f 2462/3/3 2459/3/3 2458/3/3
f 2463/3/3 2459/3/3 2462/3/3
f 2466/5/3 2465/5/3 2464/5/3
f 2467/5/3 2465/5/3 2466/5/3
f 2468/5/3 2465/5/3 2467/5/3
f 2471/3/3 2470/3/3 2469/3/3
f 2472/3/3 2470/3/3 2471/3/3
f 2475/3/3 2474/3/3 2473/3/3
f 2476/3/3 2474/3/3 2475/3/3
f 2480/5/3 2478/5/3 2477/5/3
f 2480/5/3 2479/5/3 2478/5/3
f 2481/5/3 2479/5/3 2480/5/3
f 2484/6/3 2483/6/3 2482/6/3
f 2485/6/3 2483/6/3 2484/6/3
f 2488/5/3 2487/5/3 2486/5/3
f 2489/5/3 2487/5/3 2488/5/3
f 2492/5/3 2491/5/3 2490/5/3
f 2493/5/3 2491/5/3 2492/5/3
f 2494/4/4 2495/4/4 2497/4/4
f 2495/4/4 2496/4/4 2497/4/4
f 2497/4/4 2496/4/4 2498/4/4
f 2499/5/4 2500/5/4 2501/5/4
f 2501/5/4 2500/5/4 2502/5/4
f 2503/5/4 2504/5/4 2505/5/4
f 2505/5/4 2504/5/4 2506/5/4
f 2507/5/4 2508/5/4 2509/5/4
f 2509/5/4 2508/5/4 2510/5/4
f 2511/5/4 2512/5/4 2513/5/4
f 2513/5/4 2512/5/4 2514/5/4
f 2515/6/4 2516/6/4 2517/6/4
f 2517/6/4 2516/6/4 2518/6/4
f 2519/5/4 2520/5/4 2521/5/4
f 2521/5/4 2520/5/4 2522/5/4
f 2522/5/4 2520/5/4 2523/5/4
f 2524/3/4 2525/3/4 2530/3/4
f 2530/3/4 2525/3/4 2531/3/4
f 2526/3/4 2527/3/4 2532/3/4
f 2532/3/4 2527/3/4 2533/3/4
f 2528/3/4 2529/3/4 2534/3/4
f 2534/3/4 2529/3/4 2535/3/4
f 2536/3/4 2537/3/4 2538/3/4
f 2538/3/4 2537/3/4 2539/3/4
f 2540/3/4 2541/3/4 2545/3/4
f 2545/3/4 2541/3/4 2546/3/4
f 2542/3/4 2543/3/4 2547/3/4
f 2547/3/4 2543/3/4 2548/3/4
f 2544/6/4 2545/6/4 2549/6/4
f 2549/6/4 2545/6/4 2550/6/4
f 2551/6/4 2552/6/4 2553/6/4
f 2553/6/4 2552/6/4 2554/6/4
f 2554/3/4 2555/3/4 2560/3/4
f 2560/3/4 2555/3/4 2561/3/4
f 2556/3/4 2557/3/4 2562/3/4
f 2562/3/4 2557/3/4 2563/3/4
f 2558/3/4 2559/3/4 2564/3/4
f 2564/3/4 2559/3/4 2565/3/4
f 2566/3/4 2567/3/4 2572/3/4
f 2572/3/4 2567/3/4 2573/3/4
f 2568/3/4 2569/3/4 2574/3/4
f 2574/3/4 2569/3/4 2575/3/4
f 2570/3/4 2571/3/4 2576/3/4
f 2576/3/4 2571/3/4 2577/3/4
f 2578/5/4 2579/5/4 2581/5/4
f 2579/5/4 2580/5/4 2581/5/4
f 2581/5/4 2580/5/4 2582/5/4
f 2583/5/4 2584/5/4 2585/5/4
f 2585/5/4 2584/5/4 2586/5/4
f 2586/3/4 2587/3/4 2593/3/4
f 2593/3/4 2587/3/4 2594/3/4
f 2588/3/4 2589/3/4 2596/3/4
f 2596/3/4 2589/3/4 2597/3/4
f 2597/3/4 2589/3/4 2598/3/4
f 2590/3/4 2591/3/4 2599/3/4
f 2599/3/4 2591/3/4 2600/3/4
f 2591/5/4 2592/5/4 2601/5/4
f 2600/3/4 2591/3/4 2601/3/4
f 2601/5/4 2592/5/4 2602/5/4
f 2602/5/4 2592/5/4 2603/5/4
f 2594/6/4 2595/6/4 2605/6/4
f 2605/6/4 2595/6/4 2606/6/4
f 2606/6/4 2595/6/4 2607/6/4
f 2595/3/4 2596/3/4 2608/3/4
f 2607/6/4 2595/6/4 2608/6/4
f 2608/3/4 2596/3/4 2609/3/4
f 2599/6/4 2600/6/4 2610/6/4
f 2597/6/4 2598/6/4 2610/6/4
f 2598/6/4 2599/6/4 2610/6/4
f 2610/6/4 2600/6/4 2611/6/4
f 2611/6/4 2600/6/4 2612/6/4
f 2612/6/4 2600/6/4 2613/6/4
f 2606/6/4 2607/6/4 2615/6/4
f 2607/3/4 2608/3/4 2616/3/4
f 2615/6/4 2607/6/4 2616/6/4
f 2616/3/4 2608/3/4 2617/3/4
f 2611/6/4 2612/6/4 2620/6/4
f 2620/6/4 2612/6/4 2621/6/4
f 2603/5/4 2604/5/4 2623/5/4
f 2614/6/4 2615/6/4 2625/6/4
f 2615/6/4 2616/6/4 2625/6/4
f 2616/6/4 2617/6/4 2625/6/4
f 2617/3/4 2618/3/4 2626/3/4
f 2625/6/4 2617/6/4 2626/6/4
f 2626/3/4 2618/3/4 2627/3/4
f 2621/6/4 2622/6/4 2628/6/4
f 2620/6/4 2621/6/4 2628/6/4
f 2619/6/4 2620/6/4 2628/6/4
f 2628/6/4 2622/6/4 2629/6/4
f 2623/5/4 2604/5/4 2631/5/4
f 2631/5/4 2604/5/4 2632/5/4
f 2624/3/4 2625/3/4 2634/3/4
f 2634/3/4 2625/3/4 2635/3/4
f 2630/6/4 2631/6/4 2637/6/4
f 2637/6/4 2631/6/4 2638/6/4
f 2633/5/4 2634/5/4 2645/5/4
f 2645/5/4 2634/5/4 2646/5/4
f 2636/3/4 2637/3/4 2648/3/4
f 2648/3/4 2637/3/4 2649/3/4
f 2638/6/4 2631/6/4 2650/6/4
f 2650/6/4 2631/6/4 2651/6/4
f 2639/6/4 2640/6/4 2654/6/4
f 2654/6/4 2640/6/4 2655/6/4
f 2641/3/4 2642/3/4 2657/3/4
f 2657/3/4 2642/3/4 2658/3/4
f 2643/3/4 2644/3/4 2659/3/4
f 2659/3/4 2644/3/4 2660/3/4
f 2647/5/4 2648/5/4 2662/5/4
f 2662/5/4 2648/5/4 2663/5/4
f 2652/6/4 2653/6/4 2664/6/4
f 2664/6/4 2653/6/4 2665/6/4
f 2656/3/4 2657/3/4 2667/3/4
f 2667/3/4 2657/3/4 2668/3/4
f 2660/3/4 2661/3/4 2669/3/4
f 2669/3/4 2661/3/4 2670/3/4
f 2666/6/4 2667/6/4 2676/6/4
f 2676/6/4 2667/6/4 2677/6/4
f 2670/3/4 2671/3/4 2680/3/4
f 2680/3/4 2671/3/4 2681/3/4
f 2672/5/4 2673/5/4 2684/5/4
f 2684/5/4 2673/5/4 2685/5/4
f 2674/6/4 2675/6/4 2689/6/4
f 2689/6/4 2675/6/4 2690/6/4
f 2677/3/4 2678/3/4 2693/3/4
f 2693/3/4 2678/3/4 2694/3/4
f 2679/3/4 2680/3/4 2697/3/4
f 2697/3/4 2680/3/4 2698/3/4
f 2682/5/4 2683/5/4 2699/5/4
f 2699/5/4 2683/5/4 2700/5/4
f 2685/3/4 2686/3/4 2702/3/4
f 2702/3/4 2686/3/4 2703/3/4
f 2687/6/4 2688/6/4 2704/6/4
f 2691/6/4 2692/6/4 2705/6/4
f 2705/6/4 2692/6/4 2706/6/4
f 2694/3/4 2695/3/4 2707/3/4
f 2707/3/4 2695/3/4 2708/3/4
f 2696/3/4 2697/3/4 2709/3/4
f 2709/3/4 2697/3/4 2710/3/4
f 2700/3/4 2701/3/4 2711/3/4
f 2711/3/4 2701/3/4 2712/3/4
f 2703/6/4 2704/6/4 2717/6/4
f 2704/6/4 2688/6/4 2718/6/4
f 2717/6/4 2704/6/4 2718/6/4
f 2712/6/4 2713/6/4 2720/6/4
f 2720/6/4 2713/6/4 2721/6/4
f 2721/6/4 2713/6/4 2722/6/4
f 2713/3/4 2714/3/4 2723/3/4
f 2722/6/4 2713/6/4 2723/6/4
f 2723/3/4 2714/3/4 2724/3/4
f 2715/6/4 2716/6/4 2725/6/4
f 2725/6/4 2716/6/4 2726/6/4
f 2726/6/4 2716/6/4 2727/6/4
f 2727/6/4 2716/6/4 2728/6/4
f 2718/5/4 2719/5/4 2729/5/4
f 2721/6/4 2722/6/4 2731/6/4
f 2722/3/4 2723/3/4 2732/3/4
f 2731/6/4 2722/6/4 2732/6/4
f 2732/3/4 2723/3/4 2733/3/4
f 2726/6/4 2727/6/4 2736/6/4
f 2736/6/4 2727/6/4 2737/6/4
f 2730/6/4 2731/6/4 2740/6/4
f 2731/6/4 2732/6/4 2740/6/4
f 2732/6/4 2733/6/4 2740/6/4
f 2733/3/4 2734/3/4 2741/3/4
f 2740/6/4 2733/6/4 2741/6/4
f 2741/3/4 2734/3/4 2742/3/4
f 2737/6/4 2738/6/4 2743/6/4
f 2736/6/4 2737/6/4 2743/6/4
f 2735/6/4 2736/6/4 2743/6/4
f 2743/6/4 2738/6/4 2744/6/4
f 2744/6/4 2738/6/4 2745/6/4
f 2745/6/4 2738/6/4 2746/6/4
f 2729/5/4 2719/5/4 2749/5/4
f 2749/5/4 2719/5/4 2750/5/4
f 2739/3/4 2740/3/4 2752/3/4
f 2752/3/4 2740/3/4 2753/3/4
f 2742/3/4 2743/3/4 2754/3/4
f 2743/3/4 2744/3/4 2754/3/4
f 2754/3/4 2744/3/4 2755/3/4
f 2746/3/4 2747/3/4 2756/3/4
f 2745/3/4 2746/3/4 2756/3/4
f 2747/5/4 2748/5/4 2757/5/4
f 2756/3/4 2747/3/4 2757/3/4
f 2748/5/4 2749/5/4 2757/5/4
f 2757/5/4 2749/5/4 2758/5/4
f 2751/5/4 2752/5/4 2759/5/4
f 2759/5/4 2752/5/4 2760/5/4
f 2761/3/4 2762/3/4 2763/3/4
f 2763/3/4 2762/3/4 2764/3/4
f 2764/3/4 2765/3/4 2774/3/4
f 2774/3/4 2765/3/4 2775/3/4
f 2766/5/4 2767/5/4 2776/5/4
f 2776/5/4 2767/5/4 2777/5/4
f 2777/5/4 2767/5/4 2778/5/4
f 2768/3/4 2769/3/4 2780/3/4
f 2780/3/4 2769/3/4 2781/3/4
f 2770/3/4 2771/3/4 2782/3/4
f 2782/3/4 2771/3/4 2783/3/4
f 2772/5/4 2773/5/4 2784/5/4
f 2784/5/4 2773/5/4 2785/5/4
f 2778/3/4 2779/3/4 2786/3/4
f 2777/3/4 2778/3/4 2786/3/4
f 2779/6/4 2780/6/4 2787/6/4
f 2786/3/4 2779/3/4 2787/3/4
f 2787/6/4 2780/6/4 2788/6/4
f 2788/6/4 2780/6/4 2789/6/4
f 2789/6/4 2780/6/4 2790/6/4
f 2783/6/4 2784/6/4 2793/6/4
f 2790/6/4 2791/6/4 2794/6/4
f 2789/6/4 2790/6/4 2794/6/4
f 2794/6/4 2791/6/4 2795/6/4
f 2792/6/4 2793/6/4 2796/6/4
f 2793/6/4 2784/6/4 2797/6/4
f 2796/6/4 2793/6/4 2797/6/4
f 2797/5/4 2798/5/4 2801/5/4
f 2801/5/4 2798/5/4 2802/5/4
f 2799/3/4 2800/3/4 2804/3/4
f 2804/3/4 2800/3/4 2805/3/4
f 2802/3/4 2803/3/4 2812/3/4
f 2812/3/4 2803/3/4 2813/3/4
f 2805/3/4 2806/3/4 2817/3/4
f 2807/3/4 2808/3/4 2820/3/4
f 2820/3/4 2808/3/4 2821/3/4
f 2809/3/4 2810/3/4 2824/3/4
f 2810/5/4 2811/5/4 2825/5/4
f 2824/3/4 2810/3/4 2825/3/4
f 2825/5/4 2811/5/4 2826/5/4
f 2813/5/4 2814/5/4 2827/5/4
f 2827/5/4 2814/5/4 2828/5/4
f 2815/5/4 2816/5/4 2829/5/4
f 2829/5/4 2816/5/4 2830/5/4
f 2817/3/4 2818/3/4 2831/3/4
f 2805/3/4 2817/3/4 2831/3/4
f 2831/3/4 2818/3/4 2832/3/4
f 2821/3/4 2822/3/4 2833/3/4
f 2819/3/4 2820/3/4 2833/3/4
f 2820/3/4 2821/3/4 2833/3/4
f 2833/3/4 2822/3/4 2834/3/4
f 2834/3/4 2822/3/4 2835/3/4
f 2835/3/4 2822/3/4 2836/3/4
f 2823/3/4 2824/3/4 2837/3/4
f 2824/3/4 2825/3/4 2837/3/4
f 2825/3/4 2826/3/4 2837/3/4
f 2837/3/4 2826/3/4 2838/3/4
f 2826/5/4 2811/5/4 2839/5/4
f 2838/3/4 2826/3/4 2839/3/4
f 2839/5/4 2811/5/4 2840/5/4
f 2828/6/4 2829/6/4 2841/6/4
f 2841/6/4 2829/6/4 2842/6/4
f 2805/3/4 2831/3/4 2846/3/4
f 2846/3/4 2831/3/4 2847/3/4
f 2834/3/4 2835/3/4 2848/3/4
f 2848/3/4 2835/3/4 2849/3/4
f 2838/3/4 2839/3/4 2850/3/4
f 2839/3/4 2840/3/4 2850/3/4
f 2850/3/4 2840/3/4 2851/3/4
f 2828/6/4 2841/6/4 2853/6/4
f 2853/6/4 2841/6/4 2854/6/4
f 2843/3/4 2844/3/4 2855/3/4
f 2855/3/4 2844/3/4 2856/3/4
f 2845/3/4 2846/3/4 2857/3/4
f 2857/3/4 2846/3/4 2858/3/4
f 2852/3/4 2853/3/4 2862/3/4
f 2862/3/4 2853/3/4 2863/3/4
f 2859/3/4 2860/3/4 2865/3/4
f 2865/3/4 2860/3/4 2866/3/4
f 2861/3/4 2862/3/4 2871/3/4
f 2871/3/4 2862/3/4 2872/3/4
f 2864/5/4 2865/5/4 2876/5/4
f 2876/5/4 2865/5/4 2877/5/4
f 2867/3/4 2868/3/4 2878/3/4
f 2878/3/4 2868/3/4 2879/3/4
f 2869/6/4 2870/6/4 2880/6/4
f 2875/3/4 2876/3/4 2881/3/4
f 2881/3/4 2876/3/4 2882/3/4
f 2879/6/4 2880/6/4 2885/6/4
f 2880/6/4 2870/6/4 2886/6/4
f 2885/6/4 2880/6/4 2886/6/4
f 2882/5/4 2883/5/4 2887/5/4
f 2887/5/4 2883/5/4 2888/5/4
f 2884/3/4 2885/3/4 2890/3/4
f 2890/3/4 2885/3/4 2891/3/4
f 2886/6/4 2870/6/4 2892/6/4
f 2892/6/4 2870/6/4 2893/6/4
f 2873/3/4 2874/3/4 2896/3/4
f 2896/3/4 2874/3/4 2897/3/4
f 2888/3/4 2889/3/4 2900/3/4
f 2900/3/4 2889/3/4 2901/3/4
f 2894/3/4 2895/3/4 2902/3/4
f 2902/3/4 2895/3/4 2903/3/4
f 2898/3/4 2899/3/4 2905/3/4
f 2905/3/4 2899/3/4 2906/3/4
f 2903/3/4 2904/3/4 2912/3/4
f 2912/3/4 2904/3/4 2913/3/4
f 2906/3/4 2907/3/4 2916/3/4
f 2908/3/4 2909/3/4 2919/3/4
f 2919/3/4 2909/3/4 2920/3/4
f 2910/3/4 2911/3/4 2923/3/4
f 2923/3/4 2911/3/4 2924/3/4
f 2924/3/4 2911/3/4 2925/3/4
f 2914/3/4 2915/3/4 2929/3/4
f 2929/3/4 2915/3/4 2930/3/4
f 2916/3/4 2917/3/4 2931/3/4
f 2906/3/4 2916/3/4 2931/3/4
f 2931/3/4 2917/3/4 2932/3/4
f 2920/3/4 2921/3/4 2933/3/4
f 2918/3/4 2919/3/4 2933/3/4
f 2919/3/4 2920/3/4 2933/3/4
f 2933/3/4 2921/3/4 2934/3/4
f 2934/3/4 2921/3/4 2935/3/4
f 2935/3/4 2921/3/4 2936/3/4
f 2922/3/4 2923/3/4 2937/3/4
f 2923/3/4 2924/3/4 2937/3/4
f 2937/3/4 2924/3/4 2938/3/4
f 2938/3/4 2924/3/4 2939/3/4
f 2924/5/4 2925/5/4 2940/5/4
f 2939/3/4 2924/3/4 2940/3/4
f 2927/6/4 2928/6/4 2942/6/4
f 2926/6/4 2927/6/4 2942/6/4
f 2942/6/4 2928/6/4 2943/6/4
f 2906/3/4 2931/3/4 2946/3/4
f 2946/3/4 2931/3/4 2947/3/4
f 2934/3/4 2935/3/4 2948/3/4
f 2948/3/4 2935/3/4 2949/3/4
f 2938/3/4 2939/3/4 2950/3/4
f 2939/5/4 2940/5/4 2951/5/4
f 2950/3/4 2939/3/4 2951/3/4
f 2940/5/4 2925/5/4 2952/5/4
f 2951/5/4 2940/5/4 2952/5/4
f 2941/5/4 2942/5/4 2954/5/4
f 2954/5/4 2942/5/4 2955/5/4
f 2943/5/4 2944/5/4 2956/5/4
f 2956/5/4 2944/5/4 2957/5/4
f 2945/3/4 2946/3/4 2958/3/4
f 2958/3/4 2946/3/4 2959/3/4
f 2953/3/4 2954/3/4 2961/3/4
f 2961/3/4 2954/3/4 2962/3/4
f 2960/5/4 2961/5/4 2966/5/4
f 2966/5/4 2961/5/4 2967/5/4
f 2963/6/4 2964/6/4 2969/6/4
f 2969/6/4 2964/6/4 2970/6/4
f 2970/6/4 2964/6/4 2971/6/4
f 2965/6/4 2966/6/4 2972/6/4
f 2972/6/4 2966/6/4 2973/6/4
f 2968/6/4 2969/6/4 2975/6/4
f 2969/6/4 2970/6/4 2975/6/4
f 2974/3/4 2975/3/4 2977/3/4
f 2977/3/4 2975/3/4 2978/3/4
f 2975/6/4 2970/6/4 2979/6/4
f 2978/3/4 2975/3/4 2979/3/4
f 2979/6/4 2970/6/4 2980/6/4
f 2973/6/4 2966/6/4 2983/6/4
f 2983/6/4 2966/6/4 2984/6/4
f 2977/5/4 2978/5/4 2986/5/4
f 2976/5/4 2977/5/4 2986/5/4
f 2986/5/4 2978/5/4 2987/5/4
f 2980/3/4 2981/3/4 2988/3/4
f 2988/3/4 2981/3/4 2989/3/4
f 2982/3/4 2983/3/4 2990/3/4
f 2990/3/4 2983/3/4 2991/3/4
f 2984/5/4 2985/5/4 2992/5/4
f 2992/5/4 2985/5/4 2993/5/4
f 2994/3/4 2995/3/4 2997/3/4
f 2997/3/4 2995/3/4 2998/3/4
f 2996/3/4 2997/3/4 2999/3/4
f 2999/3/4 2997/3/4 3000/3/4
f 3001/3/4 3002/3/4 3004/3/4
f 3004/3/4 3002/3/4 3005/3/4
f 3003/3/4 3004/3/4 3009/3/4
f 3009/3/4 3004/3/4 3010/3/4
f 3005/3/4 3006/3/4 3011/3/4
f 3011/3/4 3006/3/4 3012/3/4
f 3007/3/4 3008/3/4 3015/3/4
f 3015/3/4 3008/3/4 3016/3/4
f 3012/3/4 3013/3/4 3020/3/4
f 3020/3/4 3013/3/4 3021/3/4
f 3022/3/4 3023/3/4 3024/3/4
f 3024/3/4 3023/3/4 3025/3/4
f 3025/3/4 3023/3/4 3026/3/4
f 3014/3/4 3015/3/4 3028/3/4
f 3015/3/4 3016/3/4 3028/3/4
f 3016/3/4 3017/3/4 3028/3/4
f 3028/3/4 3017/3/4 3029/3/4
f 3029/3/4 3017/3/4 3030/3/4
f 3030/3/4 3017/3/4 3031/3/4
f 3026/3/4 3027/3/4 3032/3/4
f 3025/3/4 3026/3/4 3032/3/4
f 3032/3/4 3027/3/4 3033/3/4
f 3029/3/4 3030/3/4 3034/3/4
f 3034/3/4 3030/3/4 3035/3/4
f 3018/5/4 3019/5/4 3036/5/4
f 3036/5/4 3019/5/4 3037/5/4
f 3038/3/4 3039/3/4 3044/3/4
f 3044/3/4 3039/3/4 3045/3/4
f 3042/5/4 3043/5/4 3046/5/4
f 3046/5/4 3043/5/4 3047/5/4
f 3040/5/4 3041/5/4 3050/5/4
f 3050/5/4 3041/5/4 3051/5/4
f 3048/3/4 3049/3/4 3054/3/4
f 3054/3/4 3049/3/4 3055/3/4
f 3052/3/4 3053/3/4 3058/3/4
f 3058/3/4 3053/3/4 3059/3/4
f 3055/3/4 3056/3/4 3060/3/4
f 3060/3/4 3056/3/4 3061/3/4
f 3057/3/4 3058/3/4 3068/3/4
f 3068/3/4 3058/3/4 3069/3/4
f 3061/3/4 3062/3/4 3070/3/4
f 3070/3/4 3062/3/4 3071/3/4
f 3063/3/4 3064/3/4 3073/3/4
f 3073/3/4 3064/3/4 3074/3/4
f 3065/5/4 3066/5/4 3077/5/4
f 3077/5/4 3066/5/4 3078/5/4
f 3067/3/4 3068/3/4 3080/3/4
f 3080/3/4 3068/3/4 3081/3/4
f 3072/3/4 3073/3/4 3083/3/4
f 3083/3/4 3073/3/4 3084/3/4
f 3074/3/4 3075/3/4 3085/3/4
f 3085/3/4 3075/3/4 3086/3/4
f 3076/3/4 3077/3/4 3088/3/4
f 3077/3/4 3078/3/4 3088/3/4
f 3088/3/4 3078/3/4 3089/3/4
f 3078/5/4 3079/5/4 3090/5/4
f 3089/3/4 3078/3/4 3090/3/4
f 3090/5/4 3079/5/4 3091/5/4
f 3067/3/4 3080/3/4 3092/3/4
f 3082/3/4 3083/3/4 3094/3/4
f 3094/3/4 3083/3/4 3095/3/4
f 3086/3/4 3087/3/4 3098/3/4
f 3098/3/4 3087/3/4 3099/3/4
f 3089/5/4 3090/5/4 3100/5/4
f 3100/5/4 3090/5/4 3101/5/4
f 3092/3/4 3093/3/4 3102/3/4
f 3067/3/4 3092/3/4 3102/3/4
f 3102/3/4 3093/3/4 3103/3/4
f 3095/3/4 3096/3/4 3107/3/4
f 3107/3/4 3096/3/4 3108/3/4
f 3097/3/4 3098/3/4 3109/3/4
f 3109/3/4 3098/3/4 3110/3/4
f 3103/3/4 3104/3/4 3111/3/4
f 3111/3/4 3104/3/4 3112/3/4
f 3105/3/4 3106/3/4 3115/3/4
f 3115/3/4 3106/3/4 3116/3/4
f 3108/3/4 3109/3/4 3117/3/4
f 3117/3/4 3109/3/4 3118/3/4
f 3112/3/4 3113/3/4 3121/3/4
f 3121/3/4 3113/3/4 3122/3/4
f 3114/3/4 3115/3/4 3124/3/4
f 3124/3/4 3115/3/4 3125/3/4
f 3123/3/4 3124/3/4 3126/3/4
f 3126/3/4 3124/3/4 3127/3/4
f 3119/5/4 3120/5/4 3130/5/4
f 3130/5/4 3120/5/4 3131/5/4
f 3128/5/4 3129/5/4 3132/5/4
f 3132/5/4 3129/5/4 3133/5/4
f 3134/3/4 3135/3/4 3136/3/4
f 3136/3/4 3135/3/4 3137/3/4
f 3138/3/4 3139/3/4 3145/3/4
f 3145/3/4 3139/3/4 3146/3/4
f 3146/3/4 3139/3/4 3147/3/4
f 3140/3/4 3141/3/4 3149/3/4
f 3149/3/4 3141/3/4 3150/3/4
f 3144/3/4 3145/3/4 3152/3/4
f 3145/3/4 3146/3/4 3152/3/4
f 3152/3/4 3146/3/4 3153/3/4
f 3150/3/4 3151/3/4 3154/3/4
f 3149/3/4 3150/3/4 3154/3/4
f 3148/3/4 3149/3/4 3154/3/4
f 3154/3/4 3151/3/4 3155/3/4
f 3155/3/4 3151/3/4 3156/3/4
f 3156/3/4 3151/3/4 3157/3/4
f 3142/5/4 3143/5/4 3158/5/4
f 3158/5/4 3143/5/4 3159/5/4
f 3155/3/4 3156/3/4 3162/3/4
f 3162/3/4 3156/3/4 3163/3/4
f 3160/3/4 3161/3/4 3167/3/4
f 3167/3/4 3161/3/4 3168/3/4
f 3164/3/4 3165/3/4 3169/3/4
f 3169/3/4 3165/3/4 3170/3/4
f 3166/3/4 3167/3/4 3171/3/4
f 3171/3/4 3167/3/4 3172/3/4
f 3170/3/4 3171/3/4 3173/3/4
f 3173/3/4 3171/3/4 3174/3/4
f 3175/3/4 3176/3/4 3178/3/4
f 3178/3/4 3176/3/4 3179/3/4
f 3179/3/4 3176/3/4 3180/3/4
f 3177/3/4 3178/3/4 3182/3/4
f 3178/3/4 3179/3/4 3182/3/4
f 3182/3/4 3179/3/4 3183/3/4
f 3180/3/4 3181/3/4 3184/3/4
f 3184/3/4 3181/3/4 3185/3/4
f 3187/5/4 3188/5/4 3189/5/4
f 3189/5/4 3188/5/4 3190/5/4
f 3177/3/4 3182/3/4 3191/3/4
f 3185/3/4 3186/3/4 3194/3/4
f 3191/3/4 3192/3/4 3195/3/4
f 3177/3/4 3191/3/4 3195/3/4
f 3195/3/4 3192/3/4 3196/3/4
f 3196/3/4 3192/3/4 3197/3/4
f 3193/3/4 3194/3/4 3198/3/4
f 3194/3/4 3186/3/4 3199/3/4
f 3198/3/4 3194/3/4 3199/3/4
f 3199/3/4 3186/3/4 3200/3/4
f 3196/3/4 3197/3/4 3201/3/4
f 3197/3/4 3198/3/4 3201/3/4
f 3198/3/4 3199/3/4 3201/3/4
f 3201/3/4 3199/3/4 3202/3/4
f 3203/3/4 3204/3/4 3205/3/4
f 3203/3/4 3205/3/4 3208/3/4
f 3205/3/4 3206/3/4 3208/3/4
f 3208/3/4 3206/3/4 3209/3/4
f 3207/3/4 3208/3/4 3212/3/4
f 3212/3/4 3208/3/4 3213/3/4
f 3209/3/4 3210/3/4 3214/3/4
f 3214/3/4 3210/3/4 3215/3/4
f 3211/3/4 3212/3/4 3220/3/4
f 3220/3/4 3212/3/4 3221/3/4
f 3221/3/4 3212/3/4 3222/3/4
f 3217/3/4 3218/3/4 3224/3/4
f 3224/3/4 3218/3/4 3225/3/4
f 3219/3/4 3220/3/4 3227/3/4
f 3220/3/4 3221/3/4 3227/3/4
f 3227/3/4 3221/3/4 3228/3/4
f 3228/3/4 3221/3/4 3229/3/4
f 3223/3/4 3224/3/4 3231/3/4
f 3231/3/4 3224/3/4 3232/3/4
f 3225/3/4 3226/3/4 3233/3/4
f 3233/3/4 3226/3/4 3234/3/4
f 3229/3/4 3230/3/4 3235/3/4
f 3228/3/4 3229/3/4 3235/3/4
f 3235/3/4 3230/3/4 3236/3/4
f 3215/3/4 3216/3/4 3239/3/4
f 3239/3/4 3216/3/4 3240/3/4
f 3232/3/4 3233/3/4 3241/3/4
f 3241/3/4 3233/3/4 3242/3/4
f 3236/3/4 3237/3/4 3243/3/4
f 3243/3/4 3237/3/4 3244/3/4
f 3238/3/4 3239/3/4 3245/3/4
f 3245/3/4 3239/3/4 3246/3/4
f 3244/3/4 3245/3/4 3247/3/4
f 3247/3/4 3245/3/4 3248/3/4
f 3244/3/4 3247/3/4 3249/3/4
f 3249/3/4 3247/3/4 3250/3/4
f 3251/3/4 3252/3/4 3254/3/4
f 3254/3/4 3252/3/4 3255/3/4
f 3255/3/4 3252/3/4 3256/3/4
f 3256/3/4 3252/3/4 3257/3/4
f 3253/3/4 3254/3/4 3261/3/4
f 3254/3/4 3255/3/4 3261/3/4
f 3261/3/4 3255/3/4 3262/3/4
f 3256/3/4 3257/3/4 3263/3/4
f 3257/3/4 3258/3/4 3263/3/4
f 3263/3/4 3258/3/4 3264/3/4
f 3259/5/4 3260/5/4 3265/5/4
f 3265/5/4 3260/5/4 3266/5/4
f 3253/3/4 3261/3/4 3267/3/4
f 3264/3/4 3258/3/4 3270/3/4
f 3270/3/4 3258/3/4 3271/3/4
f 3267/3/4 3268/3/4 3272/3/4
f 3253/3/4 3267/3/4 3272/3/4
f 3272/3/4 3268/3/4 3273/3/4
f 3273/3/4 3268/3/4 3274/3/4
f 3269/3/4 3270/3/4 3275/3/4
f 3275/3/4 3270/3/4 3276/3/4
f 3273/3/4 3274/3/4 3277/3/4
f 3274/3/4 3275/3/4 3277/3/4
f 3277/3/4 3275/3/4 3278/3/4
f 3279/3/4 3280/3/4 3282/3/4
f 3282/3/4 3280/3/4 3283/3/4
f 3281/3/4 3282/3/4 3285/3/4
f 3283/3/4 3284/3/4 3285/3/4
f 3282/3/4 3283/3/4 3285/3/4
f 3285/3/4 3284/3/4 3286/3/4
f 3286/3/4 3284/3/4 3287/3/4
f 3287/3/4 3284/3/4 3288/3/4
f 3286/3/4 3287/3/4 3289/3/4
f 3289/3/4 3287/3/4 3290/3/4
f 3291/3/4 3292/3/4 3294/3/4
f 3294/3/4 3292/3/4 3295/3/4
f 3293/3/4 3294/3/4 3298/3/4
f 3295/3/4 3296/3/4 3298/3/4
f 3294/3/4 3295/3/4 3298/3/4
f 3297/3/4 3298/3/4 3301/3/4
f 3298/3/4 3296/3/4 3302/3/4
f 3301/3/4 3298/3/4 3302/3/4
f 3299/3/4 3300/3/4 3303/3/4
f 3303/3/4 3300/3/4 3304/3/4
f 3302/3/4 3296/3/4 3305/3/4
f 3305/3/4 3296/3/4 3306/3/4
f 3306/3/4 3296/3/4 3307/3/4
f 3307/3/4 3296/3/4 3308/3/4
f 3306/3/4 3307/3/4 3309/3/4
f 3309/3/4 3307/3/4 3310/3/4
f 3311/3/4 3312/3/4 3314/3/4
f 3314/3/4 3312/3/4 3315/3/4
f 3313/3/4 3314/3/4 3317/3/4
f 3315/3/4 3316/3/4 3317/3/4
f 3314/3/4 3315/3/4 3317/3/4
f 3317/3/4 3316/3/4 3318/3/4
f 3318/3/4 3316/3/4 3319/3/4
f 3319/3/4 3316/3/4 3320/3/4
f 3318/3/4 3319/3/4 3321/3/4
f 3321/3/4 3319/3/4 3322/3/4
f 3328/5/5 3324/5/5 3323/5/5
f 3329/5/5 3324/5/5 3328/5/5
f 3332/5/5 3326/5/5 3325/5/5
f 3333/5/5 3326/5/5 3332/5/5
f 3336/3/5 3330/3/5 3329/3/5
f 3336/3/5 3328/3/5 3327/3/5
f 3336/3/5 3329/3/5 3328/3/5
f 3337/3/5 3330/3/5 3336/3/5
f 3340/3/5 3334/3/5 3333/3/5
f 3340/3/5 3333/3/5 3332/3/5
f 3340/3/5 3332/3/5 3331/3/5
f 3341/3/5 3334/3/5 3340/3/5
f 3343/5/5 3336/5/5 3335/5/5
f 3344/3/5 3337/3/5 3336/3/5
f 3344/5/5 3336/5/5 3343/5/5
f 3345/5/5 3338/5/5 3337/5/5
f 3345/3/5 3337/3/5 3344/3/5
f 3346/5/5 3338/5/5 3345/5/5
f 3347/5/5 3340/5/5 3339/5/5
f 3348/3/5 3341/3/5 3340/3/5
f 3348/5/5 3340/5/5 3347/5/5
f 3349/5/5 3342/5/5 3341/5/5
f 3349/3/5 3341/3/5 3348/3/5
f 3350/5/5 3342/5/5 3349/5/5
f 3351/3/5 3345/3/5 3344/3/5
f 3352/3/5 3345/3/5 3351/3/5
f 3353/3/5 3345/3/5 3352/3/5
f 3354/3/5 3345/3/5 3353/3/5
f 3355/3/5 3349/3/5 3348/3/5
f 3356/3/5 3349/3/5 3355/3/5
f 3357/3/5 3349/3/5 3356/3/5
f 3358/3/5 3349/3/5 3357/3/5
f 3359/5/5 3353/5/5 3352/5/5
f 3360/5/5 3353/5/5 3359/5/5
f 3361/5/5 3357/5/5 3356/5/5
f 3362/5/5 3357/5/5 3361/5/5
f 3367/3/5 3364/3/5 3363/3/5
f 3368/3/5 3364/3/5 3367/3/5
f 3369/3/5 3366/3/5 3365/3/5
f 3370/3/5 3366/3/5 3369/3/5
f 3375/3/5 3372/3/5 3371/3/5
f 3376/3/5 3372/3/5 3375/3/5
f 3377/3/5 3374/3/5 3373/3/5
f 3378/3/5 3374/3/5 3377/3/5
f 3383/3/5 3380/3/5 3379/3/5
f 3384/3/5 3380/3/5 3383/3/5
f 3385/3/5 3382/3/5 3381/3/5
f 3386/3/5 3382/3/5 3385/3/5
f 3396/3/5 3388/3/5 3387/3/5
f 3397/3/5 3388/3/5 3396/3/5
f 3398/3/5 3390/3/5 3389/3/5
f 3399/3/5 3390/3/5 3398/3/5
f 3400/3/5 3392/3/5 3391/3/5
f 3401/3/5 3392/3/5 3400/3/5
f 3402/3/5 3394/3/5 3393/3/5
f 3403/3/5 3394/3/5 3402/3/5
f 3405/3/5 3396/3/5 3395/3/5
f 3406/3/5 3396/3/5 3405/3/5
f 3407/3/5 3404/3/5 3403/3/5
f 3408/3/5 3404/3/5 3407/3/5
f 3413/3/5 3410/3/5 3409/3/5
f 3414/3/5 3410/3/5 3413/3/5
f 3421/3/5 3412/3/5 3411/3/5
f 3422/3/5 3412/3/5 3421/3/5
f 3423/3/5 3415/3/5 3414/3/5
f 3424/3/5 3415/3/5 3423/3/5
f 3425/3/5 3417/3/5 3416/3/5
f 3426/3/5 3417/3/5 3425/3/5
f 3427/3/5 3419/3/5 3418/3/5
f 3428/3/5 3419/3/5 3427/3/5
f 3429/3/5 3421/3/5 3420/3/5
f 3430/3/5 3421/3/5 3429/3/5
f 3435/5/5 3432/5/5 3431/5/5
f 3436/5/5 3432/5/5 3435/5/5
f 3437/5/5 3434/5/5 3433/5/5
f 3438/5/5 3434/5/5 3437/5/5
f 3443/5/5 3440/5/5 3439/5/5
f 3444/5/5 3440/5/5 3443/5/5
f 3445/5/5 3442/5/5 3441/5/5
f 3446/5/5 3442/5/5 3445/5/5
f 3451/5/5 3448/5/5 3447/5/5
f 3452/5/5 3448/5/5 3451/5/5
f 3453/5/5 3450/5/5 3449/5/5
f 3454/5/5 3450/5/5 3453/5/5
f 3459/5/5 3456/5/5 3455/5/5
f 3460/5/5 3456/5/5 3459/5/5
f 3461/5/5 3458/5/5 3457/5/5
f 3462/5/5 3458/5/5 3461/5/5
f 3473/3/5 3464/3/5 3463/3/5
f 3474/3/5 3464/3/5 3473/3/5
f 3476/3/5 3466/3/5 3465/3/5
f 3477/3/5 3466/3/5 3476/3/5
f 3479/3/5 3468/3/5 3467/3/5
f 3480/3/5 3468/3/5 3479/3/5
f 3486/3/5 3471/3/5 3470/3/5
f 3486/3/5 3470/3/5 3469/3/5
f 3487/3/5 3473/3/5 3472/3/5
f 3488/3/5 3473/3/5 3487/3/5
f 3489/3/5 3481/3/5 3480/3/5
f 3490/3/5 3481/3/5 3489/3/5
f 3491/3/5 3484/3/5 3483/3/5
f 3491/3/5 3483/3/5 3482/3/5
f 3493/3/5 3486/3/5 3485/3/5
f 3494/5/5 3488/5/5 3487/5/5
f 3495/5/5 3488/5/5 3494/5/5
f 3496/5/5 3490/5/5 3489/5/5
f 3497/5/5 3490/5/5 3496/5/5
f 3498/3/5 3492/3/5 3491/3/5
f 3499/3/5 3486/3/5 3493/3/5
f 3500/3/5 3495/3/5 3494/3/5
f 3501/3/5 3495/3/5 3500/3/5
f 3504/5/5 3476/5/5 3475/5/5
f 3505/3/5 3477/3/5 3476/3/5
f 3505/5/5 3476/5/5 3504/5/5
f 3506/5/5 3478/5/5 3477/5/5
f 3506/3/5 3477/3/5 3505/3/5
f 3507/5/5 3478/5/5 3506/5/5
f 3510/3/5 3497/3/5 3496/3/5
f 3511/3/5 3497/3/5 3510/3/5
f 3512/3/5 3498/3/5 3491/3/5
f 3513/3/5 3486/3/5 3499/3/5
f 3514/3/5 3471/3/5 3486/3/5
f 3514/3/5 3486/3/5 3513/3/5
f 3515/3/5 3503/3/5 3502/3/5
f 3516/3/5 3503/3/5 3515/3/5
f 3517/3/5 3506/3/5 3505/3/5
f 3518/3/5 3506/3/5 3517/3/5
f 3519/3/5 3509/3/5 3508/3/5
f 3520/3/5 3509/3/5 3519/3/5
f 3521/3/5 3512/3/5 3491/3/5
f 3521/3/5 3491/3/5 3482/3/5
f 3522/3/5 3512/3/5 3521/3/5
f 3523/3/5 3471/3/5 3514/3/5
f 3524/3/5 3471/3/5 3523/3/5
f 3525/3/5 3471/3/5 3524/3/5
f 3526/3/5 3521/3/5 3482/3/5
f 3527/3/5 3521/3/5 3526/3/5
f 3528/3/5 3521/3/5 3527/3/5
f 3534/3/5 3530/3/5 3529/3/5
f 3535/3/5 3530/3/5 3534/3/5
f 3539/3/5 3532/3/5 3531/3/5
f 3540/3/5 3532/3/5 3539/3/5
f 3542/5/5 3534/5/5 3533/5/5
f 3543/5/5 3534/5/5 3542/5/5
f 3544/5/5 3536/5/5 3535/5/5
f 3545/5/5 3536/5/5 3544/5/5
f 3547/3/5 3538/3/5 3537/3/5
f 3548/3/5 3538/3/5 3547/3/5
f 3553/3/5 3542/3/5 3541/3/5
f 3554/3/5 3542/3/5 3553/3/5
f 3557/3/5 3546/3/5 3545/3/5
f 3558/3/5 3546/3/5 3557/3/5
f 3563/3/5 3550/3/5 3549/3/5
f 3564/3/5 3550/3/5 3563/3/5
f 3565/3/5 3552/3/5 3551/3/5
f 3566/3/5 3552/3/5 3565/3/5
f 3567/5/5 3555/5/5 3554/5/5
f 3568/5/5 3555/5/5 3567/5/5
f 3569/5/5 3557/5/5 3556/5/5
f 3570/5/5 3557/5/5 3569/5/5
f 3571/3/5 3560/3/5 3559/3/5
f 3572/3/5 3560/3/5 3571/3/5
f 3573/3/5 3562/3/5 3561/3/5
f 3574/3/5 3562/3/5 3573/3/5
f 3575/3/5 3569/3/5 3568/3/5
f 3576/3/5 3569/3/5 3575/3/5
f 3582/5/5 3578/5/5 3577/5/5
f 3583/5/5 3578/5/5 3582/5/5
f 3584/5/5 3580/5/5 3579/5/5
f 3585/5/5 3580/5/5 3584/5/5
f 3588/3/5 3582/3/5 3581/3/5
f 3589/3/5 3582/3/5 3588/3/5
f 3590/3/5 3586/3/5 3585/3/5
f 3591/3/5 3586/3/5 3590/3/5
f 3593/6/5 3588/6/5 3587/6/5
f 3594/6/5 3588/6/5 3593/6/5
f 3597/6/5 3592/6/5 3591/6/5
f 3598/6/5 3592/6/5 3597/6/5
f 3599/3/5 3595/3/5 3594/3/5
f 3600/3/5 3595/3/5 3599/3/5
f 3603/3/5 3597/3/5 3596/3/5
f 3604/3/5 3597/3/5 3603/3/5
f 3605/5/5 3601/5/5 3600/5/5
f 3606/5/5 3601/5/5 3605/5/5
f 3607/5/5 3603/5/5 3602/5/5
f 3608/5/5 3603/5/5 3607/5/5
f 3613/3/5 3610/3/5 3609/3/5
f 3614/3/5 3610/3/5 3613/3/5
f 3617/3/5 3612/3/5 3611/3/5
f 3618/3/5 3612/3/5 3617/3/5
f 3619/3/5 3615/3/5 3614/3/5
f 3620/3/5 3615/3/5 3619/3/5
f 3621/3/5 3617/3/5 3616/3/5
f 3622/3/5 3617/3/5 3621/3/5
f 3627/3/5 3624/3/5 3623/3/5
f 3628/3/5 3624/3/5 3627/3/5
f 3629/3/5 3626/3/5 3625/3/5
f 3630/3/5 3626/3/5 3629/3/5
f 3639/3/5 3632/3/5 3631/3/5
f 3640/3/5 3632/3/5 3639/3/5
f 3641/3/5 3634/3/5 3633/3/5
f 3642/3/5 3634/3/5 3641/3/5
f 3643/3/5 3636/3/5 3635/3/5
f 3644/3/5 3636/3/5 3643/3/5
f 3645/3/5 3638/3/5 3637/3/5
f 3646/3/5 3638/3/5 3645/3/5
f 3651/6/5 3648/6/5 3647/6/5
f 3652/6/5 3648/6/5 3651/6/5
f 3653/6/5 3650/6/5 3649/6/5
f 3654/6/5 3650/6/5 3653/6/5
f 3659/6/5 3656/6/5 3655/6/5
f 3660/6/5 3656/6/5 3659/6/5
f 3661/6/5 3658/6/5 3657/6/5
f 3662/6/5 3658/6/5 3661/6/5
f 3666/3/5 3664/3/5 3663/3/5
f 3667/3/5 3664/3/5 3666/3/5
f 3669/6/5 3666/6/5 3665/6/5
f 3670/6/5 3666/6/5 3669/6/5
f 3671/6/5 3668/6/5 3667/6/5
f 3672/6/5 3668/6/5 3671/6/5
f 3675/3/5 3674/3/5 3673/3/5
f 3676/3/5 3674/3/5 3675/3/5
f 3680/3/5 3678/3/5 3677/3/5
f 3681/3/5 3678/3/5 3680/3/5
f 3683/3/5 3680/3/5 3679/3/5
f 3684/3/5 3680/3/5 3683/3/5
f 3685/3/5 3682/3/5 3681/3/5
f 3686/3/5 3682/3/5 3685/3/5
f 3691/3/5 3688/3/5 3687/3/5
f 3692/3/5 3688/3/5 3691/3/5
f 3693/3/5 3690/3/5 3689/3/5
f 3694/3/5 3690/3/5 3693/3/5
f 3697/3/5 3696/3/5 3695/3/5
f 3698/3/5 3696/3/5 3697/3/5
f 3704/5/5 3700/5/5 3699/5/5
f 3705/5/5 3700/5/5 3704/5/5
f 3708/5/5 3702/5/5 3701/5/5
f 3709/5/5 3702/5/5 3708/5/5
f 3711/5/5 3704/5/5 3703/5/5
f 3712/5/5 3704/5/5 3711/5/5
f 3713/5/5 3706/5/5 3705/5/5
f 3714/5/5 3706/5/5 3713/5/5
f 3715/5/5 3708/5/5 3707/5/5
f 3716/5/5 3708/5/5 3715/5/5
f 3717/5/5 3710/5/5 3709/5/5
f 3718/5/5 3710/5/5 3717/5/5
f 3719/5/5 3713/5/5 3712/5/5
f 3720/5/5 3713/5/5 3719/5/5
f 3723/5/5 3717/5/5 3716/5/5
f 3724/5/5 3717/5/5 3723/5/5
f 3725/3/5 3722/3/5 3721/3/5
f 3726/3/5 3722/3/5 3725/3/5
f 3732/3/5 3728/3/5 3727/3/5
f 3733/3/5 3728/3/5 3732/3/5
f 3734/3/5 3730/3/5 3729/3/5
f 3735/3/5 3730/3/5 3734/3/5
f 3740/3/5 3732/3/5 3731/3/5
f 3741/3/5 3732/3/5 3740/3/5
f 3742/3/5 3736/3/5 3735/3/5
f 3743/3/5 3736/3/5 3742/3/5
f 3748/3/5 3738/3/5 3737/3/5
f 3749/3/5 3738/3/5 3748/3/5
f 3750/3/5 3738/3/5 3749/3/5
f 3751/3/5 3740/3/5 3739/3/5
f 3752/3/5 3744/3/5 3743/3/5
f 3753/3/5 3746/3/5 3745/3/5
f 3754/3/5 3746/3/5 3753/3/5
f 3755/3/5 3746/3/5 3754/3/5
f 3757/3/5 3748/3/5 3747/3/5
f 3757/3/5 3749/3/5 3748/3/5
f 3758/3/5 3749/3/5 3757/3/5
f 3759/3/5 3738/3/5 3750/3/5
f 3760/3/5 3738/3/5 3759/3/5
f 3763/3/5 3753/3/5 3745/3/5
f 3764/3/5 3753/3/5 3763/3/5
f 3765/3/5 3756/3/5 3755/3/5
f 3765/3/5 3755/3/5 3754/3/5
f 3766/3/5 3756/3/5 3765/3/5
f 3767/3/5 3751/3/5 3739/3/5
f 3768/3/5 3744/3/5 3752/3/5
f 3769/3/5 3757/3/5 3747/3/5
f 3772/3/5 3761/3/5 3760/3/5
f 3773/3/5 3761/3/5 3772/3/5
f 3774/3/5 3767/3/5 3739/3/5
f 3775/3/5 3767/3/5 3774/3/5
f 3778/3/5 3744/3/5 3768/3/5
f 3779/3/5 3744/3/5 3778/3/5
f 3780/3/5 3763/3/5 3762/3/5
f 3781/3/5 3763/3/5 3780/3/5
f 3784/3/5 3756/3/5 3766/3/5
f 3785/3/5 3770/3/5 3769/3/5
f 3785/3/5 3769/3/5 3747/3/5
f 3786/3/5 3770/3/5 3785/3/5
f 3787/3/5 3770/3/5 3786/3/5
f 3788/3/5 3772/3/5 3771/3/5
f 3789/3/5 3776/3/5 3775/3/5
f 3790/3/5 3776/3/5 3789/3/5
f 3793/3/5 3778/3/5 3777/3/5
f 3794/3/5 3778/3/5 3793/3/5
f 3795/3/5 3782/3/5 3781/3/5
f 3796/3/5 3784/3/5 3783/3/5
f 3797/3/5 3756/3/5 3784/3/5
f 3797/3/5 3784/3/5 3796/3/5
f 3798/3/5 3756/3/5 3797/3/5
f 3799/3/5 3788/3/5 3787/3/5
f 3799/3/5 3787/3/5 3786/3/5
f 3800/3/5 3772/3/5 3788/3/5
f 3800/3/5 3788/3/5 3799/3/5
f 3801/3/5 3791/3/5 3790/3/5
f 3802/3/5 3791/3/5 3801/3/5
f 3803/3/5 3793/3/5 3792/3/5
f 3804/3/5 3793/3/5 3803/3/5
f 3805/3/5 3795/3/5 3781/3/5
f 3805/3/5 3796/3/5 3795/3/5
f 3805/3/5 3797/3/5 3796/3/5
f 3806/3/5 3797/3/5 3805/3/5
f 3813/3/5 3808/3/5 3807/3/5
f 3814/3/5 3808/3/5 3813/3/5
f 3819/3/5 3810/3/5 3809/3/5
f 3820/3/5 3810/3/5 3819/3/5
f 3824/3/5 3812/3/5 3811/3/5
f 3825/3/5 3812/3/5 3824/3/5
f 3826/3/5 3822/3/5 3821/3/5
f 3827/3/5 3822/3/5 3826/3/5
f 3829/3/5 3816/3/5 3815/3/5
f 3830/3/5 3816/3/5 3829/3/5
f 3833/3/5 3818/3/5 3817/3/5
f 3834/3/5 3818/3/5 3833/3/5
f 3836/5/5 3831/5/5 3830/5/5
f 3837/5/5 3831/5/5 3836/5/5
f 3838/5/5 3833/5/5 3832/5/5
f 3839/5/5 3833/5/5 3838/5/5
f 3841/3/5 3824/3/5 3823/3/5
f 3842/3/5 3824/3/5 3841/3/5
f 3845/3/5 3828/3/5 3827/3/5
f 3846/3/5 3828/3/5 3845/3/5
f 3847/3/5 3843/3/5 3842/3/5
f 3848/3/5 3843/3/5 3847/3/5
f 3851/3/5 3836/3/5 3835/3/5
f 3852/3/5 3836/3/5 3851/3/5
f 3855/3/5 3840/3/5 3839/3/5
f 3856/3/5 3840/3/5 3855/3/5
f 3859/3/5 3845/3/5 3844/3/5
f 3860/3/5 3845/3/5 3859/3/5
f 3861/3/5 3850/3/5 3849/3/5
f 3862/3/5 3850/3/5 3861/3/5
f 3863/3/5 3854/3/5 3853/3/5
f 3864/3/5 3854/3/5 3863/3/5
f 3865/3/5 3858/3/5 3857/3/5
f 3866/3/5 3858/3/5 3865/3/5
f 3876/3/5 3868/3/5 3867/3/5
f 3877/3/5 3868/3/5 3876/3/5
f 3878/3/5 3870/3/5 3869/3/5
f 3879/3/5 3870/3/5 3878/3/5
f 3885/1/5 3872/1/5 3871/1/5
f 3886/1/5 3872/1/5 3885/1/5
f 3887/1/5 3874/1/5 3873/1/5
f 3888/1/5 3874/1/5 3887/1/5
f 3889/3/5 3876/3/5 3875/3/5
f 3890/3/5 3876/3/5 3889/3/5
f 3891/3/5 3880/3/5 3879/3/5
f 3892/3/5 3880/3/5 3891/3/5
f 3893/3/5 3882/3/5 3881/3/5
f 3894/3/5 3882/3/5 3893/3/5
f 3895/3/5 3884/3/5 3883/3/5
f 3896/3/5 3884/3/5 3895/3/5
f 3901/5/5 3898/5/5 3897/5/5
f 3902/5/5 3898/5/5 3901/5/5
f 3905/5/5 3900/5/5 3899/5/5
f 3906/5/5 3900/5/5 3905/5/5
f 3908/6/5 3903/6/5 3902/6/5
f 3909/6/5 3903/6/5 3908/6/5
f 3913/6/5 3905/6/5 3904/6/5
f 3914/6/5 3905/6/5 3913/6/5
f 3916/5/5 3908/5/5 3907/5/5
f 3917/5/5 3908/5/5 3916/5/5
f 3918/3/5 3910/3/5 3909/3/5
f 3919/3/5 3910/3/5 3918/3/5
f 3922/3/5 3912/3/5 3911/3/5
f 3923/3/5 3912/3/5 3922/3/5
f 3924/5/5 3915/5/5 3914/5/5
f 3925/5/5 3915/5/5 3924/5/5
f 3930/3/5 3920/3/5 3919/3/5
f 3931/3/5 3920/3/5 3930/3/5
f 3934/3/5 3922/3/5 3921/3/5
f 3935/3/5 3922/3/5 3934/3/5
f 3940/3/5 3927/3/5 3926/3/5
f 3941/3/5 3927/3/5 3940/3/5
f 3942/3/5 3929/3/5 3928/3/5
f 3943/3/5 3929/3/5 3942/3/5
f 3944/3/5 3932/3/5 3931/3/5
f 3945/3/5 3932/3/5 3944/3/5
f 3946/3/5 3934/3/5 3933/3/5
f 3947/3/5 3934/3/5 3946/3/5
f 3948/3/5 3937/3/5 3936/3/5
f 3949/3/5 3937/3/5 3948/3/5
f 3950/3/5 3939/3/5 3938/3/5
f 3951/3/5 3939/3/5 3950/3/5
f 3956/6/5 3953/6/5 3952/6/5
f 3957/6/5 3953/6/5 3956/6/5
f 3960/6/5 3955/6/5 3954/6/5
f 3963/6/5 3959/6/5 3958/6/5
f 3964/6/5 3959/6/5 3963/6/5
f 3965/6/5 3960/6/5 3954/6/5
f 3966/6/5 3962/6/5 3961/6/5
f 3967/6/5 3962/6/5 3966/6/5
f 3970/6/5 3965/6/5 3954/6/5
f 3971/6/5 3965/6/5 3970/6/5
f 3972/3/5 3968/3/5 3967/3/5
f 3972/3/5 3967/3/5 3966/3/5
f 3973/3/5 3968/3/5 3972/3/5
f 3976/3/5 3971/3/5 3970/3/5
f 3976/3/5 3970/3/5 3969/3/5
f 3977/3/5 3971/3/5 3976/3/5
f 3978/3/5 3974/3/5 3973/3/5
f 3979/3/5 3974/3/5 3978/3/5
f 3980/3/5 3976/3/5 3975/3/5
f 3981/3/5 3976/3/5 3980/3/5
f 3986/3/5 3983/3/5 3982/3/5
f 3987/3/5 3983/3/5 3986/3/5
f 3988/3/5 3985/3/5 3984/3/5
f 3989/3/5 3985/3/5 3988/3/5
f 3993/6/5 3991/6/5 3990/6/5
f 3994/6/5 3991/6/5 3993/6/5
f 3996/6/5 3993/6/5 3992/6/5
f 3997/6/5 3993/6/5 3996/6/5
f 3998/6/5 3995/6/5 3994/6/5
f 3999/6/5 3995/6/5 3998/6/5
f 4002/3/5 4001/3/5 4000/3/5
f 4003/3/5 4001/3/5 4002/3/5
f 4006/3/5 4005/3/5 4004/3/5
f 4007/3/5 4005/3/5 4006/3/5
f 4012/3/5 4009/3/5 4008/3/5
f 4013/3/5 4009/3/5 4012/3/5
f 4014/3/5 4011/3/5 4010/3/5
f 4015/3/5 4011/3/5 4014/3/5
f 4017/6/5 4013/6/5 4012/6/5
f 4018/6/5 4013/6/5 4017/6/5
f 4019/6/5 4015/6/5 4014/6/5
f 4020/6/5 4015/6/5 4019/6/5
f 4022/6/5 4018/6/5 4017/6/5
f 4022/3/5 4017/3/5 4016/3/5
f 4023/6/5 4018/6/5 4022/6/5
f 4024/6/5 4020/6/5 4019/6/5
f 4025/3/5 4021/3/5 4020/3/5
f 4025/6/5 4020/6/5 4024/6/5
f 4026/3/5 4022/3/5 4016/3/5
f 4027/3/5 4022/3/5 4026/3/5
f 4030/3/5 4021/3/5 4025/3/5
f 4031/3/5 4021/3/5 4030/3/5
f 4032/3/5 4028/3/5 4027/3/5
f 4033/3/5 4028/3/5 4032/3/5
f 4034/3/5 4030/3/5 4029/3/5
f 4035/3/5 4030/3/5 4034/3/5
f 4036/3/5 4034/3/5 4033/3/5
f 4037/3/5 4034/3/5 4036/3/5
f 4042/3/5 4039/3/5 4038/3/5
f 4043/3/5 4041/3/5 4040/3/5
f 4044/3/5 4042/3/5 4038/3/5
f 4045/3/5 4042/3/5 4044/3/5
f 4046/3/5 4041/3/5 4043/3/5
f 4047/3/5 4041/3/5 4046/3/5
f 4052/3/5 4049/3/5 4048/3/5
f 4053/3/5 4049/3/5 4052/3/5
f 4056/3/5 4051/3/5 4050/3/5
f 4057/3/5 4051/3/5 4056/3/5
f 4058/3/5 4054/3/5 4053/3/5
f 4059/3/5 4054/3/5 4058/3/5
f 4060/3/5 4056/3/5 4055/3/5
f 4061/3/5 4056/3/5 4060/3/5
f 4062/3/5 4060/3/5 4059/3/5
f 4063/3/5 4060/3/5 4062/3/5
f 4068/3/5 4065/3/5 4064/3/5
f 4069/3/5 4065/3/5 4068/3/5
f 4070/3/5 4067/3/5 4066/3/5
f 4071/3/5 4067/3/5 4070/3/5
f 4074/5/5 4073/5/5 4072/5/5
f 4075/5/5 4073/5/5 4074/5/5
f 4080/3/5 4077/3/5 4076/3/5
f 4081/3/5 4077/3/5 4080/3/5
f 4084/3/5 4079/3/5 4078/3/5
f 4085/3/5 4079/3/5 4084/3/5
f 4086/3/5 4082/3/5 4081/3/5
f 4087/3/5 4082/3/5 4086/3/5
f 4088/3/5 4084/3/5 4083/3/5
f 4089/3/5 4084/3/5 4088/3/5
f 4090/3/5 4088/3/5 4087/3/5
f 4091/3/5 4088/3/5 4090/3/5
f 4096/3/5 4093/3/5 4092/3/5
f 4097/3/5 4093/3/5 4096/3/5
f 4100/3/5 4095/3/5 4094/3/5
f 4101/3/5 4095/3/5 4100/3/5
f 4102/5/5 4098/5/5 4097/5/5
f 4103/2/5 4099/2/5 4098/2/5
f 4103/5/5 4098/5/5 4102/5/5
f 4104/5/5 4100/5/5 4099/5/5
f 4104/2/5 4099/2/5 4103/2/5
f 4105/5/5 4100/5/5 4104/5/5
f 4108/5/5 4107/5/5 4106/5/5
f 4109/5/5 4107/5/5 4108/5/5
f 4114/3/5 4111/3/5 4110/3/5
f 4115/3/5 4111/3/5 4114/3/5
f 4116/3/5 4113/3/5 4112/3/5
f 4117/3/5 4113/3/5 4116/3/5
f 4120/4/5 4119/4/5 4118/4/5
f 4121/4/5 4119/4/5 4120/4/5
f 4124/3/5 4123/3/5 4122/3/5
f 4125/3/5 4123/3/5 4124/3/5
f 4126/5/6 4127/5/6 4131/5/6
f 4131/5/6 4127/5/6 4132/5/6
f 4128/5/6 4129/5/6 4135/5/6
f 4135/5/6 4129/5/6 4136/5/6
f 4130/3/6 4131/3/6 4139/3/6
f 4139/3/6 4131/3/6 4140/3/6
f 4132/3/6 4133/3/6 4141/3/6
f 4141/3/6 4133/3/6 4142/3/6
f 4134/3/6 4135/3/6 4145/3/6
f 4145/3/6 4135/3/6 4146/3/6
f 4136/3/6 4137/3/6 4147/3/6
f 4147/3/6 4137/3/6 4148/3/6
f 4138/5/6 4139/5/6 4150/5/6
f 4150/5/6 4139/5/6 4151/5/6
f 4142/5/6 4143/5/6 4154/5/6
f 4154/5/6 4143/5/6 4155/5/6
f 4144/5/6 4145/5/6 4156/5/6
f 4156/5/6 4145/5/6 4157/5/6
f 4148/5/6 4149/5/6 4160/5/6
f 4160/5/6 4149/5/6 4161/5/6
f 4151/3/6 4152/3/6 4162/3/6
f 4162/3/6 4152/3/6 4163/3/6
f 4153/3/6 4154/3/6 4164/3/6
f 4164/3/6 4154/3/6 4165/3/6
f 4157/3/6 4158/3/6 4166/3/6
f 4166/3/6 4158/3/6 4167/3/6
f 4159/3/6 4160/3/6 4168/3/6
f 4168/3/6 4160/3/6 4169/3/6
f 4163/5/6 4164/5/6 4170/5/6
f 4170/5/6 4164/5/6 4171/5/6
f 4167/5/6 4168/5/6 4172/5/6
f 4172/5/6 4168/5/6 4173/5/6
f 4174/3/6 4175/3/6 4183/3/6
f 4183/3/6 4175/3/6 4184/3/6
f 4176/3/6 4177/3/6 4185/3/6
f 4185/3/6 4177/3/6 4186/3/6
f 4178/3/6 4179/3/6 4189/3/6
f 4189/3/6 4179/3/6 4190/3/6
f 4180/3/6 4181/3/6 4191/3/6
f 4191/3/6 4181/3/6 4192/3/6
f 4182/3/6 4183/3/6 4194/3/6
f 4194/3/6 4183/3/6 4195/3/6
f 4186/3/6 4187/3/6 4196/3/6
f 4196/3/6 4187/3/6 4197/3/6
f 4188/3/6 4189/3/6 4198/3/6
f 4198/3/6 4189/3/6 4199/3/6
f 4192/3/6 4193/3/6 4200/3/6
f 4200/3/6 4193/3/6 4201/3/6
f 4202/3/6 4203/3/6 4210/3/6
f 4210/3/6 4203/3/6 4211/3/6
f 4204/3/6 4205/3/6 4214/3/6
f 4214/3/6 4205/3/6 4215/3/6
f 4206/3/6 4207/3/6 4216/3/6
f 4216/3/6 4207/3/6 4217/3/6
f 4208/3/6 4209/3/6 4220/3/6
f 4220/3/6 4209/3/6 4221/3/6
f 4211/3/6 4212/3/6 4222/3/6
f 4222/3/6 4212/3/6 4223/3/6
f 4213/3/6 4214/3/6 4224/3/6
f 4224/3/6 4214/3/6 4225/3/6
f 4217/3/6 4218/3/6 4226/3/6
f 4226/3/6 4218/3/6 4227/3/6
f 4219/3/6 4220/3/6 4228/3/6
f 4228/3/6 4220/3/6 4229/3/6
f 4230/3/6 4231/3/6 4234/3/6
f 4234/3/6 4231/3/6 4235/3/6
f 4232/3/6 4233/3/6 4236/3/6
f 4236/3/6 4233/3/6 4237/3/6
f 4238/3/6 4239/3/6 4246/3/6
f 4246/3/6 4239/3/6 4247/3/6
f 4240/3/6 4241/3/6 4248/3/6
f 4248/3/6 4241/3/6 4249/3/6
f 4242/3/6 4243/3/6 4250/3/6
f 4250/3/6 4243/3/6 4251/3/6
f 4244/3/6 4245/3/6 4252/3/6
f 4252/3/6 4245/3/6 4253/3/6
f 4254/3/6 4255/3/6 4258/3/6
f 4258/3/6 4255/3/6 4259/3/6
f 4256/3/6 4257/3/6 4260/3/6
f 4260/3/6 4257/3/6 4261/3/6
f 4262/3/6 4263/3/6 4270/3/6
f 4270/3/6 4263/3/6 4271/3/6
f 4264/3/6 4265/3/6 4272/3/6
f 4272/3/6 4265/3/6 4273/3/6
f 4266/3/6 4267/3/6 4274/3/6
f 4274/3/6 4267/3/6 4275/3/6
f 4268/3/6 4269/3/6 4276/3/6
f 4276/3/6 4269/3/6 4277/3/6
f 4278/3/6 4279/3/6 4286/3/6
f 4286/3/6 4279/3/6 4287/3/6
f 4280/3/6 4281/3/6 4288/3/6
f 4288/3/6 4281/3/6 4289/3/6
f 4282/3/6 4283/3/6 4290/3/6
f 4290/3/6 4283/3/6 4291/3/6
f 4284/3/6 4285/3/6 4292/3/6
f 4292/3/6 4285/3/6 4293/3/6
f 4294/3/6 4295/3/6 4300/3/6
f 4300/3/6 4295/3/6 4301/3/6
f 4296/3/6 4297/3/6 4302/3/6
f 4302/3/6 4297/3/6 4303/3/6
f 4298/3/6 4299/3/6 4306/3/6
f 4306/3/6 4299/3/6 4307/3/6
f 4304/3/6 4305/3/6 4308/3/6
f 4308/3/6 4305/3/6 4309/3/6
f 4310/3/6 4311/3/6 4314/3/6
f 4314/3/6 4311/3/6 4315/3/6
f 4312/3/6 4313/3/6 4320/3/6
f 4320/3/6 4313/3/6 4321/3/6
f 4316/3/6 4317/3/6 4322/3/6
f 4322/3/6 4317/3/6 4323/3/6
f 4318/3/6 4319/3/6 4324/3/6
f 4324/3/6 4319/3/6 4325/3/6
f 4326/3/6 4327/3/6 4330/3/6
f 4330/3/6 4327/3/6 4331/3/6
f 4328/3/6 4329/3/6 4332/3/6
f 4332/3/6 4329/3/6 4333/3/6
f 4334/5/6 4335/5/6 4338/5/6
f 4338/5/6 4335/5/6 4339/5/6
f 4336/5/6 4337/5/6 4340/5/6
f 4340/5/6 4337/5/6 4341/5/6
f 4342/5/6 4343/5/6 4346/5/6
f 4346/5/6 4343/5/6 4347/5/6
f 4344/5/6 4345/5/6 4348/5/6
f 4348/5/6 4345/5/6 4349/5/6
f 4350/5/6 4351/5/6 4354/5/6
f 4354/5/6 4351/5/6 4355/5/6
f 4352/5/6 4353/5/6 4356/5/6
f 4356/5/6 4353/5/6 4357/5/6
f 4358/5/6 4359/5/6 4362/5/6
f 4362/5/6 4359/5/6 4363/5/6
f 4360/5/6 4361/5/6 4364/5/6
f 4364/5/6 4361/5/6 4365/5/6
f 4366/5/6 4367/5/6 4370/5/6
f 4370/5/6 4367/5/6 4371/5/6
f 4368/5/6 4369/5/6 4372/5/6
f 4372/5/6 4369/5/6 4373/5/6
f 4374/3/6 4375/3/6 4378/3/6
f 4378/3/6 4375/3/6 4379/3/6
f 4376/3/6 4377/3/6 4380/3/6
f 4380/3/6 4377/3/6 4381/3/6
f 4382/3/6 4383/3/6 4388/3/6
f 4388/3/6 4383/3/6 4389/3/6
f 4384/3/6 4385/3/6 4390/3/6
f 4390/3/6 4385/3/6 4391/3/6
f 4386/3/6 4387/3/6 4394/3/6
f 4394/3/6 4387/3/6 4395/3/6
f 4392/3/6 4393/3/6 4396/3/6
f 4396/3/6 4393/3/6 4397/3/6
f 4398/5/6 4399/5/6 4405/5/6
f 4405/5/6 4399/5/6 4406/5/6
f 4400/5/6 4401/5/6 4415/5/6
f 4401/3/6 4402/3/6 4416/3/6
f 4415/5/6 4401/5/6 4416/5/6
f 4416/3/6 4402/3/6 4417/3/6
f 4403/3/6 4404/3/6 4418/3/6
f 4418/3/6 4404/3/6 4419/3/6
f 4407/3/6 4408/3/6 4420/3/6
f 4420/3/6 4408/3/6 4421/3/6
f 4409/3/6 4410/3/6 4422/3/6
f 4410/5/6 4411/5/6 4423/5/6
f 4422/3/6 4410/3/6 4423/3/6
f 4423/5/6 4411/5/6 4424/5/6
f 4412/3/6 4413/3/6 4428/3/6
f 4428/3/6 4413/3/6 4429/3/6
f 4426/3/6 4427/3/6 4430/3/6
f 4430/3/6 4427/3/6 4431/3/6
f 4414/5/6 4415/5/6 4432/5/6
f 4432/5/6 4415/5/6 4433/5/6
f 4418/6/6 4419/6/6 4435/6/6
f 4417/6/6 4418/6/6 4435/6/6
f 4435/6/6 4419/6/6 4436/6/6
f 4421/6/6 4422/6/6 4437/6/6
f 4420/6/6 4421/6/6 4437/6/6
f 4437/6/6 4422/6/6 4438/6/6
f 4424/5/6 4425/5/6 4440/5/6
f 4440/5/6 4425/5/6 4441/5/6
f 4433/5/6 4434/5/6 4444/5/6
f 4434/3/6 4435/3/6 4445/3/6
f 4444/5/6 4434/5/6 4445/5/6
f 4445/3/6 4435/3/6 4446/3/6
f 4438/3/6 4439/3/6 4451/3/6
f 4439/5/6 4440/5/6 4452/5/6
f 4451/3/6 4439/3/6 4452/3/6
f 4452/5/6 4440/5/6 4453/5/6
f 4442/3/6 4443/3/6 4456/3/6
f 4456/3/6 4443/3/6 4457/3/6
f 4447/5/6 4448/5/6 4458/5/6
f 4458/5/6 4448/5/6 4459/5/6
f 4449/5/6 4450/5/6 4460/5/6
f 4460/5/6 4450/5/6 4461/5/6
f 4454/3/6 4455/3/6 4462/3/6
f 4462/3/6 4455/3/6 4463/3/6
f 4464/3/6 4465/3/6 4468/3/6
f 4468/3/6 4465/3/6 4469/3/6
f 4469/3/6 4465/3/6 4470/3/6
f 4470/3/6 4465/3/6 4471/3/6
f 4468/6/6 4469/6/6 4474/6/6
f 4474/6/6 4469/6/6 4475/6/6
f 4470/6/6 4471/6/6 4476/6/6
f 4476/6/6 4471/6/6 4477/6/6
f 4466/5/6 4467/5/6 4478/5/6
f 4478/5/6 4467/5/6 4479/5/6
f 4472/5/6 4473/5/6 4484/5/6
f 4484/5/6 4473/5/6 4485/5/6
f 4480/3/6 4481/3/6 4486/3/6
f 4486/3/6 4481/3/6 4487/3/6
f 4482/3/6 4483/3/6 4488/3/6
f 4488/3/6 4483/3/6 4489/3/6
f 4487/5/6 4488/5/6 4490/5/6
f 4490/5/6 4488/5/6 4491/5/6
f 4492/3/6 4493/3/6 4496/3/6
f 4496/3/6 4493/3/6 4497/3/6
f 4494/3/6 4495/3/6 4498/3/6
f 4498/3/6 4495/3/6 4499/3/6
f 4500/3/6 4501/3/6 4508/3/6
f 4508/3/6 4501/3/6 4509/3/6
f 4502/3/6 4503/3/6 4510/3/6
f 4510/3/6 4503/3/6 4511/3/6
f 4504/3/6 4505/3/6 4512/3/6
f 4512/3/6 4505/3/6 4513/3/6
f 4506/3/6 4507/3/6 4514/3/6
f 4514/3/6 4507/3/6 4515/3/6
f 4516/3/6 4517/3/6 4520/3/6
f 4520/3/6 4517/3/6 4521/3/6
f 4518/3/6 4519/3/6 4524/3/6
f 4524/3/6 4519/3/6 4525/3/6
f 4521/3/6 4522/3/6 4526/3/6
f 4526/3/6 4522/3/6 4527/3/6
f 4523/3/6 4524/3/6 4528/3/6
f 4528/3/6 4524/3/6 4529/3/6
f 4530/6/6 4531/6/6 4532/6/6
f 4532/6/6 4531/6/6 4533/6/6
f 4534/3/6 4535/3/6 4536/3/6
f 4536/3/6 4535/3/6 4537/3/6
f 4538/3/6 4539/3/6 4546/3/6
f 4546/3/6 4539/3/6 4547/3/6
f 4540/3/6 4541/3/6 4548/3/6
f 4548/3/6 4541/3/6 4549/3/6
f 4542/1/6 4543/1/6 4555/1/6
f 4555/1/6 4543/1/6 4556/1/6
f 4544/1/6 4545/1/6 4557/1/6
f 4557/1/6 4545/1/6 4558/1/6
f 4547/3/6 4548/3/6 4559/3/6
f 4559/3/6 4548/3/6 4560/3/6
f 4550/1/6 4551/1/6 4561/1/6
f 4561/1/6 4551/1/6 4562/1/6
f 4552/1/6 4553/1/6 4563/1/6
f 4563/1/6 4553/1/6 4564/1/6
f 4554/3/6 4555/3/6 4567/3/6
f 4567/3/6 4555/3/6 4568/3/6
f 4564/3/6 4565/3/6 4573/3/6
f 4573/3/6 4565/3/6 4574/3/6
f 4566/3/6 4567/3/6 4576/3/6
f 4576/3/6 4567/3/6 4577/3/6
f 4569/5/6 4570/5/6 4578/5/6
f 4578/5/6 4570/5/6 4579/5/6
f 4571/5/6 4572/5/6 4582/5/6
f 4582/5/6 4572/5/6 4583/5/6
f 4574/3/6 4575/3/6 4584/3/6
f 4584/3/6 4575/3/6 4585/3/6
f 4579/6/6 4580/6/6 4589/6/6
f 4589/6/6 4580/6/6 4590/6/6
f 4581/6/6 4582/6/6 4591/6/6
f 4591/6/6 4582/6/6 4592/6/6
f 4586/3/6 4587/3/6 4596/3/6
f 4596/3/6 4587/3/6 4597/3/6
f 4588/5/6 4589/5/6 4599/5/6
f 4599/5/6 4589/5/6 4600/5/6
f 4592/5/6 4593/5/6 4601/5/6
f 4601/5/6 4593/5/6 4602/5/6
f 4594/3/6 4595/3/6 4604/3/6
f 4604/3/6 4595/3/6 4605/3/6
f 4597/3/6 4598/3/6 4606/3/6
f 4606/3/6 4598/3/6 4607/3/6
f 4603/3/6 4604/3/6 4614/3/6
f 4614/3/6 4604/3/6 4615/3/6
f 4607/3/6 4608/3/6 4616/3/6
f 4616/3/6 4608/3/6 4617/3/6
f 4609/3/6 4610/3/6 4618/3/6
f 4618/3/6 4610/3/6 4619/3/6
f 4611/3/6 4612/3/6 4620/3/6
f 4620/3/6 4612/3/6 4621/3/6
f 4613/3/6 4614/3/6 4622/3/6
f 4622/3/6 4614/3/6 4623/3/6
f 4624/1/6 4625/1/6 4637/1/6
f 4625/3/6 4626/3/6 4638/3/6
f 4637/1/6 4625/1/6 4638/1/6
f 4626/1/6 4627/1/6 4639/1/6
f 4638/3/6 4626/3/6 4639/3/6
f 4639/1/6 4627/1/6 4640/1/6
f 4628/3/6 4629/3/6 4643/3/6
f 4643/3/6 4629/3/6 4644/3/6
f 4644/3/6 4629/3/6 4645/3/6
f 4630/3/6 4631/3/6 4646/3/6
f 4646/3/6 4631/3/6 4647/3/6
f 4647/3/6 4631/3/6 4648/3/6
f 4632/1/6 4633/1/6 4651/1/6
f 4633/3/6 4634/3/6 4652/3/6
f 4651/1/6 4633/1/6 4652/1/6
f 4634/1/6 4635/1/6 4653/1/6
f 4652/3/6 4634/3/6 4653/3/6
f 4653/1/6 4635/1/6 4654/1/6
f 4636/3/6 4637/3/6 4657/3/6
f 4657/3/6 4637/3/6 4658/3/6
f 4641/3/6 4642/3/6 4659/3/6
f 4659/3/6 4642/3/6 4660/3/6
f 4646/3/6 4647/3/6 4661/3/6
f 4644/3/6 4645/3/6 4661/3/6
f 4645/3/6 4646/3/6 4661/3/6
f 4661/3/6 4647/3/6 4662/3/6
f 4649/3/6 4650/3/6 4663/3/6
f 4663/3/6 4650/3/6 4664/3/6
f 4654/3/6 4655/3/6 4665/3/6
f 4665/3/6 4655/3/6 4666/3/6
f 4656/3/6 4657/3/6 4669/3/6
f 4669/3/6 4657/3/6 4670/3/6
f 4666/3/6 4667/3/6 4675/3/6
f 4675/3/6 4667/3/6 4676/3/6
f 4668/3/6 4669/3/6 4678/3/6
f 4678/3/6 4669/3/6 4679/3/6
f 4671/5/6 4672/5/6 4681/5/6
f 4681/5/6 4672/5/6 4682/5/6
f 4673/5/6 4674/5/6 4683/5/6
f 4683/5/6 4674/5/6 4684/5/6
f 4676/3/6 4677/3/6 4686/3/6
f 4686/3/6 4677/3/6 4687/3/6
f 4679/3/6 4680/3/6 4688/3/6
f 4688/3/6 4680/3/6 4689/3/6
f 4685/3/6 4686/3/6 4700/3/6
f 4700/3/6 4686/3/6 4701/3/6
f 4689/3/6 4690/3/6 4702/3/6
f 4702/3/6 4690/3/6 4703/3/6
f 4691/3/6 4692/3/6 4705/3/6
f 4705/3/6 4692/3/6 4706/3/6
f 4693/3/6 4694/3/6 4707/3/6
f 4707/3/6 4694/3/6 4708/3/6
f 4695/3/6 4696/3/6 4709/3/6
f 4709/3/6 4696/3/6 4710/3/6
f 4697/3/6 4698/3/6 4711/3/6
f 4711/3/6 4698/3/6 4712/3/6
f 4699/3/6 4700/3/6 4714/3/6
f 4714/3/6 4700/3/6 4715/3/6
f 4703/3/6 4704/3/6 4716/3/6
f 4716/3/6 4704/3/6 4717/3/6
f 4713/3/6 4714/3/6 4718/3/6
f 4718/3/6 4714/3/6 4719/3/6
f 4720/3/6 4721/3/6 4729/3/6
f 4729/3/6 4721/3/6 4730/3/6
f 4722/3/6 4723/3/6 4732/3/6
f 4732/3/6 4723/3/6 4733/3/6
f 4724/3/6 4725/3/6 4734/3/6
f 4734/3/6 4725/3/6 4735/3/6
f 4726/3/6 4727/3/6 4737/3/6
f 4737/3/6 4727/3/6 4738/3/6
f 4730/3/6 4731/3/6 4741/3/6
f 4728/3/6 4729/3/6 4741/3/6
f 4729/3/6 4730/3/6 4741/3/6
f 4738/3/6 4739/3/6 4742/3/6
f 4736/3/6 4737/3/6 4742/3/6
f 4737/3/6 4738/3/6 4742/3/6
f 4740/3/6 4741/3/6 4744/3/6
f 4741/3/6 4731/3/6 4745/3/6
f 4744/3/6 4741/3/6 4745/3/6
f 4742/3/6 4743/3/6 4750/3/6
f 4736/3/6 4742/3/6 4750/3/6
f 4750/3/6 4743/3/6 4751/3/6
f 4745/3/6 4731/3/6 4752/3/6
f 4752/3/6 4731/3/6 4753/3/6
f 4753/3/6 4731/3/6 4754/3/6
f 4754/3/6 4731/3/6 4755/3/6
f 4746/3/6 4747/3/6 4756/3/6
f 4756/3/6 4747/3/6 4757/3/6
f 4748/3/6 4749/3/6 4760/3/6
f 4760/3/6 4749/3/6 4761/3/6
f 4736/3/6 4750/3/6 4762/3/6
f 4762/3/6 4750/3/6 4763/3/6
f 4763/3/6 4750/3/6 4764/3/6
f 4764/3/6 4750/3/6 4765/3/6
f 4753/3/6 4754/3/6 4766/3/6
f 4766/3/6 4754/3/6 4767/3/6
f 4757/3/6 4758/3/6 4768/3/6
f 4768/3/6 4758/3/6 4769/3/6
f 4759/3/6 4760/3/6 4772/3/6
f 4772/3/6 4760/3/6 4773/3/6
f 4763/3/6 4764/3/6 4774/3/6
f 4774/3/6 4764/3/6 4775/3/6
f 4769/3/6 4770/3/6 4776/3/6
f 4776/3/6 4770/3/6 4777/3/6
f 4771/3/6 4772/3/6 4778/3/6
f 4778/3/6 4772/3/6 4779/3/6
f 4780/3/6 4781/3/6 4784/3/6
f 4782/3/6 4783/3/6 4789/3/6
f 4784/5/6 4785/5/6 4790/5/6
f 4785/6/6 4786/6/6 4790/6/6
f 4790/6/6 4786/6/6 4791/6/6
f 4787/6/6 4788/6/6 4792/6/6
f 4788/5/6 4789/5/6 4793/5/6
f 4792/6/6 4788/6/6 4793/6/6
f 4784/5/6 4790/5/6 4794/5/6
f 4793/5/6 4789/5/6 4795/5/6
f 4784/5/6 4794/5/6 4796/5/6
f 4780/3/6 4784/3/6 4796/3/6
f 4796/5/6 4794/5/6 4797/5/6
f 4795/5/6 4789/5/6 4798/5/6
f 4789/3/6 4783/3/6 4799/3/6
f 4798/5/6 4789/5/6 4799/5/6
f 4780/3/6 4796/3/6 4800/3/6
f 4800/3/6 4796/3/6 4801/3/6
f 4799/3/6 4783/3/6 4802/3/6
f 4802/3/6 4783/3/6 4803/3/6
f 4801/3/6 4796/3/6 4804/3/6
f 4804/3/6 4796/3/6 4805/3/6
f 4799/3/6 4802/3/6 4808/3/6
f 4808/3/6 4802/3/6 4809/3/6
f 4805/3/6 4806/3/6 4810/3/6
f 4810/3/6 4806/3/6 4811/3/6
f 4807/3/6 4808/3/6 4812/3/6
f 4812/3/6 4808/3/6 4813/3/6
f 4811/3/6 4812/3/6 4814/3/6
f 4814/3/6 4812/3/6 4815/3/6
f 4816/3/6 4817/3/6 4820/3/6
f 4818/3/6 4819/3/6 4821/3/6
f 4816/3/6 4820/3/6 4822/3/6
f 4820/3/6 4821/3/6 4822/3/6
f 4822/3/6 4821/3/6 4823/3/6
f 4821/3/6 4819/3/6 4824/3/6
f 4823/3/6 4821/3/6 4824/3/6
f 4824/3/6 4819/3/6 4825/3/6
f 4823/3/6 4824/3/6 4826/3/6
f 4826/3/6 4824/3/6 4827/3/6
f 4828/6/6 4829/6/6 4832/6/6
f 4832/6/6 4829/6/6 4833/6/6
f 4830/6/6 4831/6/6 4834/6/6
f 4834/6/6 4831/6/6 4835/6/6
f 4832/3/6 4833/3/6 4836/3/6
f 4833/3/6 4834/3/6 4836/3/6
f 4834/3/6 4835/3/6 4836/3/6
f 4836/3/6 4835/3/6 4837/3/6
f 4838/3/6 4839/3/6 4840/3/6
f 4840/3/6 4839/3/6 4841/3/6
f 4842/3/6 4843/3/6 4846/3/6
f 4846/3/6 4843/3/6 4847/3/6
f 4844/3/6 4845/3/6 4848/3/6
f 4848/3/6 4845/3/6 4849/3/6
f 4850/5/6 4851/5/6 4852/5/6
f 4852/5/6 4851/5/6 4853/5/6
f 4854/3/6 4855/3/6 4858/3/6
f 4858/3/6 4855/3/6 4859/3/6
f 4856/3/6 4857/3/6 4862/3/6
f 4862/3/6 4857/3/6 4863/3/6
f 4859/3/6 4860/3/6 4864/3/6
f 4864/3/6 4860/3/6 4865/3/6
f 4861/3/6 4862/3/6 4866/3/6
f 4866/3/6 4862/3/6 4867/3/6
f 4865/3/6 4866/3/6 4868/3/6
f 4868/3/6 4866/3/6 4869/3/6
f 4870/3/6 4871/3/6 4874/3/6
f 4874/3/6 4871/3/6 4875/3/6
f 4872/3/6 4873/3/6 4876/3/6
f 4876/3/6 4873/3/6 4877/3/6
f 4878/5/6 4879/5/6 4880/5/6
f 4880/5/6 4879/5/6 4881/5/6
f 4882/3/6 4883/3/6 4886/3/6
f 4886/3/6 4883/3/6 4887/3/6
f 4884/3/6 4885/3/6 4890/3/6
f 4890/3/6 4885/3/6 4891/3/6
f 4887/3/6 4888/3/6 4892/3/6
f 4892/3/6 4888/3/6 4893/3/6
f 4889/3/6 4890/3/6 4894/3/6
f 4894/3/6 4890/3/6 4895/3/6
f 4893/3/6 4894/3/6 4896/3/6
f 4896/3/6 4894/3/6 4897/3/6
f 4898/3/6 4899/3/6 4903/3/6
f 4900/3/6 4901/3/6 4904/3/6
f 4904/3/6 4905/3/6 4906/3/6
f 4904/3/6 4906/3/6 4907/3/6
f 4902/3/6 4903/3/6 4908/3/6
f 4903/3/6 4899/3/6 4909/3/6
f 4908/3/6 4903/3/6 4909/3/6
f 4900/3/6 4904/3/6 4910/3/6
f 4904/3/6 4907/3/6 4910/3/6
f 4910/3/6 4907/3/6 4911/3/6
f 4909/3/6 4899/3/6 4912/3/6
f 4912/3/6 4899/3/6 4913/3/6
f 4900/3/6 4910/3/6 4914/3/6
f 4914/3/6 4910/3/6 4915/3/6
f 4913/3/6 4914/3/6 4916/3/6
f 4916/3/6 4914/3/6 4917/3/6
f 4918/3/6 4919/3/6 4920/3/6
f 4920/3/6 4919/3/6 4921/3/6
f 4922/4/6 4923/4/6 4924/4/6
f 4924/4/6 4923/4/6 4925/4/6
