# MagicaVoxel @ Ephtracy

# group
o Janitor

# material
mtllib Janitor.mtl
usemtl palette

# normals
vn -1 0 0
vn 1 0 0
vn 0 0 1
vn 0 0 -1
vn 0 -1 0
vn 0 1 0

# texcoords
vt 0.794922 0.5
vt 0.880859 0.5
vt 0.904297 0.5
vt 0.955078 0.5
vt 0.970703 0.5
vt 0.994141 0.5

# verts
v -1.3 2.2 0.8
v -1.3 2.2 0.5
v -1.3 2.2 0.2
v -1.3 2.2 0
v -1.3 2.3 1.1
v -1.3 2.3 0.8
v -1.3 2.3 0.3
v -1.3 2.3 0.2
v -1.3 2.4 1.1
v -1.3 2.4 0.8
v -1.3 2.4 0.3
v -1.3 2.4 0.2
v -1.3 2.5 0.8
v -1.3 2.5 0.5
v -1.3 2.5 0.2
v -1.3 2.5 0
v -1.2 2.1 0.8
v -1.2 2.1 0.5
v -1.2 2.1 0.2
v -1.2 2.1 0
v -1.2 2.2 0.9
v -1.2 2.2 0.8
v -1.2 2.2 0.5
v -1.2 2.2 0.2
v -1.2 2.2 0
v -1.2 2.2 -0.1
v -1.2 2.3 0.9
v -1.2 2.3 0.8
v -1.2 2.3 0.3
v -1.2 2.3 0.2
v -1.2 2.4 0.9
v -1.2 2.4 0.8
v -1.2 2.4 0.3
v -1.2 2.4 0.2
v -1.2 2.5 0.9
v -1.2 2.5 0.8
v -1.2 2.5 0.5
v -1.2 2.5 0.2
v -1.2 2.5 0
v -1.2 2.5 -0.1
v -1.2 2.6 0.8
v -1.2 2.6 0.5
v -1.2 2.6 0.2
v -1.2 2.6 0
v -1.1 2.1 1.1
v -1.1 2.1 0.8
v -1.1 2.1 0.3
v -1.1 2.1 0.2
v -1.1 2.1 0
v -1.1 2.1 -0.1
v -1.1 2.2 1.1
v -1.1 2.2 0.9
v -1.1 2.2 0.8
v -1.1 2.2 0.3
v -1.1 2.2 0.2
v -1.1 2.2 0
v -1.1 2.2 -0.1
v -1.1 2.2 -0.2
v -1.1 2.5 1.1
v -1.1 2.5 0.9
v -1.1 2.5 0.8
v -1.1 2.5 0.3
v -1.1 2.5 0.2
v -1.1 2.5 0
v -1.1 2.5 -0.1
v -1.1 2.5 -0.2
v -1.1 2.6 1.1
v -1.1 2.6 0.8
v -1.1 2.6 0.3
v -1.1 2.6 0.2
v -1.1 2.6 0
v -1.1 2.6 -0.1
v -1 2.1 -0.1
v -1 2.1 -0.2
v -1 2.2 -0.1
v -1 2.2 -0.2
v -1 2.2 -0.3
v -1 2.5 -0.1
v -1 2.5 -0.2
v -1 2.5 -0.3
v -1 2.6 -0.1
v -1 2.6 -0.2
v -0.9 2.3 1.1
v -0.9 2.3 0.9
v -0.9 2.4 1.1
v -0.9 2.4 0.9
v -0.8 0 0
v -0.8 0 -0.1
v -0.8 0.2 0
v -0.8 0.2 -0.1
v -0.7 0 0.1
v -0.7 0 0
v -0.7 0 -0.1
v -0.7 0 -0.2
v -0.7 0.2 0.1
v -0.7 0.2 0
v -0.7 0.2 -0.1
v -0.7 0.2 -0.2
v -0.7 0.3 0
v -0.7 0.3 -0.1
v -0.7 0.4 0
v -0.7 0.4 -0.1
v -0.7 0.5 0.1
v -0.7 0.5 0
v -0.7 0.5 -0.1
v -0.7 0.5 -0.2
v -0.7 0.8 0.1
v -0.7 0.8 0
v -0.7 0.8 -0.1
v -0.7 0.8 -0.2
v -0.7 0.9 0
v -0.7 0.9 -0.1
v -0.7 1 0
v -0.7 1 -0.1
v -0.7 1.1 0.1
v -0.7 1.1 0
v -0.7 1.1 -0.1
v -0.7 1.1 -0.2
v -0.7 1.2 0
v -0.7 1.2 -0.1
v -0.7 1.3 0.1
v -0.7 1.3 0
v -0.7 1.3 -0.1
v -0.7 1.3 -0.2
v -0.7 1.4 0.1
v -0.7 1.4 0
v -0.7 1.4 -0.1
v -0.7 1.4 -0.2
v -0.7 1.5 0
v -0.7 1.5 -0.1
v -0.6 0 0.2
v -0.6 0 0.1
v -0.6 0 -0.2
v -0.6 0 -0.3
v -0.6 0.2 0.2
v -0.6 0.2 0.1
v -0.6 0.2 0
v -0.6 0.2 -0.1
v -0.6 0.2 -0.2
v -0.6 0.2 -0.3
v -0.6 0.3 0
v -0.6 0.3 -0.1
v -0.6 0.4 0
v -0.6 0.4 -0.1
v -0.6 0.5 0.2
v -0.6 0.5 0.1
v -0.6 0.5 0
v -0.6 0.5 -0.1
v -0.6 0.5 -0.2
v -0.6 0.5 -0.3
v -0.6 0.8 0.2
v -0.6 0.8 0.1
v -0.6 0.8 0
v -0.6 0.8 -0.1
v -0.6 0.8 -0.2
v -0.6 0.8 -0.3
v -0.6 0.9 0
v -0.6 0.9 -0.1
v -0.6 1 0
v -0.6 1 -0.1
v -0.6 1.1 0.2
v -0.6 1.1 0.1
v -0.6 1.1 0
v -0.6 1.1 -0.1
v -0.6 1.1 -0.2
v -0.6 1.1 -0.3
v -0.6 1.3 0.2
v -0.6 1.3 0.1
v -0.6 1.3 -0.2
v -0.6 1.3 -0.3
v -0.6 1.4 0.2
v -0.6 1.4 0.1
v -0.6 1.4 0
v -0.6 1.4 -0.1
v -0.6 1.4 -0.2
v -0.6 1.4 -0.3
v -0.6 1.5 0.1
v -0.6 1.5 0
v -0.6 1.5 -0.1
v -0.6 1.5 -0.2
v -0.6 1.6 0
v -0.6 1.6 -0.1
v -0.5 0 0.3
v -0.5 0 0.2
v -0.5 0 -0.3
v -0.5 0 -0.4
v -0.5 0.2 0.3
v -0.5 0.2 0.2
v -0.5 0.2 0.1
v -0.5 0.2 -0.2
v -0.5 0.2 -0.3
v -0.5 0.2 -0.4
v -0.5 0.3 0.2
v -0.5 0.3 0.1
v -0.5 0.3 -0.2
v -0.5 0.3 -0.3
v -0.5 0.4 0.2
v -0.5 0.4 0.1
v -0.5 0.4 -0.2
v -0.5 0.4 -0.3
v -0.5 0.5 0.2
v -0.5 0.5 0.1
v -0.5 0.5 -0.2
v -0.5 0.5 -0.3
v -0.5 0.8 0.2
v -0.5 0.8 0.1
v -0.5 0.9 0.2
v -0.5 0.9 0.1
v -0.5 1 0.2
v -0.5 1 0.1
v -0.5 1 -0.2
v -0.5 1 -0.3
v -0.5 1.1 0.2
v -0.5 1.1 0.1
v -0.5 1.1 -0.2
v -0.5 1.1 -0.3
v -0.5 1.4 0.2
v -0.5 1.4 0.1
v -0.5 1.4 -0.2
v -0.5 1.4 -0.3
v -0.5 1.5 0.2
v -0.5 1.5 0.1
v -0.5 1.5 0
v -0.5 1.5 -0.1
v -0.5 1.5 -0.2
v -0.5 1.5 -0.3
v -0.5 1.6 0.1
v -0.5 1.6 0
v -0.5 1.6 -0.1
v -0.5 1.6 -0.2
v -0.5 2.5 0.1
v -0.5 2.5 -0.2
v -0.5 2.7 0.1
v -0.5 2.7 -0.2
v -0.5 3.5 0.5
v -0.5 3.5 -0.3
v -0.5 3.6 0.5
v -0.5 3.6 0.4
v -0.5 3.7 0.5
v -0.5 3.7 0.4
v -0.5 3.8 0.5
v -0.5 3.8 -0.3
v -0.4 2.3 -0.2
v -0.4 2.3 -0.3
v -0.4 2.4 0.2
v -0.4 2.4 0.1
v -0.4 2.5 0.2
v -0.4 2.5 0.1
v -0.4 2.5 -0.2
v -0.4 2.5 -0.3
v -0.4 2.7 0.2
v -0.4 2.7 0.1
v -0.4 2.7 -0.2
v -0.4 2.7 -0.3
v -0.4 2.8 0.1
v -0.4 2.8 -0.2
v -0.4 3.4 0.5
v -0.4 3.4 -0.3
v -0.4 3.5 0.5
v -0.4 3.5 -0.3
v -0.4 3.5 -0.4
v -0.4 3.8 0.5
v -0.4 3.8 -0.3
v -0.4 3.8 -0.4
v -0.4 3.9 0.5
v -0.4 3.9 -0.3
v -0.3 2 0.1
v -0.3 2 -0.2
v -0.3 2.2 0.2
v -0.3 2.2 0.1
v -0.3 2.2 -0.2
v -0.3 2.2 -0.3
v -0.3 2.3 -0.2
v -0.3 2.3 -0.3
v -0.3 2.4 0.2
v -0.3 2.4 0.1
v -0.3 3.3 0.1
v -0.3 3.3 -0.2
v -0.3 3.4 0.1
v -0.3 3.4 -0.2
v -0.3 3.4 -0.3
v -0.3 3.4 -0.4
v -0.3 3.5 -0.3
v -0.3 3.5 -0.4
v -0.3 3.5 -0.5
v -0.3 3.8 -0.3
v -0.3 3.8 -0.4
v -0.3 3.8 -0.5
v -0.3 3.9 -0.3
v -0.3 3.9 -0.4
v -0.2 1.2 0.1
v -0.2 1.2 0
v -0.2 1.3 0.2
v -0.2 1.3 0.1
v -0.2 1.3 0
v -0.2 1.3 -0.2
v -0.2 1.3 -0.3
v -0.2 1.6 0.2
v -0.2 1.6 0.1
v -0.2 1.6 -0.2
v -0.2 1.6 -0.3
v -0.2 1.7 0.1
v -0.2 1.7 -0.2
v -0.2 1.9 0.1
v -0.2 1.9 -0.2
v -0.2 2 0.2
v -0.2 2 0.1
v -0.2 2 -0.2
v -0.2 2 -0.3
v -0.2 2.2 0.3
v -0.2 2.2 0.2
v -0.2 2.2 0.1
v -0.2 2.2 -0.2
v -0.2 2.2 -0.3
v -0.2 2.2 -0.4
v -0.2 2.6 0.3
v -0.2 2.6 0.2
v -0.2 2.6 -0.3
v -0.2 2.6 -0.4
v -0.2 3.1 0.3
v -0.2 3.1 0
v -0.2 3.2 0
v -0.2 3.2 -0.2
v -0.2 3.3 0.3
v -0.2 3.3 0.2
v -0.2 3.3 0.1
v -0.2 3.3 0
v -0.2 3.3 -0.2
v -0.2 3.3 -0.3
v -0.2 3.4 0.5
v -0.2 3.4 0.4
v -0.2 3.4 0.2
v -0.2 3.4 0.1
v -0.2 3.4 -0.2
v -0.2 3.4 -0.3
v -0.2 3.5 0.5
v -0.2 3.5 0.4
v -0.2 3.8 0.5
v -0.2 3.8 0.4
v -0.2 3.9 0.5
v -0.2 3.9 0.4
v -0.1 1.1 0.1
v -0.1 1.1 0
v -0.1 1.2 0.2
v -0.1 1.2 0.1
v -0.1 1.2 0
v -0.1 1.2 -0.2
v -0.1 1.2 -0.3
v -0.1 1.3 0.3
v -0.1 1.3 0.2
v -0.1 1.3 0.1
v -0.1 1.3 -0.2
v -0.1 1.3 -0.3
v -0.1 1.3 -0.4
v -0.1 1.6 0.3
v -0.1 1.6 0.2
v -0.1 1.6 0.1
v -0.1 1.6 -0.2
v -0.1 1.6 -0.3
v -0.1 1.6 -0.4
v -0.1 1.7 0.2
v -0.1 1.7 0.1
v -0.1 1.7 -0.2
v -0.1 1.7 -0.3
v -0.1 1.9 0.2
v -0.1 1.9 0.1
v -0.1 1.9 -0.2
v -0.1 1.9 -0.3
v -0.1 2 0.3
v -0.1 2 0.2
v -0.1 2 0.1
v -0.1 2 -0.2
v -0.1 2 -0.3
v -0.1 2 -0.4
v -0.1 2.2 0.3
v -0.1 2.2 0.2
v -0.1 2.2 -0.3
v -0.1 2.2 -0.4
v -0.1 2.6 0.3
v -0.1 2.6 0.2
v -0.1 2.6 -0.3
v -0.1 2.6 -0.4
v -0.1 2.7 0.3
v -0.1 2.7 0.2
v -0.1 2.7 0.1
v -0.1 2.7 -0.2
v -0.1 2.7 -0.3
v -0.1 2.7 -0.4
v -0.1 2.8 0.2
v -0.1 2.8 0.1
v -0.1 2.8 -0.2
v -0.1 2.8 -0.3
v -0.1 3 0.3
v -0.1 3 0.1
v -0.1 3.1 0.4
v -0.1 3.1 0.3
v -0.1 3.1 0.1
v -0.1 3.1 0
v -0.1 3.2 0
v -0.1 3.2 -0.2
v -0.1 3.2 -0.3
v -0.1 3.3 0.4
v -0.1 3.3 0.3
v -0.1 3.3 0.2
v -0.1 3.3 -0.2
v -0.1 3.3 -0.3
v -0.1 3.4 0.3
v -0.1 3.4 0.2
v -0.1 3.5 0.5
v -0.1 3.5 0.3
v -0.1 3.6 0.5
v -0.1 3.6 0.4
v -0.1 3.7 0.5
v -0.1 3.7 0.4
v -0.1 3.8 0.5
v -0.1 3.8 0.3
v -1.19209e-07 1.1 0.2
v -1.19209e-07 1.1 0.1
v -1.19209e-07 1.2 0.3
v -1.19209e-07 1.2 0.2
v -1.19209e-07 1.2 0.1
v -1.19209e-07 1.3 0.3
v -1.19209e-07 1.3 0.2
v -1.19209e-07 1.6 0.3
v -1.19209e-07 1.6 0.2
v -1.19209e-07 1.7 0.3
v -1.19209e-07 1.7 0.2
v -1.19209e-07 3.1 -0.2
v -1.19209e-07 3.1 -0.3
v -1.19209e-07 3.2 -0.2
v -1.19209e-07 3.2 -0.3
v -1.19209e-07 3.3 0.4
v -1.19209e-07 3.3 0.3
v -1.19209e-07 3.4 0.4
v -1.19209e-07 3.4 0.3
v 0.0999999 3.5 0.5
v 0.0999999 3.5 0.3
v 0.0999999 3.5 -0.3
v 0.0999999 3.5 -0.4
v 0.0999999 3.6 0.5
v 0.0999999 3.6 0.4
v 0.0999999 3.6 0.3
v 0.0999999 3.6 0.2
v 0.0999999 3.6 -0.2
v 0.0999999 3.6 -0.3
v 0.0999999 3.7 0.5
v 0.0999999 3.7 0.4
v 0.0999999 3.7 0.2
v 0.0999999 3.7 -0.2
v 0.0999999 3.8 0.5
v 0.0999999 3.8 -0.4
v 0.2 0 0
v 0.2 0 -0.1
v 0.2 0.2 0
v 0.2 0.2 -0.1
v 0.2 3.4 0.5
v 0.2 3.4 0.3
v 0.2 3.4 -0.3
v 0.2 3.4 -0.4
v 0.2 3.5 0.5
v 0.2 3.5 0.3
v 0.2 3.5 -0.3
v 0.2 3.5 -0.4
v 0.2 3.5 -0.5
v 0.2 3.8 0.5
v 0.2 3.8 -0.4
v 0.2 3.8 -0.5
v 0.2 3.9 0.5
v 0.2 3.9 -0.4
v 0.3 0 0.1
v 0.3 0 0
v 0.3 0 -0.1
v 0.3 0 -0.2
v 0.3 0.2 0.1
v 0.3 0.2 0
v 0.3 0.2 -0.1
v 0.3 0.2 -0.2
v 0.3 0.3 0
v 0.3 0.3 -0.1
v 0.3 0.4 0
v 0.3 0.4 -0.1
v 0.3 0.5 0.1
v 0.3 0.5 0
v 0.3 0.5 -0.1
v 0.3 0.5 -0.2
v 0.3 0.8 0.1
v 0.3 0.8 0
v 0.3 0.8 -0.1
v 0.3 0.8 -0.2
v 0.3 0.9 0
v 0.3 0.9 -0.1
v 0.4 0 0.2
v 0.4 0 0.1
v 0.4 0 -0.2
v 0.4 0 -0.3
v 0.4 0.2 0.2
v 0.4 0.2 0.1
v 0.4 0.2 0
v 0.4 0.2 -0.1
v 0.4 0.2 -0.2
v 0.4 0.2 -0.3
v 0.4 0.3 0
v 0.4 0.3 -0.1
v 0.4 0.4 0
v 0.4 0.4 -0.1
v 0.4 0.5 0.2
v 0.4 0.5 0.1
v 0.4 0.5 0
v 0.4 0.5 -0.1
v 0.4 0.5 -0.2
v 0.4 0.5 -0.3
v 0.4 0.8 0.2
v 0.4 0.8 0.1
v 0.4 0.8 0
v 0.4 0.8 -0.1
v 0.4 0.8 -0.2
v 0.4 0.8 -0.3
v 0.4 0.9 0
v 0.4 0.9 -0.1
v 0.4 1.1 0.2
v 0.4 1.1 0.1
v 0.4 1.1 -0.2
v 0.4 1.1 -0.3
v 0.4 1.3 0.1
v 0.4 1.3 -0.2
v 0.4 1.5 0.2
v 0.4 1.5 0.1
v 0.4 1.5 -0.2
v 0.4 1.5 -0.3
v 0.4 3.4 0.5
v 0.4 3.4 0.4
v 0.4 3.5 0.5
v 0.4 3.5 0.4
v 0.4 3.8 0.5
v 0.4 3.8 0.4
v 0.4 3.9 0.5
v 0.4 3.9 0.4
v 0.5 0 0.3
v 0.5 0 0.2
v 0.5 0 -0.3
v 0.5 0 -0.4
v 0.5 0.2 0.3
v 0.5 0.2 0.2
v 0.5 0.2 0.1
v 0.5 0.2 -0.2
v 0.5 0.2 -0.3
v 0.5 0.2 -0.4
v 0.5 0.3 0.2
v 0.5 0.3 0.1
v 0.5 0.3 -0.2
v 0.5 0.3 -0.3
v 0.5 0.4 0.2
v 0.5 0.4 0.1
v 0.5 0.4 -0.2
v 0.5 0.4 -0.3
v 0.5 0.5 0.2
v 0.5 0.5 0.1
v 0.5 0.5 -0.2
v 0.5 0.5 -0.3
v 0.5 0.8 0.2
v 0.5 0.8 0.1
v 0.5 0.9 0.2
v 0.5 0.9 0.1
v 0.5 1 0.2
v 0.5 1 0.1
v 0.5 1 -0.2
v 0.5 1 -0.3
v 0.5 1.1 0.2
v 0.5 1.1 0.1
v 0.5 1.1 -0.2
v 0.5 1.1 -0.3
v 0.5 3.5 0.5
v 0.5 3.5 0.3
v 0.5 3.6 0.5
v 0.5 3.6 0.4
v 0.5 3.7 0.5
v 0.5 3.7 0.4
v 0.5 3.8 0.5
v 0.5 3.8 0.3
v 0.8 2.1 0
v 0.8 2.1 -0.1
v 0.8 2.2 0
v 0.8 2.2 -0.1
v 0.8 2.3 -0.2
v 0.8 2.3 -0.3
v 0.8 2.4 -0.2
v 0.8 2.4 -0.3
v 0.8 2.5 0
v 0.8 2.5 -0.1
v 0.8 2.6 0
v 0.8 2.6 -0.1
v 0.9 2.1 0.1
v 0.9 2.1 0
v 0.9 2.1 -0.1
v 0.9 2.1 -0.2
v 0.9 2.2 0.8
v 0.9 2.2 0.5
v 0.9 2.2 0.2
v 0.9 2.2 0.1
v 0.9 2.2 0
v 0.9 2.2 -0.1
v 0.9 2.2 -0.2
v 0.9 2.2 -0.3
v 0.9 2.3 1.1
v 0.9 2.3 0.8
v 0.9 2.3 0.3
v 0.9 2.3 0.2
v 0.9 2.3 -0.2
v 0.9 2.3 -0.3
v 0.9 2.4 1.1
v 0.9 2.4 0.8
v 0.9 2.4 0.3
v 0.9 2.4 0.2
v 0.9 2.4 -0.2
v 0.9 2.4 -0.3
v 0.9 2.5 0.8
v 0.9 2.5 0.5
v 0.9 2.5 0.2
v 0.9 2.5 0.1
v 0.9 2.5 0
v 0.9 2.5 -0.1
v 0.9 2.5 -0.2
v 0.9 2.5 -0.3
v 0.9 2.6 0.1
v 0.9 2.6 0
v 0.9 2.6 -0.1
v 0.9 2.6 -0.2
v 1 2.1 0.8
v 1 2.1 0.5
v 1 2.1 0.2
v 1 2.1 0.1
v 1 2.2 0.9
v 1 2.2 0.8
v 1 2.2 0.5
v 1 2.2 0.2
v 1 2.2 0.1
v 1 2.3 0.9
v 1 2.3 0.8
v 1 2.3 0.3
v 1 2.3 0.2
v 1 2.4 0.9
v 1 2.4 0.8
v 1 2.4 0.3
v 1 2.4 0.2
v 1 2.5 0.9
v 1 2.5 0.8
v 1 2.5 0.5
v 1 2.5 0.2
v 1 2.5 0.1
v 1 2.6 0.8
v 1 2.6 0.5
v 1 2.6 0.2
v 1 2.6 0.1
v 1.1 2.1 1.1
v 1.1 2.1 0.8
v 1.1 2.1 0.3
v 1.1 2.1 0.2
v 1.1 2.2 1.1
v 1.1 2.2 0.9
v 1.1 2.2 0.8
v 1.1 2.2 0.3
v 1.1 2.2 0.2
v 1.1 2.5 1.1
v 1.1 2.5 0.9
v 1.1 2.5 0.8
v 1.1 2.5 0.3
v 1.1 2.5 0.2
v 1.1 2.6 1.1
v 1.1 2.6 0.8
v 1.1 2.6 0.3
v 1.1 2.6 0.2
v 1.3 2.3 1.1
v 1.3 2.3 0.9
v 1.3 2.4 1.1
v 1.3 2.4 0.9
v -1.2 2.3 1.1
v -1.2 2.3 0.9
v -1.2 2.4 1.1
v -1.2 2.4 0.9
v -1 2.1 1.1
v -1 2.1 0.8
v -1 2.1 0.3
v -1 2.1 0.2
v -1 2.2 1.1
v -1 2.2 0.9
v -1 2.2 0.8
v -1 2.2 0.3
v -1 2.2 0.2
v -1 2.5 1.1
v -1 2.5 0.9
v -1 2.5 0.8
v -1 2.5 0.3
v -1 2.5 0.2
v -1 2.6 1.1
v -1 2.6 0.8
v -1 2.6 0.3
v -1 2.6 0.2
v -0.9 2.1 0.8
v -0.9 2.1 0.5
v -0.9 2.1 0.2
v -0.9 2.1 0.1
v -0.9 2.2 0.9
v -0.9 2.2 0.8
v -0.9 2.2 0.5
v -0.9 2.2 0.2
v -0.9 2.2 0.1
v -0.9 2.3 0.9
v -0.9 2.3 0.8
v -0.9 2.3 0.3
v -0.9 2.3 0.2
v -0.9 2.4 0.9
v -0.9 2.4 0.8
v -0.9 2.4 0.3
v -0.9 2.4 0.2
v -0.9 2.5 0.9
v -0.9 2.5 0.8
v -0.9 2.5 0.5
v -0.9 2.5 0.2
v -0.9 2.5 0.1
v -0.9 2.6 0.8
v -0.9 2.6 0.5
v -0.9 2.6 0.2
v -0.9 2.6 0.1
v -0.8 2.1 0.1
v -0.8 2.1 0
v -0.8 2.1 -0.1
v -0.8 2.1 -0.2
v -0.8 2.2 0.8
v -0.8 2.2 0.5
v -0.8 2.2 0.2
v -0.8 2.2 0.1
v -0.8 2.2 0
v -0.8 2.2 -0.1
v -0.8 2.2 -0.2
v -0.8 2.2 -0.3
v -0.8 2.3 1.1
v -0.8 2.3 0.8
v -0.8 2.3 0.3
v -0.8 2.3 0.2
v -0.8 2.3 -0.2
v -0.8 2.3 -0.3
v -0.8 2.4 1.1
v -0.8 2.4 0.8
v -0.8 2.4 0.3
v -0.8 2.4 0.2
v -0.8 2.4 -0.2
v -0.8 2.4 -0.3
v -0.8 2.5 0.8
v -0.8 2.5 0.5
v -0.8 2.5 0.2
v -0.8 2.5 0.1
v -0.8 2.5 0
v -0.8 2.5 -0.1
v -0.8 2.5 -0.2
v -0.8 2.5 -0.3
v -0.8 2.6 0.1
v -0.8 2.6 0
v -0.8 2.6 -0.1
v -0.8 2.6 -0.2
v -0.7 2.1 0
v -0.7 2.1 -0.1
v -0.7 2.2 0
v -0.7 2.2 -0.1
v -0.7 2.3 -0.2
v -0.7 2.3 -0.3
v -0.7 2.4 -0.2
v -0.7 2.4 -0.3
v -0.7 2.5 0
v -0.7 2.5 -0.1
v -0.7 2.6 0
v -0.7 2.6 -0.1
v -0.4 0 0.3
v -0.4 0 0.2
v -0.4 0 -0.3
v -0.4 0 -0.4
v -0.4 0.2 0.3
v -0.4 0.2 0.2
v -0.4 0.2 0.1
v -0.4 0.2 -0.2
v -0.4 0.2 -0.3
v -0.4 0.2 -0.4
v -0.4 0.3 0.2
v -0.4 0.3 0.1
v -0.4 0.3 -0.2
v -0.4 0.3 -0.3
v -0.4 0.4 0.2
v -0.4 0.4 0.1
v -0.4 0.4 -0.2
v -0.4 0.4 -0.3
v -0.4 0.5 0.2
v -0.4 0.5 0.1
v -0.4 0.5 -0.2
v -0.4 0.5 -0.3
v -0.4 0.8 0.2
v -0.4 0.8 0.1
v -0.4 0.9 0.2
v -0.4 0.9 0.1
v -0.4 1 0.2
v -0.4 1 0.1
v -0.4 1 -0.2
v -0.4 1 -0.3
v -0.4 1.1 0.2
v -0.4 1.1 0.1
v -0.4 1.1 -0.2
v -0.4 1.1 -0.3
v -0.4 3.5 0.5
v -0.4 3.5 0.3
v -0.4 3.6 0.5
v -0.4 3.6 0.4
v -0.4 3.7 0.5
v -0.4 3.7 0.4
v -0.4 3.8 0.5
v -0.4 3.8 0.3
v -0.3 0 0.2
v -0.3 0 0.1
v -0.3 0 -0.2
v -0.3 0 -0.3
v -0.3 0.2 0.2
v -0.3 0.2 0.1
v -0.3 0.2 0
v -0.3 0.2 -0.1
v -0.3 0.2 -0.2
v -0.3 0.2 -0.3
v -0.3 0.3 0
v -0.3 0.3 -0.1
v -0.3 0.4 0
v -0.3 0.4 -0.1
v -0.3 0.5 0.2
v -0.3 0.5 0.1
v -0.3 0.5 0
v -0.3 0.5 -0.1
v -0.3 0.5 -0.2
v -0.3 0.5 -0.3
v -0.3 0.8 0.2
v -0.3 0.8 0.1
v -0.3 0.8 0
v -0.3 0.8 -0.1
v -0.3 0.8 -0.2
v -0.3 0.8 -0.3
v -0.3 0.9 0
v -0.3 0.9 -0.1
v -0.3 1.1 0.2
v -0.3 1.1 0.1
v -0.3 1.1 -0.2
v -0.3 1.1 -0.3
v -0.3 1.3 0.1
v -0.3 1.3 -0.2
v -0.3 1.5 0.2
v -0.3 1.5 0.1
v -0.3 1.5 -0.2
v -0.3 1.5 -0.3
v -0.3 3.4 0.5
v -0.3 3.4 0.4
v -0.3 3.5 0.5
v -0.3 3.5 0.4
v -0.3 3.8 0.5
v -0.3 3.8 0.4
v -0.3 3.9 0.5
v -0.3 3.9 0.4
v -0.2 0 0.1
v -0.2 0 0
v -0.2 0 -0.1
v -0.2 0 -0.2
v -0.2 0.2 0.1
v -0.2 0.2 0
v -0.2 0.2 -0.1
v -0.2 0.2 -0.2
v -0.2 0.3 0
v -0.2 0.3 -0.1
v -0.2 0.4 0
v -0.2 0.4 -0.1
v -0.2 0.5 0.1
v -0.2 0.5 0
v -0.2 0.5 -0.1
v -0.2 0.5 -0.2
v -0.2 0.8 0.1
v -0.2 0.8 0
v -0.2 0.8 -0.1
v -0.2 0.8 -0.2
v -0.2 0.9 0
v -0.2 0.9 -0.1
v -0.1 0 0
v -0.1 0 -0.1
v -0.1 0.2 0
v -0.1 0.2 -0.1
v -0.1 3.4 0.5
v -0.1 3.4 0.3
v -0.1 3.4 -0.3
v -0.1 3.4 -0.4
v -0.1 3.5 0.5
v -0.1 3.5 0.3
v -0.1 3.5 -0.3
v -0.1 3.5 -0.4
v -0.1 3.5 -0.5
v -0.1 3.8 0.5
v -0.1 3.8 -0.4
v -0.1 3.8 -0.5
v -0.1 3.9 0.5
v -0.1 3.9 -0.4
v -1.19209e-07 3.5 0.5
v -1.19209e-07 3.5 0.3
v -1.19209e-07 3.5 -0.3
v -1.19209e-07 3.5 -0.4
v -1.19209e-07 3.6 0.5
v -1.19209e-07 3.6 0.4
v -1.19209e-07 3.6 0.3
v -1.19209e-07 3.6 0.2
v -1.19209e-07 3.6 -0.2
v -1.19209e-07 3.6 -0.3
v -1.19209e-07 3.7 0.5
v -1.19209e-07 3.7 0.4
v -1.19209e-07 3.7 0.2
v -1.19209e-07 3.7 -0.2
v -1.19209e-07 3.8 0.5
v -1.19209e-07 3.8 -0.4
v 0.0999999 1.1 0.2
v 0.0999999 1.1 0.1
v 0.0999999 1.2 0.3
v 0.0999999 1.2 0.2
v 0.0999999 1.2 0.1
v 0.0999999 1.3 0.3
v 0.0999999 1.3 0.2
v 0.0999999 1.6 0.3
v 0.0999999 1.6 0.2
v 0.0999999 1.7 0.3
v 0.0999999 1.7 0.2
v 0.0999999 3.1 -0.2
v 0.0999999 3.1 -0.3
v 0.0999999 3.2 -0.2
v 0.0999999 3.2 -0.3
v 0.0999999 3.3 0.4
v 0.0999999 3.3 0.3
v 0.0999999 3.4 0.4
v 0.0999999 3.4 0.3
v 0.2 1.1 0.1
v 0.2 1.1 0
v 0.2 1.2 0.2
v 0.2 1.2 0.1
v 0.2 1.2 0
v 0.2 1.2 -0.2
v 0.2 1.2 -0.3
v 0.2 1.3 0.3
v 0.2 1.3 0.2
v 0.2 1.3 0.1
v 0.2 1.3 -0.2
v 0.2 1.3 -0.3
v 0.2 1.3 -0.4
v 0.2 1.6 0.3
v 0.2 1.6 0.2
v 0.2 1.6 0.1
v 0.2 1.6 -0.2
v 0.2 1.6 -0.3
v 0.2 1.6 -0.4
v 0.2 1.7 0.2
v 0.2 1.7 0.1
v 0.2 1.7 -0.2
v 0.2 1.7 -0.3
v 0.2 1.9 0.2
v 0.2 1.9 0.1
v 0.2 1.9 -0.2
v 0.2 1.9 -0.3
v 0.2 2 0.3
v 0.2 2 0.2
v 0.2 2 0.1
v 0.2 2 -0.2
v 0.2 2 -0.3
v 0.2 2 -0.4
v 0.2 2.2 0.3
v 0.2 2.2 0.2
v 0.2 2.2 -0.3
v 0.2 2.2 -0.4
v 0.2 2.6 0.3
v 0.2 2.6 0.2
v 0.2 2.6 -0.3
v 0.2 2.6 -0.4
v 0.2 2.7 0.3
v 0.2 2.7 0.2
v 0.2 2.7 0.1
v 0.2 2.7 -0.2
v 0.2 2.7 -0.3
v 0.2 2.7 -0.4
v 0.2 2.8 0.2
v 0.2 2.8 0.1
v 0.2 2.8 -0.2
v 0.2 2.8 -0.3
v 0.2 3 0.3
v 0.2 3 0.1
v 0.2 3.1 0.4
v 0.2 3.1 0.3
v 0.2 3.1 0.1
v 0.2 3.1 0
v 0.2 3.2 0
v 0.2 3.2 -0.2
v 0.2 3.2 -0.3
v 0.2 3.3 0.4
v 0.2 3.3 0.3
v 0.2 3.3 0.2
v 0.2 3.3 -0.2
v 0.2 3.3 -0.3
v 0.2 3.4 0.3
v 0.2 3.4 0.2
v 0.2 3.5 0.5
v 0.2 3.5 0.3
v 0.2 3.6 0.5
v 0.2 3.6 0.4
v 0.2 3.7 0.5
v 0.2 3.7 0.4
v 0.2 3.8 0.5
v 0.2 3.8 0.3
v 0.3 1.2 0.1
v 0.3 1.2 0
v 0.3 1.3 0.2
v 0.3 1.3 0.1
v 0.3 1.3 0
v 0.3 1.3 -0.2
v 0.3 1.3 -0.3
v 0.3 1.6 0.2
v 0.3 1.6 0.1
v 0.3 1.6 -0.2
v 0.3 1.6 -0.3
v 0.3 1.7 0.1
v 0.3 1.7 -0.2
v 0.3 1.9 0.1
v 0.3 1.9 -0.2
v 0.3 2 0.2
v 0.3 2 0.1
v 0.3 2 -0.2
v 0.3 2 -0.3
v 0.3 2.2 0.3
v 0.3 2.2 0.2
v 0.3 2.2 0.1
v 0.3 2.2 -0.2
v 0.3 2.2 -0.3
v 0.3 2.2 -0.4
v 0.3 2.6 0.3
v 0.3 2.6 0.2
v 0.3 2.6 -0.3
v 0.3 2.6 -0.4
v 0.3 3.1 0.3
v 0.3 3.1 0
v 0.3 3.2 0
v 0.3 3.2 -0.2
v 0.3 3.3 0.3
v 0.3 3.3 0.2
v 0.3 3.3 0.1
v 0.3 3.3 0
v 0.3 3.3 -0.2
v 0.3 3.3 -0.3
v 0.3 3.4 0.5
v 0.3 3.4 0.4
v 0.3 3.4 0.2
v 0.3 3.4 0.1
v 0.3 3.4 -0.2
v 0.3 3.4 -0.3
v 0.3 3.5 0.5
v 0.3 3.5 0.4
v 0.3 3.8 0.5
v 0.3 3.8 0.4
v 0.3 3.9 0.5
v 0.3 3.9 0.4
v 0.4 2 0.1
v 0.4 2 -0.2
v 0.4 2.2 0.2
v 0.4 2.2 0.1
v 0.4 2.2 -0.2
v 0.4 2.2 -0.3
v 0.4 2.3 -0.2
v 0.4 2.3 -0.3
v 0.4 2.4 0.2
v 0.4 2.4 0.1
v 0.4 3.3 0.1
v 0.4 3.3 -0.2
v 0.4 3.4 0.1
v 0.4 3.4 -0.2
v 0.4 3.4 -0.3
v 0.4 3.4 -0.4
v 0.4 3.5 -0.3
v 0.4 3.5 -0.4
v 0.4 3.5 -0.5
v 0.4 3.8 -0.3
v 0.4 3.8 -0.4
v 0.4 3.8 -0.5
v 0.4 3.9 -0.3
v 0.4 3.9 -0.4
v 0.5 2.3 -0.2
v 0.5 2.3 -0.3
v 0.5 2.4 0.2
v 0.5 2.4 0.1
v 0.5 2.5 0.2
v 0.5 2.5 0.1
v 0.5 2.5 -0.2
v 0.5 2.5 -0.3
v 0.5 2.7 0.2
v 0.5 2.7 0.1
v 0.5 2.7 -0.2
v 0.5 2.7 -0.3
v 0.5 2.8 0.1
v 0.5 2.8 -0.2
v 0.5 3.4 0.5
v 0.5 3.4 -0.3
v 0.5 3.5 0.5
v 0.5 3.5 -0.3
v 0.5 3.5 -0.4
v 0.5 3.8 0.5
v 0.5 3.8 -0.3
v 0.5 3.8 -0.4
v 0.5 3.9 0.5
v 0.5 3.9 -0.3
v 0.6 0 0.3
v 0.6 0 0.2
v 0.6 0 -0.3
v 0.6 0 -0.4
v 0.6 0.2 0.3
v 0.6 0.2 0.2
v 0.6 0.2 0.1
v 0.6 0.2 -0.2
v 0.6 0.2 -0.3
v 0.6 0.2 -0.4
v 0.6 0.3 0.2
v 0.6 0.3 0.1
v 0.6 0.3 -0.2
v 0.6 0.3 -0.3
v 0.6 0.4 0.2
v 0.6 0.4 0.1
v 0.6 0.4 -0.2
v 0.6 0.4 -0.3
v 0.6 0.5 0.2
v 0.6 0.5 0.1
v 0.6 0.5 -0.2
v 0.6 0.5 -0.3
v 0.6 0.8 0.2
v 0.6 0.8 0.1
v 0.6 0.9 0.2
v 0.6 0.9 0.1
v 0.6 1 0.2
v 0.6 1 0.1
v 0.6 1 -0.2
v 0.6 1 -0.3
v 0.6 1.1 0.2
v 0.6 1.1 0.1
v 0.6 1.1 -0.2
v 0.6 1.1 -0.3
v 0.6 1.4 0.2
v 0.6 1.4 0.1
v 0.6 1.4 -0.2
v 0.6 1.4 -0.3
v 0.6 1.5 0.2
v 0.6 1.5 0.1
v 0.6 1.5 0
v 0.6 1.5 -0.1
v 0.6 1.5 -0.2
v 0.6 1.5 -0.3
v 0.6 1.6 0.1
v 0.6 1.6 0
v 0.6 1.6 -0.1
v 0.6 1.6 -0.2
v 0.6 2.5 0.1
v 0.6 2.5 -0.2
v 0.6 2.7 0.1
v 0.6 2.7 -0.2
v 0.6 3.5 0.5
v 0.6 3.5 -0.3
v 0.6 3.6 0.5
v 0.6 3.6 0.4
v 0.6 3.7 0.5
v 0.6 3.7 0.4
v 0.6 3.8 0.5
v 0.6 3.8 -0.3
v 0.7 0 0.2
v 0.7 0 0.1
v 0.7 0 -0.2
v 0.7 0 -0.3
v 0.7 0.2 0.2
v 0.7 0.2 0.1
v 0.7 0.2 0
v 0.7 0.2 -0.1
v 0.7 0.2 -0.2
v 0.7 0.2 -0.3
v 0.7 0.3 0
v 0.7 0.3 -0.1
v 0.7 0.4 0
v 0.7 0.4 -0.1
v 0.7 0.5 0.2
v 0.7 0.5 0.1
v 0.7 0.5 0
v 0.7 0.5 -0.1
v 0.7 0.5 -0.2
v 0.7 0.5 -0.3
v 0.7 0.8 0.2
v 0.7 0.8 0.1
v 0.7 0.8 0
v 0.7 0.8 -0.1
v 0.7 0.8 -0.2
v 0.7 0.8 -0.3
v 0.7 0.9 0
v 0.7 0.9 -0.1
v 0.7 1 0
v 0.7 1 -0.1
v 0.7 1.1 0.2
v 0.7 1.1 0.1
v 0.7 1.1 0
v 0.7 1.1 -0.1
v 0.7 1.1 -0.2
v 0.7 1.1 -0.3
v 0.7 1.3 0.2
v 0.7 1.3 0.1
v 0.7 1.3 -0.2
v 0.7 1.3 -0.3
v 0.7 1.4 0.2
v 0.7 1.4 0.1
v 0.7 1.4 0
v 0.7 1.4 -0.1
v 0.7 1.4 -0.2
v 0.7 1.4 -0.3
v 0.7 1.5 0.1
v 0.7 1.5 0
v 0.7 1.5 -0.1
v 0.7 1.5 -0.2
v 0.7 1.6 0
v 0.7 1.6 -0.1
v 0.8 0 0.1
v 0.8 0 0
v 0.8 0 -0.1
v 0.8 0 -0.2
v 0.8 0.2 0.1
v 0.8 0.2 0
v 0.8 0.2 -0.1
v 0.8 0.2 -0.2
v 0.8 0.3 0
v 0.8 0.3 -0.1
v 0.8 0.4 0
v 0.8 0.4 -0.1
v 0.8 0.5 0.1
v 0.8 0.5 0
v 0.8 0.5 -0.1
v 0.8 0.5 -0.2
v 0.8 0.8 0.1
v 0.8 0.8 0
v 0.8 0.8 -0.1
v 0.8 0.8 -0.2
v 0.8 0.9 0
v 0.8 0.9 -0.1
v 0.8 1 0
v 0.8 1 -0.1
v 0.8 1.1 0.1
v 0.8 1.1 0
v 0.8 1.1 -0.1
v 0.8 1.1 -0.2
v 0.8 1.2 0
v 0.8 1.2 -0.1
v 0.8 1.3 0.1
v 0.8 1.3 0
v 0.8 1.3 -0.1
v 0.8 1.3 -0.2
v 0.8 1.4 0.1
v 0.8 1.4 0
v 0.8 1.4 -0.1
v 0.8 1.4 -0.2
v 0.8 1.5 0
v 0.8 1.5 -0.1
v 0.9 0 0
v 0.9 0 -0.1
v 0.9 0.2 0
v 0.9 0.2 -0.1
v 1 2.3 1.1
v 1 2.3 0.9
v 1 2.4 1.1
v 1 2.4 0.9
v 1.1 2.1 -0.1
v 1.1 2.1 -0.2
v 1.1 2.2 -0.1
v 1.1 2.2 -0.2
v 1.1 2.2 -0.3
v 1.1 2.5 -0.1
v 1.1 2.5 -0.2
v 1.1 2.5 -0.3
v 1.1 2.6 -0.1
v 1.1 2.6 -0.2
v 1.2 2.1 1.1
v 1.2 2.1 0.8
v 1.2 2.1 0.3
v 1.2 2.1 0.2
v 1.2 2.1 0
v 1.2 2.1 -0.1
v 1.2 2.2 1.1
v 1.2 2.2 0.9
v 1.2 2.2 0.8
v 1.2 2.2 0.3
v 1.2 2.2 0.2
v 1.2 2.2 0
v 1.2 2.2 -0.1
v 1.2 2.2 -0.2
v 1.2 2.5 1.1
v 1.2 2.5 0.9
v 1.2 2.5 0.8
v 1.2 2.5 0.3
v 1.2 2.5 0.2
v 1.2 2.5 0
v 1.2 2.5 -0.1
v 1.2 2.5 -0.2
v 1.2 2.6 1.1
v 1.2 2.6 0.8
v 1.2 2.6 0.3
v 1.2 2.6 0.2
v 1.2 2.6 0
v 1.2 2.6 -0.1
v 1.3 2.1 0.8
v 1.3 2.1 0.5
v 1.3 2.1 0.2
v 1.3 2.1 0
v 1.3 2.2 0.9
v 1.3 2.2 0.8
v 1.3 2.2 0.5
v 1.3 2.2 0.2
v 1.3 2.2 0
v 1.3 2.2 -0.1
v 1.3 2.3 0.9
v 1.3 2.3 0.8
v 1.3 2.3 0.3
v 1.3 2.3 0.2
v 1.3 2.4 0.9
v 1.3 2.4 0.8
v 1.3 2.4 0.3
v 1.3 2.4 0.2
v 1.3 2.5 0.9
v 1.3 2.5 0.8
v 1.3 2.5 0.5
v 1.3 2.5 0.2
v 1.3 2.5 0
v 1.3 2.5 -0.1
v 1.3 2.6 0.8
v 1.3 2.6 0.5
v 1.3 2.6 0.2
v 1.3 2.6 0
v 1.4 2.2 0.8
v 1.4 2.2 0.5
v 1.4 2.2 0.2
v 1.4 2.2 0
v 1.4 2.3 1.1
v 1.4 2.3 0.8
v 1.4 2.3 0.3
v 1.4 2.3 0.2
v 1.4 2.4 1.1
v 1.4 2.4 0.8
v 1.4 2.4 0.3
v 1.4 2.4 0.2
v 1.4 2.5 0.8
v 1.4 2.5 0.5
v 1.4 2.5 0.2
v 1.4 2.5 0
v -1.3 2.3 1.1
v -1.3 2.4 1.1
v -1.2 2.3 1.1
v -1.2 2.4 1.1
v -1.1 2.1 1.1
v -1.1 2.2 1.1
v -1.1 2.5 1.1
v -1.1 2.6 1.1
v -1 2.1 1.1
v -1 2.2 1.1
v -1 2.5 1.1
v -1 2.6 1.1
v -0.9 2.3 1.1
v -0.9 2.4 1.1
v -0.8 2.3 1.1
v -0.8 2.4 1.1
v 0.9 2.3 1.1
v 0.9 2.4 1.1
v 1 2.3 1.1
v 1 2.4 1.1
v 1.1 2.1 1.1
v 1.1 2.2 1.1
v 1.1 2.5 1.1
v 1.1 2.6 1.1
v 1.2 2.1 1.1
v 1.2 2.2 1.1
v 1.2 2.5 1.1
v 1.2 2.6 1.1
v 1.3 2.3 1.1
v 1.3 2.4 1.1
v 1.4 2.3 1.1
v 1.4 2.4 1.1
v -1.2 2.2 0.9
v -1.2 2.3 0.9
v -1.2 2.4 0.9
v -1.2 2.5 0.9
v -1.1 2.2 0.9
v -1.1 2.5 0.9
v -1 2.2 0.9
v -1 2.5 0.9
v -0.9 2.2 0.9
v -0.9 2.3 0.9
v -0.9 2.4 0.9
v -0.9 2.5 0.9
v 1 2.2 0.9
v 1 2.3 0.9
v 1 2.4 0.9
v 1 2.5 0.9
v 1.1 2.2 0.9
v 1.1 2.5 0.9
v 1.2 2.2 0.9
v 1.2 2.5 0.9
v 1.3 2.2 0.9
v 1.3 2.3 0.9
v 1.3 2.4 0.9
v 1.3 2.5 0.9
v -1.3 2.2 0.8
v -1.3 2.3 0.8
v -1.3 2.4 0.8
v -1.3 2.5 0.8
v -1.2 2.1 0.8
v -1.2 2.2 0.8
v -1.2 2.3 0.8
v -1.2 2.4 0.8
v -1.2 2.5 0.8
v -1.2 2.6 0.8
v -1.1 2.1 0.8
v -1.1 2.2 0.8
v -1.1 2.5 0.8
v -1.1 2.6 0.8
v -1 2.1 0.8
v -1 2.2 0.8
v -1 2.5 0.8
v -1 2.6 0.8
v -0.9 2.1 0.8
v -0.9 2.2 0.8
v -0.9 2.3 0.8
v -0.9 2.4 0.8
v -0.9 2.5 0.8
v -0.9 2.6 0.8
v -0.8 2.2 0.8
v -0.8 2.3 0.8
v -0.8 2.4 0.8
v -0.8 2.5 0.8
v 0.9 2.2 0.8
v 0.9 2.3 0.8
v 0.9 2.4 0.8
v 0.9 2.5 0.8
v 1 2.1 0.8
v 1 2.2 0.8
v 1 2.3 0.8
v 1 2.4 0.8
v 1 2.5 0.8
v 1 2.6 0.8
v 1.1 2.1 0.8
v 1.1 2.2 0.8
v 1.1 2.5 0.8
v 1.1 2.6 0.8
v 1.2 2.1 0.8
v 1.2 2.2 0.8
v 1.2 2.5 0.8
v 1.2 2.6 0.8
v 1.3 2.1 0.8
v 1.3 2.2 0.8
v 1.3 2.3 0.8
v 1.3 2.4 0.8
v 1.3 2.5 0.8
v 1.3 2.6 0.8
v 1.4 2.2 0.8
v 1.4 2.3 0.8
v 1.4 2.4 0.8
v 1.4 2.5 0.8
v -0.5 3.5 0.5
v -0.5 3.6 0.5
v -0.5 3.7 0.5
v -0.5 3.8 0.5
v -0.4 3.4 0.5
v -0.4 3.5 0.5
v -0.4 3.6 0.5
v -0.4 3.7 0.5
v -0.4 3.8 0.5
v -0.4 3.9 0.5
v -0.3 3.4 0.5
v -0.3 3.5 0.5
v -0.3 3.8 0.5
v -0.3 3.9 0.5
v -0.2 3.4 0.5
v -0.2 3.5 0.5
v -0.2 3.8 0.5
v -0.2 3.9 0.5
v -0.1 3.4 0.5
v -0.1 3.5 0.5
v -0.1 3.6 0.5
v -0.1 3.7 0.5
v -0.1 3.8 0.5
v -0.1 3.9 0.5
v -1.19209e-07 3.5 0.5
v -1.19209e-07 3.6 0.5
v -1.19209e-07 3.7 0.5
v -1.19209e-07 3.8 0.5
v 0.0999999 3.5 0.5
v 0.0999999 3.6 0.5
v 0.0999999 3.7 0.5
v 0.0999999 3.8 0.5
v 0.2 3.4 0.5
v 0.2 3.5 0.5
v 0.2 3.6 0.5
v 0.2 3.7 0.5
v 0.2 3.8 0.5
v 0.2 3.9 0.5
v 0.3 3.4 0.5
v 0.3 3.5 0.5
v 0.3 3.8 0.5
v 0.3 3.9 0.5
v 0.4 3.4 0.5
v 0.4 3.5 0.5
v 0.4 3.8 0.5
v 0.4 3.9 0.5
v 0.5 3.4 0.5
v 0.5 3.5 0.5
v 0.5 3.6 0.5
v 0.5 3.7 0.5
v 0.5 3.8 0.5
v 0.5 3.9 0.5
v 0.6 3.5 0.5
v 0.6 3.6 0.5
v 0.6 3.7 0.5
v 0.6 3.8 0.5
v -0.5 3.6 0.4
v -0.5 3.7 0.4
v -0.4 3.6 0.4
v -0.4 3.7 0.4
v -0.3 3.4 0.4
v -0.3 3.5 0.4
v -0.3 3.8 0.4
v -0.3 3.9 0.4
v -0.2 3.4 0.4
v -0.2 3.5 0.4
v -0.2 3.8 0.4
v -0.2 3.9 0.4
v -0.1 3.1 0.4
v -0.1 3.3 0.4
v -0.1 3.6 0.4
v -0.1 3.7 0.4
v -1.19209e-07 3.3 0.4
v -1.19209e-07 3.4 0.4
v -1.19209e-07 3.6 0.4
v -1.19209e-07 3.7 0.4
v 0.0999999 3.3 0.4
v 0.0999999 3.4 0.4
v 0.0999999 3.6 0.4
v 0.0999999 3.7 0.4
v 0.2 3.1 0.4
v 0.2 3.3 0.4
v 0.2 3.6 0.4
v 0.2 3.7 0.4
v 0.3 3.4 0.4
v 0.3 3.5 0.4
v 0.3 3.8 0.4
v 0.3 3.9 0.4
v 0.4 3.4 0.4
v 0.4 3.5 0.4
v 0.4 3.8 0.4
v 0.4 3.9 0.4
v 0.5 3.6 0.4
v 0.5 3.7 0.4
v 0.6 3.6 0.4
v 0.6 3.7 0.4
v -1.3 2.3 0.3
v -1.3 2.4 0.3
v -1.2 2.3 0.3
v -1.2 2.4 0.3
v -1.1 2.1 0.3
v -1.1 2.2 0.3
v -1.1 2.5 0.3
v -1.1 2.6 0.3
v -1 2.1 0.3
v -1 2.2 0.3
v -1 2.5 0.3
v -1 2.6 0.3
v -0.9 2.3 0.3
v -0.9 2.4 0.3
v -0.8 2.3 0.3
v -0.8 2.4 0.3
v -0.5 0 0.3
v -0.5 0.2 0.3
v -0.4 0 0.3
v -0.4 0.2 0.3
v -0.4 3.5 0.3
v -0.4 3.8 0.3
v -0.3 3.5 0.3
v -0.3 3.8 0.3
v -0.2 2.2 0.3
v -0.2 2.6 0.3
v -0.2 3.1 0.3
v -0.2 3.3 0.3
v -0.2 3.5 0.3
v -0.2 3.8 0.3
v -0.1 1.3 0.3
v -0.1 1.6 0.3
v -0.1 2 0.3
v -0.1 2.2 0.3
v -0.1 2.6 0.3
v -0.1 2.7 0.3
v -0.1 3 0.3
v -0.1 3.1 0.3
v -0.1 3.3 0.3
v -0.1 3.4 0.3
v -0.1 3.5 0.3
v -0.1 3.8 0.3
v -1.19209e-07 1.2 0.3
v -1.19209e-07 1.3 0.3
v -1.19209e-07 1.6 0.3
v -1.19209e-07 1.7 0.3
v -1.19209e-07 3.3 0.3
v -1.19209e-07 3.4 0.3
v -1.19209e-07 3.5 0.3
v -1.19209e-07 3.6 0.3
v 0.0999999 1.2 0.3
v 0.0999999 1.3 0.3
v 0.0999999 1.6 0.3
v 0.0999999 1.7 0.3
v 0.0999999 3.3 0.3
v 0.0999999 3.4 0.3
v 0.0999999 3.5 0.3
v 0.0999999 3.6 0.3
v 0.2 1.3 0.3
v 0.2 1.6 0.3
v 0.2 2 0.3
v 0.2 2.2 0.3
v 0.2 2.6 0.3
v 0.2 2.7 0.3
v 0.2 3 0.3
v 0.2 3.1 0.3
v 0.2 3.3 0.3
v 0.2 3.4 0.3
v 0.2 3.5 0.3
v 0.2 3.8 0.3
v 0.3 2.2 0.3
v 0.3 2.6 0.3
v 0.3 3.1 0.3
v 0.3 3.3 0.3
v 0.3 3.5 0.3
v 0.3 3.8 0.3
v 0.4 3.5 0.3
v 0.4 3.8 0.3
v 0.5 0 0.3
v 0.5 0.2 0.3
v 0.5 3.5 0.3
v 0.5 3.8 0.3
v 0.6 0 0.3
v 0.6 0.2 0.3
v 0.9 2.3 0.3
v 0.9 2.4 0.3
v 1 2.3 0.3
v 1 2.4 0.3
v 1.1 2.1 0.3
v 1.1 2.2 0.3
v 1.1 2.5 0.3
v 1.1 2.6 0.3
v 1.2 2.1 0.3
v 1.2 2.2 0.3
v 1.2 2.5 0.3
v 1.2 2.6 0.3
v 1.3 2.3 0.3
v 1.3 2.4 0.3
v 1.4 2.3 0.3
v 1.4 2.4 0.3
v -1.3 2.2 0.2
v -1.3 2.3 0.2
v -1.3 2.4 0.2
v -1.3 2.5 0.2
v -1.2 2.1 0.2
v -1.2 2.2 0.2
v -1.2 2.3 0.2
v -1.2 2.4 0.2
v -1.2 2.5 0.2
v -1.2 2.6 0.2
v -1.1 2.1 0.2
v -1.1 2.2 0.2
v -1.1 2.5 0.2
v -1.1 2.6 0.2
v -1 2.1 0.2
v -1 2.2 0.2
v -1 2.5 0.2
v -1 2.6 0.2
v -0.9 2.1 0.2
v -0.9 2.2 0.2
v -0.9 2.3 0.2
v -0.9 2.4 0.2
v -0.9 2.5 0.2
v -0.9 2.6 0.2
v -0.8 2.2 0.2
v -0.8 2.3 0.2
v -0.8 2.4 0.2
v -0.8 2.5 0.2
v -0.6 0 0.2
v -0.6 0.2 0.2
v -0.6 0.5 0.2
v -0.6 0.8 0.2
v -0.6 1.1 0.2
v -0.6 1.3 0.2
v -0.6 1.4 0.2
v -0.5 0 0.2
v -0.5 0.2 0.2
v -0.5 0.3 0.2
v -0.5 0.4 0.2
v -0.5 0.5 0.2
v -0.5 0.8 0.2
v -0.5 0.9 0.2
v -0.5 1 0.2
v -0.5 1.1 0.2
v -0.5 1.3 0.2
v -0.5 1.4 0.2
v -0.5 1.5 0.2
v -0.4 0 0.2
v -0.4 0.2 0.2
v -0.4 0.3 0.2
v -0.4 0.4 0.2
v -0.4 0.5 0.2
v -0.4 0.8 0.2
v -0.4 0.9 0.2
v -0.4 1 0.2
v -0.4 1.1 0.2
v -0.4 1.4 0.2
v -0.4 1.5 0.2
v -0.4 2.4 0.2
v -0.4 2.5 0.2
v -0.4 2.7 0.2
v -0.3 0 0.2
v -0.3 0.2 0.2
v -0.3 0.5 0.2
v -0.3 0.8 0.2
v -0.3 1.1 0.2
v -0.3 1.5 0.2
v -0.3 2.2 0.2
v -0.3 2.4 0.2
v -0.3 2.5 0.2
v -0.3 2.6 0.2
v -0.2 1.3 0.2
v -0.2 1.6 0.2
v -0.2 2 0.2
v -0.2 2.2 0.2
v -0.2 2.6 0.2
v -0.2 2.7 0.2
v -0.2 3.3 0.2
v -0.2 3.4 0.2
v -0.1 1.2 0.2
v -0.1 1.3 0.2
v -0.1 1.6 0.2
v -0.1 1.7 0.2
v -0.1 1.9 0.2
v -0.1 2 0.2
v -0.1 2.2 0.2
v -0.1 2.6 0.2
v -0.1 2.7 0.2
v -0.1 2.8 0.2
v -0.1 3.3 0.2
v -0.1 3.4 0.2
v -1.19209e-07 1.1 0.2
v -1.19209e-07 1.2 0.2
v -1.19209e-07 1.3 0.2
v -1.19209e-07 1.6 0.2
v -1.19209e-07 1.7 0.2
v -1.19209e-07 3.6 0.2
v -1.19209e-07 3.7 0.2
v 0.0999999 1.1 0.2
v 0.0999999 1.2 0.2
v 0.0999999 1.3 0.2
v 0.0999999 1.6 0.2
v 0.0999999 1.7 0.2
v 0.0999999 3.6 0.2
v 0.0999999 3.7 0.2
v 0.2 1.2 0.2
v 0.2 1.3 0.2
v 0.2 1.6 0.2
v 0.2 1.7 0.2
v 0.2 1.9 0.2
v 0.2 2 0.2
v 0.2 2.2 0.2
v 0.2 2.6 0.2
v 0.2 2.7 0.2
v 0.2 2.8 0.2
v 0.2 3.3 0.2
v 0.2 3.4 0.2
v 0.3 1.3 0.2
v 0.3 1.6 0.2
v 0.3 2 0.2
v 0.3 2.2 0.2
v 0.3 2.6 0.2
v 0.3 2.7 0.2
v 0.3 3.3 0.2
v 0.3 3.4 0.2
v 0.4 0 0.2
v 0.4 0.2 0.2
v 0.4 0.5 0.2
v 0.4 0.8 0.2
v 0.4 1.1 0.2
v 0.4 1.5 0.2
v 0.4 2.2 0.2
v 0.4 2.4 0.2
v 0.4 2.5 0.2
v 0.4 2.6 0.2
v 0.5 0 0.2
v 0.5 0.2 0.2
v 0.5 0.3 0.2
v 0.5 0.4 0.2
v 0.5 0.5 0.2
v 0.5 0.8 0.2
v 0.5 0.9 0.2
v 0.5 1 0.2
v 0.5 1.1 0.2
v 0.5 1.4 0.2
v 0.5 1.5 0.2
v 0.5 2.4 0.2
v 0.5 2.5 0.2
v 0.5 2.7 0.2
v 0.6 0 0.2
v 0.6 0.2 0.2
v 0.6 0.3 0.2
v 0.6 0.4 0.2
v 0.6 0.5 0.2
v 0.6 0.8 0.2
v 0.6 0.9 0.2
v 0.6 1 0.2
v 0.6 1.1 0.2
v 0.6 1.3 0.2
v 0.6 1.4 0.2
v 0.6 1.5 0.2
v 0.7 0 0.2
v 0.7 0.2 0.2
v 0.7 0.5 0.2
v 0.7 0.8 0.2
v 0.7 1.1 0.2
v 0.7 1.3 0.2
v 0.7 1.4 0.2
v 0.9 2.2 0.2
v 0.9 2.3 0.2
v 0.9 2.4 0.2
v 0.9 2.5 0.2
v 1 2.1 0.2
v 1 2.2 0.2
v 1 2.3 0.2
v 1 2.4 0.2
v 1 2.5 0.2
v 1 2.6 0.2
v 1.1 2.1 0.2
v 1.1 2.2 0.2
v 1.1 2.5 0.2
v 1.1 2.6 0.2
v 1.2 2.1 0.2
v 1.2 2.2 0.2
v 1.2 2.5 0.2
v 1.2 2.6 0.2
v 1.3 2.1 0.2
v 1.3 2.2 0.2
v 1.3 2.3 0.2
v 1.3 2.4 0.2
v 1.3 2.5 0.2
v 1.3 2.6 0.2
v 1.4 2.2 0.2
v 1.4 2.3 0.2
v 1.4 2.4 0.2
v 1.4 2.5 0.2
v -0.9 2.1 0.1
v -0.9 2.2 0.1
v -0.9 2.5 0.1
v -0.9 2.6 0.1
v -0.8 2.1 0.1
v -0.8 2.2 0.1
v -0.8 2.5 0.1
v -0.8 2.6 0.1
v -0.7 0 0.1
v -0.7 0.2 0.1
v -0.7 0.5 0.1
v -0.7 0.8 0.1
v -0.7 1.1 0.1
v -0.7 1.3 0.1
v -0.7 1.4 0.1
v -0.6 0 0.1
v -0.6 0.2 0.1
v -0.6 0.5 0.1
v -0.6 0.8 0.1
v -0.6 1.1 0.1
v -0.6 1.3 0.1
v -0.6 1.4 0.1
v -0.6 1.5 0.1
v -0.5 0.2 0.1
v -0.5 0.3 0.1
v -0.5 0.4 0.1
v -0.5 0.5 0.1
v -0.5 0.8 0.1
v -0.5 0.9 0.1
v -0.5 1 0.1
v -0.5 1.1 0.1
v -0.5 1.4 0.1
v -0.5 1.5 0.1
v -0.5 1.6 0.1
v -0.5 2.5 0.1
v -0.5 2.7 0.1
v -0.4 0.2 0.1
v -0.4 0.3 0.1
v -0.4 0.4 0.1
v -0.4 0.5 0.1
v -0.4 0.8 0.1
v -0.4 0.9 0.1
v -0.4 1 0.1
v -0.4 1.1 0.1
v -0.4 1.5 0.1
v -0.4 1.6 0.1
v -0.4 2.4 0.1
v -0.4 2.5 0.1
v -0.4 2.7 0.1
v -0.4 2.8 0.1
v -0.3 0 0.1
v -0.3 0.2 0.1
v -0.3 0.5 0.1
v -0.3 0.8 0.1
v -0.3 1.1 0.1
v -0.3 1.3 0.1
v -0.3 1.5 0.1
v -0.3 1.6 0.1
v -0.3 2 0.1
v -0.3 2.2 0.1
v -0.3 2.4 0.1
v -0.3 3.3 0.1
v -0.3 3.4 0.1
v -0.2 0 0.1
v -0.2 0.2 0.1
v -0.2 0.5 0.1
v -0.2 0.8 0.1
v -0.2 1.2 0.1
v -0.2 1.3 0.1
v -0.2 1.6 0.1
v -0.2 1.7 0.1
v -0.2 1.9 0.1
v -0.2 2 0.1
v -0.2 2.2 0.1
v -0.2 2.7 0.1
v -0.2 2.8 0.1
v -0.2 3.3 0.1
v -0.2 3.4 0.1
v -0.1 1.1 0.1
v -0.1 1.2 0.1
v -0.1 1.3 0.1
v -0.1 1.6 0.1
v -0.1 1.7 0.1
v -0.1 1.9 0.1
v -0.1 2 0.1
v -0.1 2.7 0.1
v -0.1 2.8 0.1
v -0.1 3 0.1
v -1.19209e-07 1.1 0.1
v -1.19209e-07 1.2 0.1
v 0.0999999 1.1 0.1
v 0.0999999 1.2 0.1
v 0.2 1.1 0.1
v 0.2 1.2 0.1
v 0.2 1.3 0.1
v 0.2 1.6 0.1
v 0.2 1.7 0.1
v 0.2 1.9 0.1
v 0.2 2 0.1
v 0.2 2.7 0.1
v 0.2 2.8 0.1
v 0.2 3 0.1
v 0.3 0 0.1
v 0.3 0.2 0.1
v 0.3 0.5 0.1
v 0.3 0.8 0.1
v 0.3 1.2 0.1
v 0.3 1.3 0.1
v 0.3 1.6 0.1
v 0.3 1.7 0.1
v 0.3 1.9 0.1
v 0.3 2 0.1
v 0.3 2.2 0.1
v 0.3 2.7 0.1
v 0.3 2.8 0.1
v 0.3 3.3 0.1
v 0.3 3.4 0.1
v 0.4 0 0.1
v 0.4 0.2 0.1
v 0.4 0.5 0.1
v 0.4 0.8 0.1
v 0.4 1.1 0.1
v 0.4 1.3 0.1
v 0.4 1.5 0.1
v 0.4 1.6 0.1
v 0.4 2 0.1
v 0.4 2.2 0.1
v 0.4 2.4 0.1
v 0.4 3.3 0.1
v 0.4 3.4 0.1
v 0.5 0.2 0.1
v 0.5 0.3 0.1
v 0.5 0.4 0.1
v 0.5 0.5 0.1
v 0.5 0.8 0.1
v 0.5 0.9 0.1
v 0.5 1 0.1
v 0.5 1.1 0.1
v 0.5 1.5 0.1
v 0.5 1.6 0.1
v 0.5 2.4 0.1
v 0.5 2.5 0.1
v 0.5 2.7 0.1
v 0.5 2.8 0.1
v 0.6 0.2 0.1
v 0.6 0.3 0.1
v 0.6 0.4 0.1
v 0.6 0.5 0.1
v 0.6 0.8 0.1
v 0.6 0.9 0.1
v 0.6 1 0.1
v 0.6 1.1 0.1
v 0.6 1.4 0.1
v 0.6 1.5 0.1
v 0.6 1.6 0.1
v 0.6 2.5 0.1
v 0.6 2.7 0.1
v 0.7 0 0.1
v 0.7 0.2 0.1
v 0.7 0.5 0.1
v 0.7 0.8 0.1
v 0.7 1.1 0.1
v 0.7 1.3 0.1
v 0.7 1.4 0.1
v 0.7 1.5 0.1
v 0.8 0 0.1
v 0.8 0.2 0.1
v 0.8 0.5 0.1
v 0.8 0.8 0.1
v 0.8 1.1 0.1
v 0.8 1.3 0.1
v 0.8 1.4 0.1
v 0.9 2.1 0.1
v 0.9 2.2 0.1
v 0.9 2.5 0.1
v 0.9 2.6 0.1
v 1 2.1 0.1
v 1 2.2 0.1
v 1 2.5 0.1
v 1 2.6 0.1
v -0.8 0 0
v -0.8 0.2 0
v -0.8 2.1 0
v -0.8 2.2 0
v -0.8 2.5 0
v -0.8 2.6 0
v -0.7 0 0
v -0.7 0.2 0
v -0.7 0.3 0
v -0.7 0.4 0
v -0.7 0.5 0
v -0.7 0.8 0
v -0.7 0.9 0
v -0.7 1 0
v -0.7 1.1 0
v -0.7 1.4 0
v -0.7 1.5 0
v -0.7 2.1 0
v -0.7 2.2 0
v -0.7 2.5 0
v -0.7 2.6 0
v -0.6 0.2 0
v -0.6 0.3 0
v -0.6 0.4 0
v -0.6 0.5 0
v -0.6 0.8 0
v -0.6 0.9 0
v -0.6 1 0
v -0.6 1.1 0
v -0.6 1.4 0
v -0.6 1.5 0
v -0.6 1.6 0
v -0.5 1.5 0
v -0.5 1.6 0
v -0.3 0.2 0
v -0.3 0.3 0
v -0.3 0.4 0
v -0.3 0.5 0
v -0.3 0.8 0
v -0.3 0.9 0
v -0.2 0 0
v -0.2 0.2 0
v -0.2 0.3 0
v -0.2 0.4 0
v -0.2 0.5 0
v -0.2 0.8 0
v -0.2 0.9 0
v -0.1 0 0
v -0.1 0.2 0
v 0.2 0 0
v 0.2 0.2 0
v 0.3 0 0
v 0.3 0.2 0
v 0.3 0.3 0
v 0.3 0.4 0
v 0.3 0.5 0
v 0.3 0.8 0
v 0.3 0.9 0
v 0.4 0.2 0
v 0.4 0.3 0
v 0.4 0.4 0
v 0.4 0.5 0
v 0.4 0.8 0
v 0.4 0.9 0
v 0.6 1.5 0
v 0.6 1.6 0
v 0.7 0.2 0
v 0.7 0.3 0
v 0.7 0.4 0
v 0.7 0.5 0
v 0.7 0.8 0
v 0.7 0.9 0
v 0.7 1 0
v 0.7 1.1 0
v 0.7 1.4 0
v 0.7 1.5 0
v 0.7 1.6 0
v 0.8 0 0
v 0.8 0.2 0
v 0.8 0.3 0
v 0.8 0.4 0
v 0.8 0.5 0
v 0.8 0.8 0
v 0.8 0.9 0
v 0.8 1 0
v 0.8 1.1 0
v 0.8 1.4 0
v 0.8 1.5 0
v 0.8 2.1 0
v 0.8 2.2 0
v 0.8 2.5 0
v 0.8 2.6 0
v 0.9 0 0
v 0.9 0.2 0
v 0.9 2.1 0
v 0.9 2.2 0
v 0.9 2.5 0
v 0.9 2.6 0
v -0.1 1.2 -0.2
v -0.1 1.3 -0.2
v 0.2 1.2 -0.2
v 0.2 1.3 -0.2
v -1.3 2.2 0.5
v -1.3 2.5 0.5
v -1.2 2.1 0.5
v -1.2 2.2 0.5
v -1.2 2.5 0.5
v -1.2 2.6 0.5
v -0.9 2.1 0.5
v -0.9 2.2 0.5
v -0.9 2.5 0.5
v -0.9 2.6 0.5
v -0.8 2.2 0.5
v -0.8 2.5 0.5
v 0.9 2.2 0.5
v 0.9 2.5 0.5
v 1 2.1 0.5
v 1 2.2 0.5
v 1 2.5 0.5
v 1 2.6 0.5
v 1.3 2.1 0.5
v 1.3 2.2 0.5
v 1.3 2.5 0.5
v 1.3 2.6 0.5
v 1.4 2.2 0.5
v 1.4 2.5 0.5
v -1.3 2.2 0
v -1.3 2.5 0
v -1.2 2.1 0
v -1.2 2.2 0
v -1.2 2.5 0
v -1.2 2.6 0
v -1.1 2.1 0
v -1.1 2.2 0
v -1.1 2.5 0
v -1.1 2.6 0
v -0.2 1.2 0
v -0.2 1.3 0
v -0.2 3.1 0
v -0.2 3.2 0
v -0.1 1.1 0
v -0.1 1.2 0
v -0.1 3.1 0
v -0.1 3.2 0
v 0.2 1.1 0
v 0.2 1.2 0
v 0.2 3.1 0
v 0.2 3.2 0
v 0.3 1.2 0
v 0.3 1.3 0
v 0.3 3.1 0
v 0.3 3.2 0
v 1.2 2.1 0
v 1.2 2.2 0
v 1.2 2.5 0
v 1.2 2.6 0
v 1.3 2.1 0
v 1.3 2.2 0
v 1.3 2.5 0
v 1.3 2.6 0
v 1.4 2.2 0
v 1.4 2.5 0
v -1.2 2.2 -0.1
v -1.2 2.5 -0.1
v -1.1 2.1 -0.1
v -1.1 2.2 -0.1
v -1.1 2.5 -0.1
v -1.1 2.6 -0.1
v -1 2.1 -0.1
v -1 2.2 -0.1
v -1 2.5 -0.1
v -1 2.6 -0.1
v -0.8 0 -0.1
v -0.8 0.2 -0.1
v -0.8 2.1 -0.1
v -0.8 2.2 -0.1
v -0.8 2.5 -0.1
v -0.8 2.6 -0.1
v -0.7 0 -0.1
v -0.7 0.2 -0.1
v -0.7 0.3 -0.1
v -0.7 0.4 -0.1
v -0.7 0.5 -0.1
v -0.7 0.8 -0.1
v -0.7 0.9 -0.1
v -0.7 1 -0.1
v -0.7 1.1 -0.1
v -0.7 1.4 -0.1
v -0.7 1.5 -0.1
v -0.7 2.1 -0.1
v -0.7 2.2 -0.1
v -0.7 2.5 -0.1
v -0.7 2.6 -0.1
v -0.6 0.2 -0.1
v -0.6 0.3 -0.1
v -0.6 0.4 -0.1
v -0.6 0.5 -0.1
v -0.6 0.8 -0.1
v -0.6 0.9 -0.1
v -0.6 1 -0.1
v -0.6 1.1 -0.1
v -0.6 1.4 -0.1
v -0.6 1.5 -0.1
v -0.6 1.6 -0.1
v -0.5 1.5 -0.1
v -0.5 1.6 -0.1
v -0.3 0.2 -0.1
v -0.3 0.3 -0.1
v -0.3 0.4 -0.1
v -0.3 0.5 -0.1
v -0.3 0.8 -0.1
v -0.3 0.9 -0.1
v -0.2 0 -0.1
v -0.2 0.2 -0.1
v -0.2 0.3 -0.1
v -0.2 0.4 -0.1
v -0.2 0.5 -0.1
v -0.2 0.8 -0.1
v -0.2 0.9 -0.1
v -0.1 0 -0.1
v -0.1 0.2 -0.1
v 0.2 0 -0.1
v 0.2 0.2 -0.1
v 0.3 0 -0.1
v 0.3 0.2 -0.1
v 0.3 0.3 -0.1
v 0.3 0.4 -0.1
v 0.3 0.5 -0.1
v 0.3 0.8 -0.1
v 0.3 0.9 -0.1
v 0.4 0.2 -0.1
v 0.4 0.3 -0.1
v 0.4 0.4 -0.1
v 0.4 0.5 -0.1
v 0.4 0.8 -0.1
v 0.4 0.9 -0.1
v 0.6 1.5 -0.1
v 0.6 1.6 -0.1
v 0.7 0.2 -0.1
v 0.7 0.3 -0.1
v 0.7 0.4 -0.1
v 0.7 0.5 -0.1
v 0.7 0.8 -0.1
v 0.7 0.9 -0.1
v 0.7 1 -0.1
v 0.7 1.1 -0.1
v 0.7 1.4 -0.1
v 0.7 1.5 -0.1
v 0.7 1.6 -0.1
v 0.8 0 -0.1
v 0.8 0.2 -0.1
v 0.8 0.3 -0.1
v 0.8 0.4 -0.1
v 0.8 0.5 -0.1
v 0.8 0.8 -0.1
v 0.8 0.9 -0.1
v 0.8 1 -0.1
v 0.8 1.1 -0.1
v 0.8 1.4 -0.1
v 0.8 1.5 -0.1
v 0.8 2.1 -0.1
v 0.8 2.2 -0.1
v 0.8 2.5 -0.1
v 0.8 2.6 -0.1
v 0.9 0 -0.1
v 0.9 0.2 -0.1
v 0.9 2.1 -0.1
v 0.9 2.2 -0.1
v 0.9 2.5 -0.1
v 0.9 2.6 -0.1
v 1.1 2.1 -0.1
v 1.1 2.2 -0.1
v 1.1 2.5 -0.1
v 1.1 2.6 -0.1
v 1.2 2.1 -0.1
v 1.2 2.2 -0.1
v 1.2 2.5 -0.1
v 1.2 2.6 -0.1
v 1.3 2.2 -0.1
v 1.3 2.5 -0.1
v -1.1 2.2 -0.2
v -1.1 2.5 -0.2
v -1 2.1 -0.2
v -1 2.2 -0.2
v -1 2.5 -0.2
v -1 2.6 -0.2
v -0.8 2.1 -0.2
v -0.8 2.2 -0.2
v -0.8 2.3 -0.2
v -0.8 2.4 -0.2
v -0.8 2.5 -0.2
v -0.8 2.6 -0.2
v -0.7 0 -0.2
v -0.7 0.2 -0.2
v -0.7 0.5 -0.2
v -0.7 0.8 -0.2
v -0.7 1.1 -0.2
v -0.7 1.3 -0.2
v -0.7 1.4 -0.2
v -0.7 2.3 -0.2
v -0.7 2.4 -0.2
v -0.6 0 -0.2
v -0.6 0.2 -0.2
v -0.6 0.5 -0.2
v -0.6 0.8 -0.2
v -0.6 1.1 -0.2
v -0.6 1.3 -0.2
v -0.6 1.4 -0.2
v -0.6 1.5 -0.2
v -0.5 0.2 -0.2
v -0.5 0.3 -0.2
v -0.5 0.4 -0.2
v -0.5 0.5 -0.2
v -0.5 1 -0.2
v -0.5 1.1 -0.2
v -0.5 1.4 -0.2
v -0.5 1.5 -0.2
v -0.5 1.6 -0.2
v -0.5 2.5 -0.2
v -0.5 2.7 -0.2
v -0.4 0.2 -0.2
v -0.4 0.3 -0.2
v -0.4 0.4 -0.2
v -0.4 0.5 -0.2
v -0.4 1 -0.2
v -0.4 1.1 -0.2
v -0.4 1.5 -0.2
v -0.4 1.6 -0.2
v -0.4 2.3 -0.2
v -0.4 2.5 -0.2
v -0.4 2.7 -0.2
v -0.4 2.8 -0.2
v -0.3 0 -0.2
v -0.3 0.2 -0.2
v -0.3 0.5 -0.2
v -0.3 0.8 -0.2
v -0.3 1.1 -0.2
v -0.3 1.3 -0.2
v -0.3 1.5 -0.2
v -0.3 1.6 -0.2
v -0.3 2 -0.2
v -0.3 2.2 -0.2
v -0.3 2.3 -0.2
v -0.3 3.3 -0.2
v -0.3 3.4 -0.2
v -0.2 0 -0.2
v -0.2 0.2 -0.2
v -0.2 0.5 -0.2
v -0.2 0.8 -0.2
v -0.2 1.3 -0.2
v -0.2 1.6 -0.2
v -0.2 1.7 -0.2
v -0.2 1.9 -0.2
v -0.2 2 -0.2
v -0.2 2.2 -0.2
v -0.2 2.7 -0.2
v -0.2 2.8 -0.2
v -0.2 3.2 -0.2
v -0.2 3.3 -0.2
v -0.2 3.4 -0.2
v -0.1 1.6 -0.2
v -0.1 1.7 -0.2
v -0.1 1.9 -0.2
v -0.1 2 -0.2
v -0.1 2.7 -0.2
v -0.1 2.8 -0.2
v -0.1 3.2 -0.2
v -0.1 3.3 -0.2
v -1.19209e-07 3.1 -0.2
v -1.19209e-07 3.2 -0.2
v -1.19209e-07 3.6 -0.2
v -1.19209e-07 3.7 -0.2
v 0.0999999 3.1 -0.2
v 0.0999999 3.2 -0.2
v 0.0999999 3.6 -0.2
v 0.0999999 3.7 -0.2
v 0.2 1.6 -0.2
v 0.2 1.7 -0.2
v 0.2 1.9 -0.2
v 0.2 2 -0.2
v 0.2 2.7 -0.2
v 0.2 2.8 -0.2
v 0.2 3.2 -0.2
v 0.2 3.3 -0.2
v 0.3 0 -0.2
v 0.3 0.2 -0.2
v 0.3 0.5 -0.2
v 0.3 0.8 -0.2
v 0.3 1.3 -0.2
v 0.3 1.6 -0.2
v 0.3 1.7 -0.2
v 0.3 1.9 -0.2
v 0.3 2 -0.2
v 0.3 2.2 -0.2
v 0.3 2.7 -0.2
v 0.3 2.8 -0.2
v 0.3 3.2 -0.2
v 0.3 3.3 -0.2
v 0.3 3.4 -0.2
v 0.4 0 -0.2
v 0.4 0.2 -0.2
v 0.4 0.5 -0.2
v 0.4 0.8 -0.2
v 0.4 1.1 -0.2
v 0.4 1.3 -0.2
v 0.4 1.5 -0.2
v 0.4 1.6 -0.2
v 0.4 2 -0.2
v 0.4 2.2 -0.2
v 0.4 2.3 -0.2
v 0.4 3.3 -0.2
v 0.4 3.4 -0.2
v 0.5 0.2 -0.2
v 0.5 0.3 -0.2
v 0.5 0.4 -0.2
v 0.5 0.5 -0.2
v 0.5 1 -0.2
v 0.5 1.1 -0.2
v 0.5 1.5 -0.2
v 0.5 1.6 -0.2
v 0.5 2.3 -0.2
v 0.5 2.5 -0.2
v 0.5 2.7 -0.2
v 0.5 2.8 -0.2
v 0.6 0.2 -0.2
v 0.6 0.3 -0.2
v 0.6 0.4 -0.2
v 0.6 0.5 -0.2
v 0.6 1 -0.2
v 0.6 1.1 -0.2
v 0.6 1.4 -0.2
v 0.6 1.5 -0.2
v 0.6 1.6 -0.2
v 0.6 2.5 -0.2
v 0.6 2.7 -0.2
v 0.7 0 -0.2
v 0.7 0.2 -0.2
v 0.7 0.5 -0.2
v 0.7 0.8 -0.2
v 0.7 1.1 -0.2
v 0.7 1.3 -0.2
v 0.7 1.4 -0.2
v 0.7 1.5 -0.2
v 0.8 0 -0.2
v 0.8 0.2 -0.2
v 0.8 0.5 -0.2
v 0.8 0.8 -0.2
v 0.8 1.1 -0.2
v 0.8 1.3 -0.2
v 0.8 1.4 -0.2
v 0.8 2.3 -0.2
v 0.8 2.4 -0.2
v 0.9 2.1 -0.2
v 0.9 2.2 -0.2
v 0.9 2.3 -0.2
v 0.9 2.4 -0.2
v 0.9 2.5 -0.2
v 0.9 2.6 -0.2
v 1.1 2.1 -0.2
v 1.1 2.2 -0.2
v 1.1 2.5 -0.2
v 1.1 2.6 -0.2
v 1.2 2.2 -0.2
v 1.2 2.5 -0.2
v -1 2.2 -0.3
v -1 2.5 -0.3
v -0.8 2.2 -0.3
v -0.8 2.3 -0.3
v -0.8 2.4 -0.3
v -0.8 2.5 -0.3
v -0.7 2.3 -0.3
v -0.7 2.4 -0.3
v -0.6 0 -0.3
v -0.6 0.2 -0.3
v -0.6 0.5 -0.3
v -0.6 0.8 -0.3
v -0.6 1.1 -0.3
v -0.6 1.3 -0.3
v -0.6 1.4 -0.3
v -0.5 0 -0.3
v -0.5 0.2 -0.3
v -0.5 0.3 -0.3
v -0.5 0.4 -0.3
v -0.5 0.5 -0.3
v -0.5 1 -0.3
v -0.5 1.1 -0.3
v -0.5 1.3 -0.3
v -0.5 1.4 -0.3
v -0.5 1.5 -0.3
v -0.5 3.5 -0.3
v -0.5 3.8 -0.3
v -0.4 0 -0.3
v -0.4 0.2 -0.3
v -0.4 0.3 -0.3
v -0.4 0.4 -0.3
v -0.4 0.5 -0.3
v -0.4 1 -0.3
v -0.4 1.1 -0.3
v -0.4 1.4 -0.3
v -0.4 1.5 -0.3
v -0.4 2.3 -0.3
v -0.4 2.5 -0.3
v -0.4 2.7 -0.3
v -0.4 3.4 -0.3
v -0.4 3.5 -0.3
v -0.4 3.8 -0.3
v -0.4 3.9 -0.3
v -0.3 0 -0.3
v -0.3 0.2 -0.3
v -0.3 0.5 -0.3
v -0.3 0.8 -0.3
v -0.3 1.1 -0.3
v -0.3 1.5 -0.3
v -0.3 2.2 -0.3
v -0.3 2.3 -0.3
v -0.3 2.5 -0.3
v -0.3 2.6 -0.3
v -0.3 3.4 -0.3
v -0.3 3.5 -0.3
v -0.3 3.8 -0.3
v -0.3 3.9 -0.3
v -0.2 1.3 -0.3
v -0.2 1.6 -0.3
v -0.2 2 -0.3
v -0.2 2.2 -0.3
v -0.2 2.6 -0.3
v -0.2 2.7 -0.3
v -0.2 3.3 -0.3
v -0.2 3.4 -0.3
v -0.1 1.2 -0.3
v -0.1 1.3 -0.3
v -0.1 1.6 -0.3
v -0.1 1.7 -0.3
v -0.1 1.9 -0.3
v -0.1 2 -0.3
v -0.1 2.2 -0.3
v -0.1 2.6 -0.3
v -0.1 2.7 -0.3
v -0.1 2.8 -0.3
v -0.1 3.2 -0.3
v -0.1 3.3 -0.3
v -0.1 3.4 -0.3
v -0.1 3.5 -0.3
v -1.19209e-07 3.1 -0.3
v -1.19209e-07 3.2 -0.3
v -1.19209e-07 3.5 -0.3
v -1.19209e-07 3.6 -0.3
v 0.0999999 3.1 -0.3
v 0.0999999 3.2 -0.3
v 0.0999999 3.5 -0.3
v 0.0999999 3.6 -0.3
v 0.2 1.2 -0.3
v 0.2 1.3 -0.3
v 0.2 1.6 -0.3
v 0.2 1.7 -0.3
v 0.2 1.9 -0.3
v 0.2 2 -0.3
v 0.2 2.2 -0.3
v 0.2 2.6 -0.3
v 0.2 2.7 -0.3
v 0.2 2.8 -0.3
v 0.2 3.2 -0.3
v 0.2 3.3 -0.3
v 0.2 3.4 -0.3
v 0.2 3.5 -0.3
v 0.3 1.3 -0.3
v 0.3 1.6 -0.3
v 0.3 2 -0.3
v 0.3 2.2 -0.3
v 0.3 2.6 -0.3
v 0.3 2.7 -0.3
v 0.3 3.3 -0.3
v 0.3 3.4 -0.3
v 0.4 0 -0.3
v 0.4 0.2 -0.3
v 0.4 0.5 -0.3
v 0.4 0.8 -0.3
v 0.4 1.1 -0.3
v 0.4 1.5 -0.3
v 0.4 2.2 -0.3
v 0.4 2.3 -0.3
v 0.4 2.5 -0.3
v 0.4 2.6 -0.3
v 0.4 3.4 -0.3
v 0.4 3.5 -0.3
v 0.4 3.8 -0.3
v 0.4 3.9 -0.3
v 0.5 0 -0.3
v 0.5 0.2 -0.3
v 0.5 0.3 -0.3
v 0.5 0.4 -0.3
v 0.5 0.5 -0.3
v 0.5 1 -0.3
v 0.5 1.1 -0.3
v 0.5 1.4 -0.3
v 0.5 1.5 -0.3
v 0.5 2.3 -0.3
v 0.5 2.5 -0.3
v 0.5 2.7 -0.3
v 0.5 3.4 -0.3
v 0.5 3.5 -0.3
v 0.5 3.8 -0.3
v 0.5 3.9 -0.3
v 0.6 0 -0.3
v 0.6 0.2 -0.3
v 0.6 0.3 -0.3
v 0.6 0.4 -0.3
v 0.6 0.5 -0.3
v 0.6 1 -0.3
v 0.6 1.1 -0.3
v 0.6 1.3 -0.3
v 0.6 1.4 -0.3
v 0.6 1.5 -0.3
v 0.6 3.5 -0.3
v 0.6 3.8 -0.3
v 0.7 0 -0.3
v 0.7 0.2 -0.3
v 0.7 0.5 -0.3
v 0.7 0.8 -0.3
v 0.7 1.1 -0.3
v 0.7 1.3 -0.3
v 0.7 1.4 -0.3
v 0.8 2.3 -0.3
v 0.8 2.4 -0.3
v 0.9 2.2 -0.3
v 0.9 2.3 -0.3
v 0.9 2.4 -0.3
v 0.9 2.5 -0.3
v 1.1 2.2 -0.3
v 1.1 2.5 -0.3
v -0.5 0 -0.4
v -0.5 0.2 -0.4
v -0.4 0 -0.4
v -0.4 0.2 -0.4
v -0.4 3.5 -0.4
v -0.4 3.8 -0.4
v -0.3 3.4 -0.4
v -0.3 3.5 -0.4
v -0.3 3.8 -0.4
v -0.3 3.9 -0.4
v -0.2 2.2 -0.4
v -0.2 2.6 -0.4
v -0.1 1.3 -0.4
v -0.1 1.6 -0.4
v -0.1 2 -0.4
v -0.1 2.2 -0.4
v -0.1 2.6 -0.4
v -0.1 2.7 -0.4
v -0.1 3.4 -0.4
v -0.1 3.5 -0.4
v -0.1 3.8 -0.4
v -0.1 3.9 -0.4
v -1.19209e-07 3.5 -0.4
v -1.19209e-07 3.8 -0.4
v 0.0999999 3.5 -0.4
v 0.0999999 3.8 -0.4
v 0.2 1.3 -0.4
v 0.2 1.6 -0.4
v 0.2 2 -0.4
v 0.2 2.2 -0.4
v 0.2 2.6 -0.4
v 0.2 2.7 -0.4
v 0.2 3.4 -0.4
v 0.2 3.5 -0.4
v 0.2 3.8 -0.4
v 0.2 3.9 -0.4
v 0.3 2.2 -0.4
v 0.3 2.6 -0.4
v 0.4 3.4 -0.4
v 0.4 3.5 -0.4
v 0.4 3.8 -0.4
v 0.4 3.9 -0.4
v 0.5 0 -0.4
v 0.5 0.2 -0.4
v 0.5 3.5 -0.4
v 0.5 3.8 -0.4
v 0.6 0 -0.4
v 0.6 0.2 -0.4
v -0.3 3.5 -0.5
v -0.3 3.8 -0.5
v -0.1 3.5 -0.5
v -0.1 3.8 -0.5
v 0.2 3.5 -0.5
v 0.2 3.8 -0.5
v 0.4 3.5 -0.5
v 0.4 3.8 -0.5
v -0.5 0 0.3
v -0.4 0 0.3
v 0.5 0 0.3
v 0.6 0 0.3
v -0.6 0 0.2
v -0.5 0 0.2
v -0.4 0 0.2
v -0.3 0 0.2
v 0.4 0 0.2
v 0.5 0 0.2
v 0.6 0 0.2
v 0.7 0 0.2
v -0.7 0 0.1
v -0.6 0 0.1
v -0.3 0 0.1
v -0.2 0 0.1
v 0.3 0 0.1
v 0.4 0 0.1
v 0.7 0 0.1
v 0.8 0 0.1
v -0.8 0 0
v -0.7 0 0
v -0.2 0 0
v -0.1 0 0
v 0.2 0 0
v 0.3 0 0
v 0.8 0 0
v 0.9 0 0
v -0.8 0 -0.1
v -0.7 0 -0.1
v -0.2 0 -0.1
v -0.1 0 -0.1
v 0.2 0 -0.1
v 0.3 0 -0.1
v 0.8 0 -0.1
v 0.9 0 -0.1
v -0.7 0 -0.2
v -0.6 0 -0.2
v -0.3 0 -0.2
v -0.2 0 -0.2
v 0.3 0 -0.2
v 0.4 0 -0.2
v 0.7 0 -0.2
v 0.8 0 -0.2
v -0.6 0 -0.3
v -0.5 0 -0.3
v -0.4 0 -0.3
v -0.3 0 -0.3
v 0.4 0 -0.3
v 0.5 0 -0.3
v 0.6 0 -0.3
v 0.7 0 -0.3
v -0.5 0 -0.4
v -0.4 0 -0.4
v 0.5 0 -0.4
v 0.6 0 -0.4
v -0.5 0.4 0.2
v -0.4 0.4 0.2
v 0.5 0.4 0.2
v 0.6 0.4 0.2
v -0.5 0.4 0.1
v -0.4 0.4 0.1
v 0.5 0.4 0.1
v 0.6 0.4 0.1
v -0.7 0.4 0
v -0.6 0.4 0
v -0.3 0.4 0
v -0.2 0.4 0
v 0.3 0.4 0
v 0.4 0.4 0
v 0.7 0.4 0
v 0.8 0.4 0
v -0.7 0.4 -0.1
v -0.6 0.4 -0.1
v -0.3 0.4 -0.1
v -0.2 0.4 -0.1
v 0.3 0.4 -0.1
v 0.4 0.4 -0.1
v 0.7 0.4 -0.1
v 0.8 0.4 -0.1
v -0.5 0.4 -0.2
v -0.4 0.4 -0.2
v 0.5 0.4 -0.2
v 0.6 0.4 -0.2
v -0.5 0.4 -0.3
v -0.4 0.4 -0.3
v 0.5 0.4 -0.3
v 0.6 0.4 -0.3
v -0.6 0.5 0.2
v -0.5 0.5 0.2
v -0.4 0.5 0.2
v -0.3 0.5 0.2
v 0.4 0.5 0.2
v 0.5 0.5 0.2
v 0.6 0.5 0.2
v 0.7 0.5 0.2
v -0.7 0.5 0.1
v -0.6 0.5 0.1
v -0.5 0.5 0.1
v -0.4 0.5 0.1
v -0.3 0.5 0.1
v -0.2 0.5 0.1
v 0.3 0.5 0.1
v 0.4 0.5 0.1
v 0.5 0.5 0.1
v 0.6 0.5 0.1
v 0.7 0.5 0.1
v 0.8 0.5 0.1
v -0.7 0.5 0
v -0.6 0.5 0
v -0.3 0.5 0
v -0.2 0.5 0
v 0.3 0.5 0
v 0.4 0.5 0
v 0.7 0.5 0
v 0.8 0.5 0
v -0.7 0.5 -0.1
v -0.6 0.5 -0.1
v -0.3 0.5 -0.1
v -0.2 0.5 -0.1
v 0.3 0.5 -0.1
v 0.4 0.5 -0.1
v 0.7 0.5 -0.1
v 0.8 0.5 -0.1
v -0.7 0.5 -0.2
v -0.6 0.5 -0.2
v -0.5 0.5 -0.2
v -0.4 0.5 -0.2
v -0.3 0.5 -0.2
v -0.2 0.5 -0.2
v 0.3 0.5 -0.2
v 0.4 0.5 -0.2
v 0.5 0.5 -0.2
v 0.6 0.5 -0.2
v 0.7 0.5 -0.2
v 0.8 0.5 -0.2
v -0.6 0.5 -0.3
v -0.5 0.5 -0.3
v -0.4 0.5 -0.3
v -0.3 0.5 -0.3
v 0.4 0.5 -0.3
v 0.5 0.5 -0.3
v 0.6 0.5 -0.3
v 0.7 0.5 -0.3
v -0.5 1 0.2
v -0.4 1 0.2
v 0.5 1 0.2
v 0.6 1 0.2
v -0.5 1 0.1
v -0.4 1 0.1
v 0.5 1 0.1
v 0.6 1 0.1
v -0.7 1 0
v -0.6 1 0
v 0.7 1 0
v 0.8 1 0
v -0.7 1 -0.1
v -0.6 1 -0.1
v 0.7 1 -0.1
v 0.8 1 -0.1
v -0.5 1 -0.2
v -0.4 1 -0.2
v 0.5 1 -0.2
v 0.6 1 -0.2
v -0.5 1 -0.3
v -0.4 1 -0.3
v 0.5 1 -0.3
v 0.6 1 -0.3
v -0.6 1.1 0.2
v -0.5 1.1 0.2
v -0.4 1.1 0.2
v -0.3 1.1 0.2
v -1.19209e-07 1.1 0.2
v 0.0999999 1.1 0.2
v 0.4 1.1 0.2
v 0.5 1.1 0.2
v 0.6 1.1 0.2
v 0.7 1.1 0.2
v -0.7 1.1 0.1
v -0.6 1.1 0.1
v -0.5 1.1 0.1
v -0.4 1.1 0.1
v -0.3 1.1 0.1
v -0.1 1.1 0.1
v -1.19209e-07 1.1 0.1
v 0.0999999 1.1 0.1
v 0.2 1.1 0.1
v 0.4 1.1 0.1
v 0.5 1.1 0.1
v 0.6 1.1 0.1
v 0.7 1.1 0.1
v 0.8 1.1 0.1
v -0.7 1.1 0
v -0.6 1.1 0
v -0.1 1.1 0
v 0.2 1.1 0
v 0.7 1.1 0
v 0.8 1.1 0
v -0.7 1.1 -0.1
v -0.6 1.1 -0.1
v 0.7 1.1 -0.1
v 0.8 1.1 -0.1
v -0.7 1.1 -0.2
v -0.6 1.1 -0.2
v -0.5 1.1 -0.2
v -0.4 1.1 -0.2
v -0.3 1.1 -0.2
v 0.4 1.1 -0.2
v 0.5 1.1 -0.2
v 0.6 1.1 -0.2
v 0.7 1.1 -0.2
v 0.8 1.1 -0.2
v -0.6 1.1 -0.3
v -0.5 1.1 -0.3
v -0.4 1.1 -0.3
v -0.3 1.1 -0.3
v 0.4 1.1 -0.3
v 0.5 1.1 -0.3
v 0.6 1.1 -0.3
v 0.7 1.1 -0.3
v -1.19209e-07 1.2 0.3
v 0.0999999 1.2 0.3
v -0.1 1.2 0.2
v -1.19209e-07 1.2 0.2
v 0.0999999 1.2 0.2
v 0.2 1.2 0.2
v -0.2 1.2 0.1
v -0.1 1.2 0.1
v -1.19209e-07 1.2 0.1
v 0.0999999 1.2 0.1
v 0.2 1.2 0.1
v 0.3 1.2 0.1
v -0.2 1.2 0
v -0.1 1.2 0
v 0.2 1.2 0
v 0.3 1.2 0
v -0.1 1.2 -0.2
v 0.2 1.2 -0.2
v -0.1 1.2 -0.3
v 0.2 1.2 -0.3
v -0.1 1.3 0.3
v -1.19209e-07 1.3 0.3
v 0.0999999 1.3 0.3
v 0.2 1.3 0.3
v -0.2 1.3 0.2
v -0.1 1.3 0.2
v -1.19209e-07 1.3 0.2
v 0.0999999 1.3 0.2
v 0.2 1.3 0.2
v 0.3 1.3 0.2
v -0.3 1.3 0.1
v -0.2 1.3 0.1
v -0.1 1.3 0.1
v 0.2 1.3 0.1
v 0.3 1.3 0.1
v 0.4 1.3 0.1
v -0.2 1.3 0
v 0.3 1.3 0
v -0.3 1.3 -0.2
v -0.2 1.3 -0.2
v -0.1 1.3 -0.2
v 0.2 1.3 -0.2
v 0.3 1.3 -0.2
v 0.4 1.3 -0.2
v -0.2 1.3 -0.3
v -0.1 1.3 -0.3
v 0.2 1.3 -0.3
v 0.3 1.3 -0.3
v -0.1 1.3 -0.4
v 0.2 1.3 -0.4
v -0.1 1.9 0.2
v 0.2 1.9 0.2
v -0.2 1.9 0.1
v -0.1 1.9 0.1
v 0.2 1.9 0.1
v 0.3 1.9 0.1
v -0.2 1.9 -0.2
v -0.1 1.9 -0.2
v 0.2 1.9 -0.2
v 0.3 1.9 -0.2
v -0.1 1.9 -0.3
v 0.2 1.9 -0.3
v -0.1 2 0.3
v 0.2 2 0.3
v -0.2 2 0.2
v -0.1 2 0.2
v 0.2 2 0.2
v 0.3 2 0.2
v -0.3 2 0.1
v -0.2 2 0.1
v -0.1 2 0.1
v 0.2 2 0.1
v 0.3 2 0.1
v 0.4 2 0.1
v -0.3 2 -0.2
v -0.2 2 -0.2
v -0.1 2 -0.2
v 0.2 2 -0.2
v 0.3 2 -0.2
v 0.4 2 -0.2
v -0.2 2 -0.3
v -0.1 2 -0.3
v 0.2 2 -0.3
v 0.3 2 -0.3
v -0.1 2 -0.4
v 0.2 2 -0.4
v -1.1 2.1 1.1
v -1 2.1 1.1
v 1.1 2.1 1.1
v 1.2 2.1 1.1
v -1.2 2.1 0.8
v -1.1 2.1 0.8
v -1 2.1 0.8
v -0.9 2.1 0.8
v 1 2.1 0.8
v 1.1 2.1 0.8
v 1.2 2.1 0.8
v 1.3 2.1 0.8
v -1.2 2.1 0.5
v -0.9 2.1 0.5
v 1 2.1 0.5
v 1.3 2.1 0.5
v -1.1 2.1 0.3
v -1 2.1 0.3
v 1.1 2.1 0.3
v 1.2 2.1 0.3
v -1.2 2.1 0.2
v -1.1 2.1 0.2
v -1 2.1 0.2
v -0.9 2.1 0.2
v 1 2.1 0.2
v 1.1 2.1 0.2
v 1.2 2.1 0.2
v 1.3 2.1 0.2
v -0.9 2.1 0.1
v -0.8 2.1 0.1
v 0.9 2.1 0.1
v 1 2.1 0.1
v -1.2 2.1 0
v -1.1 2.1 0
v -0.8 2.1 0
v -0.7 2.1 0
v 0.8 2.1 0
v 0.9 2.1 0
v 1.2 2.1 0
v 1.3 2.1 0
v -1.1 2.1 -0.1
v -1 2.1 -0.1
v -0.8 2.1 -0.1
v -0.7 2.1 -0.1
v 0.8 2.1 -0.1
v 0.9 2.1 -0.1
v 1.1 2.1 -0.1
v 1.2 2.1 -0.1
v -1 2.1 -0.2
v -0.8 2.1 -0.2
v 0.9 2.1 -0.2
v 1.1 2.1 -0.2
v -1.2 2.2 0.9
v -1.1 2.2 0.9
v -1 2.2 0.9
v -0.9 2.2 0.9
v 1 2.2 0.9
v 1.1 2.2 0.9
v 1.2 2.2 0.9
v 1.3 2.2 0.9
v -1.3 2.2 0.8
v -1.2 2.2 0.8
v -1.1 2.2 0.8
v -1 2.2 0.8
v -0.9 2.2 0.8
v -0.8 2.2 0.8
v 0.9 2.2 0.8
v 1 2.2 0.8
v 1.1 2.2 0.8
v 1.2 2.2 0.8
v 1.3 2.2 0.8
v 1.4 2.2 0.8
v -1.3 2.2 0.5
v -1.2 2.2 0.5
v -0.9 2.2 0.5
v -0.8 2.2 0.5
v 0.9 2.2 0.5
v 1 2.2 0.5
v 1.3 2.2 0.5
v 1.4 2.2 0.5
v -1.1 2.2 0.3
v -1 2.2 0.3
v -0.2 2.2 0.3
v -0.1 2.2 0.3
v 0.2 2.2 0.3
v 0.3 2.2 0.3
v 1.1 2.2 0.3
v 1.2 2.2 0.3
v -1.3 2.2 0.2
v -1.2 2.2 0.2
v -1.1 2.2 0.2
v -1 2.2 0.2
v -0.9 2.2 0.2
v -0.8 2.2 0.2
v -0.3 2.2 0.2
v -0.2 2.2 0.2
v -0.1 2.2 0.2
v 0.2 2.2 0.2
v 0.3 2.2 0.2
v 0.4 2.2 0.2
v 0.9 2.2 0.2
v 1 2.2 0.2
v 1.1 2.2 0.2
v 1.2 2.2 0.2
v 1.3 2.2 0.2
v 1.4 2.2 0.2
v -0.9 2.2 0.1
v -0.8 2.2 0.1
v -0.3 2.2 0.1
v -0.2 2.2 0.1
v 0.3 2.2 0.1
v 0.4 2.2 0.1
v 0.9 2.2 0.1
v 1 2.2 0.1
v -1.3 2.2 0
v -1.2 2.2 0
v -1.1 2.2 0
v -0.8 2.2 0
v -0.7 2.2 0
v 0.8 2.2 0
v 0.9 2.2 0
v 1.2 2.2 0
v 1.3 2.2 0
v 1.4 2.2 0
v -1.2 2.2 -0.1
v -1.1 2.2 -0.1
v -1 2.2 -0.1
v -0.8 2.2 -0.1
v -0.7 2.2 -0.1
v 0.8 2.2 -0.1
v 0.9 2.2 -0.1
v 1.1 2.2 -0.1
v 1.2 2.2 -0.1
v 1.3 2.2 -0.1
v -1.1 2.2 -0.2
v -1 2.2 -0.2
v -0.8 2.2 -0.2
v -0.3 2.2 -0.2
v -0.2 2.2 -0.2
v 0.3 2.2 -0.2
v 0.4 2.2 -0.2
v 0.9 2.2 -0.2
v 1.1 2.2 -0.2
v 1.2 2.2 -0.2
v -1 2.2 -0.3
v -0.8 2.2 -0.3
v -0.3 2.2 -0.3
v -0.2 2.2 -0.3
v -0.1 2.2 -0.3
v 0.2 2.2 -0.3
v 0.3 2.2 -0.3
v 0.4 2.2 -0.3
v 0.9 2.2 -0.3
v 1.1 2.2 -0.3
v -0.2 2.2 -0.4
v -0.1 2.2 -0.4
v 0.2 2.2 -0.4
v 0.3 2.2 -0.4
v -1.3 2.3 1.1
v -1.2 2.3 1.1
v -0.9 2.3 1.1
v -0.8 2.3 1.1
v 0.9 2.3 1.1
v 1 2.3 1.1
v 1.3 2.3 1.1
v 1.4 2.3 1.1
v -1.2 2.3 0.9
v -0.9 2.3 0.9
v 1 2.3 0.9
v 1.3 2.3 0.9
v -1.3 2.3 0.8
v -1.2 2.3 0.8
v -0.9 2.3 0.8
v -0.8 2.3 0.8
v 0.9 2.3 0.8
v 1 2.3 0.8
v 1.3 2.3 0.8
v 1.4 2.3 0.8
v -1.3 2.3 0.3
v -1.2 2.3 0.3
v -0.9 2.3 0.3
v -0.8 2.3 0.3
v 0.9 2.3 0.3
v 1 2.3 0.3
v 1.3 2.3 0.3
v 1.4 2.3 0.3
v -1.3 2.3 0.2
v -1.2 2.3 0.2
v -0.9 2.3 0.2
v -0.8 2.3 0.2
v 0.9 2.3 0.2
v 1 2.3 0.2
v 1.3 2.3 0.2
v 1.4 2.3 0.2
v -0.8 2.3 -0.2
v -0.7 2.3 -0.2
v -0.4 2.3 -0.2
v -0.3 2.3 -0.2
v 0.4 2.3 -0.2
v 0.5 2.3 -0.2
v 0.8 2.3 -0.2
v 0.9 2.3 -0.2
v -0.8 2.3 -0.3
v -0.7 2.3 -0.3
v -0.4 2.3 -0.3
v -0.3 2.3 -0.3
v 0.4 2.3 -0.3
v 0.5 2.3 -0.3
v 0.8 2.3 -0.3
v 0.9 2.3 -0.3
v -0.4 2.4 0.2
v -0.3 2.4 0.2
v 0.4 2.4 0.2
v 0.5 2.4 0.2
v -0.4 2.4 0.1
v -0.3 2.4 0.1
v 0.4 2.4 0.1
v 0.5 2.4 0.1
v -1.1 2.5 1.1
v -1 2.5 1.1
v 1.1 2.5 1.1
v 1.2 2.5 1.1
v -1.1 2.5 0.9
v -1 2.5 0.9
v 1.1 2.5 0.9
v 1.2 2.5 0.9
v -0.1 3 0.3
v 0.2 3 0.3
v -0.1 3 0.1
v 0.2 3 0.1
v -0.1 3.1 0.4
v 0.2 3.1 0.4
v -0.2 3.1 0.3
v -0.1 3.1 0.3
v 0.2 3.1 0.3
v 0.3 3.1 0.3
v -0.1 3.1 0.1
v 0.2 3.1 0.1
v -0.2 3.1 0
v -0.1 3.1 0
v 0.2 3.1 0
v 0.3 3.1 0
v -1.19209e-07 3.1 -0.2
v 0.0999999 3.1 -0.2
v -1.19209e-07 3.1 -0.3
v 0.0999999 3.1 -0.3
v -0.2 3.2 0
v -0.1 3.2 0
v 0.2 3.2 0
v 0.3 3.2 0
v -0.2 3.2 -0.2
v -0.1 3.2 -0.2
v -1.19209e-07 3.2 -0.2
v 0.0999999 3.2 -0.2
v 0.2 3.2 -0.2
v 0.3 3.2 -0.2
v -0.1 3.2 -0.3
v -1.19209e-07 3.2 -0.3
v 0.0999999 3.2 -0.3
v 0.2 3.2 -0.3
v -0.3 3.3 0.1
v -0.2 3.3 0.1
v 0.3 3.3 0.1
v 0.4 3.3 0.1
v -0.2 3.3 0
v 0.3 3.3 0
v -0.3 3.3 -0.2
v -0.2 3.3 -0.2
v -0.1 3.3 -0.2
v 0.2 3.3 -0.2
v 0.3 3.3 -0.2
v 0.4 3.3 -0.2
v -0.2 3.3 -0.3
v -0.1 3.3 -0.3
v 0.2 3.3 -0.3
v 0.3 3.3 -0.3
v -0.4 3.4 0.5
v -0.3 3.4 0.5
v -0.2 3.4 0.5
v -0.1 3.4 0.5
v 0.2 3.4 0.5
v 0.3 3.4 0.5
v 0.4 3.4 0.5
v 0.5 3.4 0.5
v -0.3 3.4 0.4
v -0.2 3.4 0.4
v 0.3 3.4 0.4
v 0.4 3.4 0.4
v -0.1 3.4 0.3
v 0.2 3.4 0.3
v -0.2 3.4 0.2
v -0.1 3.4 0.2
v 0.2 3.4 0.2
v 0.3 3.4 0.2
v -0.3 3.4 0.1
v -0.2 3.4 0.1
v 0.3 3.4 0.1
v 0.4 3.4 0.1
v -0.3 3.4 -0.2
v -0.2 3.4 -0.2
v 0.3 3.4 -0.2
v 0.4 3.4 -0.2
v -0.4 3.4 -0.3
v -0.3 3.4 -0.3
v -0.2 3.4 -0.3
v -0.1 3.4 -0.3
v 0.2 3.4 -0.3
v 0.3 3.4 -0.3
v 0.4 3.4 -0.3
v 0.5 3.4 -0.3
v -0.3 3.4 -0.4
v -0.1 3.4 -0.4
v 0.2 3.4 -0.4
v 0.4 3.4 -0.4
v -0.5 3.5 0.5
v -0.4 3.5 0.5
v -0.1 3.5 0.5
v -1.19209e-07 3.5 0.5
v 0.0999999 3.5 0.5
v 0.2 3.5 0.5
v 0.5 3.5 0.5
v 0.6 3.5 0.5
v -0.1 3.5 0.3
v -1.19209e-07 3.5 0.3
v 0.0999999 3.5 0.3
v 0.2 3.5 0.3
v -0.5 3.5 -0.3
v -0.4 3.5 -0.3
v -0.3 3.5 -0.3
v -0.1 3.5 -0.3
v -1.19209e-07 3.5 -0.3
v 0.0999999 3.5 -0.3
v 0.2 3.5 -0.3
v 0.4 3.5 -0.3
v 0.5 3.5 -0.3
v 0.6 3.5 -0.3
v -0.4 3.5 -0.4
v -0.3 3.5 -0.4
v -0.1 3.5 -0.4
v -1.19209e-07 3.5 -0.4
v 0.0999999 3.5 -0.4
v 0.2 3.5 -0.4
v 0.4 3.5 -0.4
v 0.5 3.5 -0.4
v -0.3 3.5 -0.5
v -0.1 3.5 -0.5
v 0.2 3.5 -0.5
v 0.4 3.5 -0.5
v -0.5 3.7 0.5
v -0.4 3.7 0.5
v -0.1 3.7 0.5
v -1.19209e-07 3.7 0.5
v 0.0999999 3.7 0.5
v 0.2 3.7 0.5
v 0.5 3.7 0.5
v 0.6 3.7 0.5
v -0.5 3.7 0.4
v -0.4 3.7 0.4
v -0.1 3.7 0.4
v -1.19209e-07 3.7 0.4
v 0.0999999 3.7 0.4
v 0.2 3.7 0.4
v 0.5 3.7 0.4
v 0.6 3.7 0.4
v -0.4 3.8 0.5
v -0.3 3.8 0.5
v -0.2 3.8 0.5
v -0.1 3.8 0.5
v 0.2 3.8 0.5
v 0.3 3.8 0.5
v 0.4 3.8 0.5
v 0.5 3.8 0.5
v -0.3 3.8 0.4
v -0.2 3.8 0.4
v 0.3 3.8 0.4
v 0.4 3.8 0.4
v -0.4 3.8 0.3
v -0.3 3.8 0.3
v -0.2 3.8 0.3
v -0.1 3.8 0.3
v 0.2 3.8 0.3
v 0.3 3.8 0.3
v 0.4 3.8 0.3
v 0.5 3.8 0.3
v -0.5 0.2 0.3
v -0.4 0.2 0.3
v 0.5 0.2 0.3
v 0.6 0.2 0.3
v -0.6 0.2 0.2
v -0.5 0.2 0.2
v -0.4 0.2 0.2
v -0.3 0.2 0.2
v 0.4 0.2 0.2
v 0.5 0.2 0.2
v 0.6 0.2 0.2
v 0.7 0.2 0.2
v -0.7 0.2 0.1
v -0.6 0.2 0.1
v -0.5 0.2 0.1
v -0.4 0.2 0.1
v -0.3 0.2 0.1
v -0.2 0.2 0.1
v 0.3 0.2 0.1
v 0.4 0.2 0.1
v 0.5 0.2 0.1
v 0.6 0.2 0.1
v 0.7 0.2 0.1
v 0.8 0.2 0.1
v -0.8 0.2 0
v -0.7 0.2 0
v -0.6 0.2 0
v -0.3 0.2 0
v -0.2 0.2 0
v -0.1 0.2 0
v 0.2 0.2 0
v 0.3 0.2 0
v 0.4 0.2 0
v 0.7 0.2 0
v 0.8 0.2 0
v 0.9 0.2 0
v -0.8 0.2 -0.1
v -0.7 0.2 -0.1
v -0.6 0.2 -0.1
v -0.3 0.2 -0.1
v -0.2 0.2 -0.1
v -0.1 0.2 -0.1
v 0.2 0.2 -0.1
v 0.3 0.2 -0.1
v 0.4 0.2 -0.1
v 0.7 0.2 -0.1
v 0.8 0.2 -0.1
v 0.9 0.2 -0.1
v -0.7 0.2 -0.2
v -0.6 0.2 -0.2
v -0.5 0.2 -0.2
v -0.4 0.2 -0.2
v -0.3 0.2 -0.2
v -0.2 0.2 -0.2
v 0.3 0.2 -0.2
v 0.4 0.2 -0.2
v 0.5 0.2 -0.2
v 0.6 0.2 -0.2
v 0.7 0.2 -0.2
v 0.8 0.2 -0.2
v -0.6 0.2 -0.3
v -0.5 0.2 -0.3
v -0.4 0.2 -0.3
v -0.3 0.2 -0.3
v 0.4 0.2 -0.3
v 0.5 0.2 -0.3
v 0.6 0.2 -0.3
v 0.7 0.2 -0.3
v -0.5 0.2 -0.4
v -0.4 0.2 -0.4
v 0.5 0.2 -0.4
v 0.6 0.2 -0.4
v -0.5 0.3 0.2
v -0.4 0.3 0.2
v 0.5 0.3 0.2
v 0.6 0.3 0.2
v -0.5 0.3 0.1
v -0.4 0.3 0.1
v 0.5 0.3 0.1
v 0.6 0.3 0.1
v -0.7 0.3 0
v -0.6 0.3 0
v -0.3 0.3 0
v -0.2 0.3 0
v 0.3 0.3 0
v 0.4 0.3 0
v 0.7 0.3 0
v 0.8 0.3 0
v -0.7 0.3 -0.1
v -0.6 0.3 -0.1
v -0.3 0.3 -0.1
v -0.2 0.3 -0.1
v 0.3 0.3 -0.1
v 0.4 0.3 -0.1
v 0.7 0.3 -0.1
v 0.8 0.3 -0.1
v -0.5 0.3 -0.2
v -0.4 0.3 -0.2
v 0.5 0.3 -0.2
v 0.6 0.3 -0.2
v -0.5 0.3 -0.3
v -0.4 0.3 -0.3
v 0.5 0.3 -0.3
v 0.6 0.3 -0.3
v -0.6 0.8 0.2
v -0.5 0.8 0.2
v -0.4 0.8 0.2
v -0.3 0.8 0.2
v 0.4 0.8 0.2
v 0.5 0.8 0.2
v 0.6 0.8 0.2
v 0.7 0.8 0.2
v -0.7 0.8 0.1
v -0.6 0.8 0.1
v -0.5 0.8 0.1
v -0.4 0.8 0.1
v -0.3 0.8 0.1
v -0.2 0.8 0.1
v 0.3 0.8 0.1
v 0.4 0.8 0.1
v 0.5 0.8 0.1
v 0.6 0.8 0.1
v 0.7 0.8 0.1
v 0.8 0.8 0.1
v -0.7 0.8 0
v -0.6 0.8 0
v -0.3 0.8 0
v -0.2 0.8 0
v 0.3 0.8 0
v 0.4 0.8 0
v 0.7 0.8 0
v 0.8 0.8 0
v -0.7 0.8 -0.1
v -0.6 0.8 -0.1
v -0.3 0.8 -0.1
v -0.2 0.8 -0.1
v 0.3 0.8 -0.1
v 0.4 0.8 -0.1
v 0.7 0.8 -0.1
v 0.8 0.8 -0.1
v -0.7 0.8 -0.2
v -0.6 0.8 -0.2
v -0.3 0.8 -0.2
v -0.2 0.8 -0.2
v 0.3 0.8 -0.2
v 0.4 0.8 -0.2
v 0.7 0.8 -0.2
v 0.8 0.8 -0.2
v -0.6 0.8 -0.3
v -0.3 0.8 -0.3
v 0.4 0.8 -0.3
v 0.7 0.8 -0.3
v -0.5 0.9 0.2
v -0.4 0.9 0.2
v 0.5 0.9 0.2
v 0.6 0.9 0.2
v -0.5 0.9 0.1
v -0.4 0.9 0.1
v 0.5 0.9 0.1
v 0.6 0.9 0.1
v -0.7 0.9 0
v -0.6 0.9 0
v -0.3 0.9 0
v -0.2 0.9 0
v 0.3 0.9 0
v 0.4 0.9 0
v 0.7 0.9 0
v 0.8 0.9 0
v -0.7 0.9 -0.1
v -0.6 0.9 -0.1
v -0.3 0.9 -0.1
v -0.2 0.9 -0.1
v 0.3 0.9 -0.1
v 0.4 0.9 -0.1
v 0.7 0.9 -0.1
v 0.8 0.9 -0.1
v -0.6 1.4 0.2
v -0.5 1.4 0.2
v 0.6 1.4 0.2
v 0.7 1.4 0.2
v -0.7 1.4 0.1
v -0.6 1.4 0.1
v -0.5 1.4 0.1
v 0.6 1.4 0.1
v 0.7 1.4 0.1
v 0.8 1.4 0.1
v -0.7 1.4 0
v -0.6 1.4 0
v 0.7 1.4 0
v 0.8 1.4 0
v -0.7 1.4 -0.1
v -0.6 1.4 -0.1
v 0.7 1.4 -0.1
v 0.8 1.4 -0.1
v -0.7 1.4 -0.2
v -0.6 1.4 -0.2
v -0.5 1.4 -0.2
v 0.6 1.4 -0.2
v 0.7 1.4 -0.2
v 0.8 1.4 -0.2
v -0.6 1.4 -0.3
v -0.5 1.4 -0.3
v 0.6 1.4 -0.3
v 0.7 1.4 -0.3
v -0.5 1.5 0.2
v -0.4 1.5 0.2
v -0.3 1.5 0.2
v 0.4 1.5 0.2
v 0.5 1.5 0.2
v 0.6 1.5 0.2
v -0.6 1.5 0.1
v -0.5 1.5 0.1
v -0.4 1.5 0.1
v -0.3 1.5 0.1
v 0.4 1.5 0.1
v 0.5 1.5 0.1
v 0.6 1.5 0.1
v 0.7 1.5 0.1
v -0.7 1.5 0
v -0.6 1.5 0
v -0.5 1.5 0
v 0.6 1.5 0
v 0.7 1.5 0
v 0.8 1.5 0
v -0.7 1.5 -0.1
v -0.6 1.5 -0.1
v -0.5 1.5 -0.1
v 0.6 1.5 -0.1
v 0.7 1.5 -0.1
v 0.8 1.5 -0.1
v -0.6 1.5 -0.2
v -0.5 1.5 -0.2
v -0.4 1.5 -0.2
v -0.3 1.5 -0.2
v 0.4 1.5 -0.2
v 0.5 1.5 -0.2
v 0.6 1.5 -0.2
v 0.7 1.5 -0.2
v -0.5 1.5 -0.3
v -0.4 1.5 -0.3
v -0.3 1.5 -0.3
v 0.4 1.5 -0.3
v 0.5 1.5 -0.3
v 0.6 1.5 -0.3
v -0.1 1.6 0.3
v -1.19209e-07 1.6 0.3
v 0.0999999 1.6 0.3
v 0.2 1.6 0.3
v -0.2 1.6 0.2
v -0.1 1.6 0.2
v -1.19209e-07 1.6 0.2
v 0.0999999 1.6 0.2
v 0.2 1.6 0.2
v 0.3 1.6 0.2
v -0.5 1.6 0.1
v -0.4 1.6 0.1
v -0.3 1.6 0.1
v -0.2 1.6 0.1
v -0.1 1.6 0.1
v 0.2 1.6 0.1
v 0.3 1.6 0.1
v 0.4 1.6 0.1
v 0.5 1.6 0.1
v 0.6 1.6 0.1
v -0.6 1.6 0
v -0.5 1.6 0
v -0.4 1.6 0
v 0.5 1.6 0
v 0.6 1.6 0
v 0.7 1.6 0
v -0.6 1.6 -0.1
v -0.5 1.6 -0.1
v -0.4 1.6 -0.1
v 0.5 1.6 -0.1
v 0.6 1.6 -0.1
v 0.7 1.6 -0.1
v -0.5 1.6 -0.2
v -0.4 1.6 -0.2
v -0.3 1.6 -0.2
v -0.2 1.6 -0.2
v -0.1 1.6 -0.2
v 0.2 1.6 -0.2
v 0.3 1.6 -0.2
v 0.4 1.6 -0.2
v 0.5 1.6 -0.2
v 0.6 1.6 -0.2
v -0.2 1.6 -0.3
v -0.1 1.6 -0.3
v 0.2 1.6 -0.3
v 0.3 1.6 -0.3
v -0.1 1.6 -0.4
v 0.2 1.6 -0.4
v -1.19209e-07 1.7 0.3
v 0.0999999 1.7 0.3
v -0.1 1.7 0.2
v -1.19209e-07 1.7 0.2
v 0.0999999 1.7 0.2
v 0.2 1.7 0.2
v -0.2 1.7 0.1
v -0.1 1.7 0.1
v 0.2 1.7 0.1
v 0.3 1.7 0.1
v -0.2 1.7 -0.2
v -0.1 1.7 -0.2
v 0.2 1.7 -0.2
v 0.3 1.7 -0.2
v -0.1 1.7 -0.3
v 0.2 1.7 -0.3
v -1.1 2.2 1.1
v -1 2.2 1.1
v 1.1 2.2 1.1
v 1.2 2.2 1.1
v -1.1 2.2 0.9
v -1 2.2 0.9
v 1.1 2.2 0.9
v 1.2 2.2 0.9
v -1.3 2.4 1.1
v -1.2 2.4 1.1
v -0.9 2.4 1.1
v -0.8 2.4 1.1
v 0.9 2.4 1.1
v 1 2.4 1.1
v 1.3 2.4 1.1
v 1.4 2.4 1.1
v -1.2 2.4 0.9
v -0.9 2.4 0.9
v 1 2.4 0.9
v 1.3 2.4 0.9
v -1.3 2.4 0.8
v -1.2 2.4 0.8
v -0.9 2.4 0.8
v -0.8 2.4 0.8
v 0.9 2.4 0.8
v 1 2.4 0.8
v 1.3 2.4 0.8
v 1.4 2.4 0.8
v -1.3 2.4 0.3
v -1.2 2.4 0.3
v -0.9 2.4 0.3
v -0.8 2.4 0.3
v 0.9 2.4 0.3
v 1 2.4 0.3
v 1.3 2.4 0.3
v 1.4 2.4 0.3
v -1.3 2.4 0.2
v -1.2 2.4 0.2
v -0.9 2.4 0.2
v -0.8 2.4 0.2
v 0.9 2.4 0.2
v 1 2.4 0.2
v 1.3 2.4 0.2
v 1.4 2.4 0.2
v -0.8 2.4 -0.2
v -0.7 2.4 -0.2
v 0.8 2.4 -0.2
v 0.9 2.4 -0.2
v -0.8 2.4 -0.3
v -0.7 2.4 -0.3
v 0.8 2.4 -0.3
v 0.9 2.4 -0.3
v -1.2 2.5 0.9
v -1.1 2.5 0.9
v -1 2.5 0.9
v -0.9 2.5 0.9
v 1 2.5 0.9
v 1.1 2.5 0.9
v 1.2 2.5 0.9
v 1.3 2.5 0.9
v -1.3 2.5 0.8
v -1.2 2.5 0.8
v -1.1 2.5 0.8
v -1 2.5 0.8
v -0.9 2.5 0.8
v -0.8 2.5 0.8
v 0.9 2.5 0.8
v 1 2.5 0.8
v 1.1 2.5 0.8
v 1.2 2.5 0.8
v 1.3 2.5 0.8
v 1.4 2.5 0.8
v -1.3 2.5 0.5
v -1.2 2.5 0.5
v -0.9 2.5 0.5
v -0.8 2.5 0.5
v 0.9 2.5 0.5
v 1 2.5 0.5
v 1.3 2.5 0.5
v 1.4 2.5 0.5
v -1.1 2.5 0.3
v -1 2.5 0.3
v 1.1 2.5 0.3
v 1.2 2.5 0.3
v -1.3 2.5 0.2
v -1.2 2.5 0.2
v -1.1 2.5 0.2
v -1 2.5 0.2
v -0.9 2.5 0.2
v -0.8 2.5 0.2
v 0.9 2.5 0.2
v 1 2.5 0.2
v 1.1 2.5 0.2
v 1.2 2.5 0.2
v 1.3 2.5 0.2
v 1.4 2.5 0.2
v -0.9 2.5 0.1
v -0.8 2.5 0.1
v -0.5 2.5 0.1
v 0.6 2.5 0.1
v 0.9 2.5 0.1
v 1 2.5 0.1
v -1.3 2.5 0
v -1.2 2.5 0
v -1.1 2.5 0
v -0.8 2.5 0
v -0.7 2.5 0
v 0.8 2.5 0
v 0.9 2.5 0
v 1.2 2.5 0
v 1.3 2.5 0
v 1.4 2.5 0
v -1.2 2.5 -0.1
v -1.1 2.5 -0.1
v -1 2.5 -0.1
v -0.8 2.5 -0.1
v -0.7 2.5 -0.1
v 0.8 2.5 -0.1
v 0.9 2.5 -0.1
v 1.1 2.5 -0.1
v 1.2 2.5 -0.1
v 1.3 2.5 -0.1
v -1.1 2.5 -0.2
v -1 2.5 -0.2
v -0.8 2.5 -0.2
v -0.5 2.5 -0.2
v 0.6 2.5 -0.2
v 0.9 2.5 -0.2
v 1.1 2.5 -0.2
v 1.2 2.5 -0.2
v -1 2.5 -0.3
v -0.8 2.5 -0.3
v 0.9 2.5 -0.3
v 1.1 2.5 -0.3
v -1.1 2.6 1.1
v -1 2.6 1.1
v 1.1 2.6 1.1
v 1.2 2.6 1.1
v -1.2 2.6 0.8
v -1.1 2.6 0.8
v -1 2.6 0.8
v -0.9 2.6 0.8
v 1 2.6 0.8
v 1.1 2.6 0.8
v 1.2 2.6 0.8
v 1.3 2.6 0.8
v -1.2 2.6 0.5
v -0.9 2.6 0.5
v 1 2.6 0.5
v 1.3 2.6 0.5
v -1.1 2.6 0.3
v -1 2.6 0.3
v -0.2 2.6 0.3
v -0.1 2.6 0.3
v 0.2 2.6 0.3
v 0.3 2.6 0.3
v 1.1 2.6 0.3
v 1.2 2.6 0.3
v -1.2 2.6 0.2
v -1.1 2.6 0.2
v -1 2.6 0.2
v -0.9 2.6 0.2
v -0.2 2.6 0.2
v -0.1 2.6 0.2
v 0.2 2.6 0.2
v 0.3 2.6 0.2
v 1 2.6 0.2
v 1.1 2.6 0.2
v 1.2 2.6 0.2
v 1.3 2.6 0.2
v -0.9 2.6 0.1
v -0.8 2.6 0.1
v 0.9 2.6 0.1
v 1 2.6 0.1
v -1.2 2.6 0
v -1.1 2.6 0
v -0.8 2.6 0
v -0.7 2.6 0
v 0.8 2.6 0
v 0.9 2.6 0
v 1.2 2.6 0
v 1.3 2.6 0
v -1.1 2.6 -0.1
v -1 2.6 -0.1
v -0.8 2.6 -0.1
v -0.7 2.6 -0.1
v 0.8 2.6 -0.1
v 0.9 2.6 -0.1
v 1.1 2.6 -0.1
v 1.2 2.6 -0.1
v -1 2.6 -0.2
v -0.8 2.6 -0.2
v 0.9 2.6 -0.2
v 1.1 2.6 -0.2
v -0.2 2.6 -0.3
v -0.1 2.6 -0.3
v 0.2 2.6 -0.3
v 0.3 2.6 -0.3
v -0.2 2.6 -0.4
v -0.1 2.6 -0.4
v 0.2 2.6 -0.4
v 0.3 2.6 -0.4
v -0.1 2.7 0.3
v 0.2 2.7 0.3
v -0.4 2.7 0.2
v -0.2 2.7 0.2
v -0.1 2.7 0.2
v 0.2 2.7 0.2
v 0.3 2.7 0.2
v 0.5 2.7 0.2
v -0.5 2.7 0.1
v -0.4 2.7 0.1
v -0.2 2.7 0.1
v -0.1 2.7 0.1
v 0.2 2.7 0.1
v 0.3 2.7 0.1
v 0.5 2.7 0.1
v 0.6 2.7 0.1
v -0.5 2.7 -0.2
v -0.4 2.7 -0.2
v -0.2 2.7 -0.2
v -0.1 2.7 -0.2
v 0.2 2.7 -0.2
v 0.3 2.7 -0.2
v 0.5 2.7 -0.2
v 0.6 2.7 -0.2
v -0.4 2.7 -0.3
v -0.2 2.7 -0.3
v -0.1 2.7 -0.3
v 0.2 2.7 -0.3
v 0.3 2.7 -0.3
v 0.5 2.7 -0.3
v -0.1 2.7 -0.4
v 0.2 2.7 -0.4
v -0.1 2.8 0.2
v 0.2 2.8 0.2
v -0.4 2.8 0.1
v -0.2 2.8 0.1
v -0.1 2.8 0.1
v 0.2 2.8 0.1
v 0.3 2.8 0.1
v 0.5 2.8 0.1
v -0.4 2.8 -0.2
v -0.2 2.8 -0.2
v -0.1 2.8 -0.2
v 0.2 2.8 -0.2
v 0.3 2.8 -0.2
v 0.5 2.8 -0.2
v -0.1 2.8 -0.3
v 0.2 2.8 -0.3
v -0.1 3.3 0.4
v -1.19209e-07 3.3 0.4
v 0.0999999 3.3 0.4
v 0.2 3.3 0.4
v -0.2 3.3 0.3
v -0.1 3.3 0.3
v -1.19209e-07 3.3 0.3
v 0.0999999 3.3 0.3
v 0.2 3.3 0.3
v 0.3 3.3 0.3
v -0.2 3.3 0.2
v -0.1 3.3 0.2
v 0.2 3.3 0.2
v 0.3 3.3 0.2
v -1.19209e-07 3.4 0.4
v 0.0999999 3.4 0.4
v -1.19209e-07 3.4 0.3
v 0.0999999 3.4 0.3
v -0.4 3.5 0.5
v -0.3 3.5 0.5
v -0.2 3.5 0.5
v -0.1 3.5 0.5
v 0.2 3.5 0.5
v 0.3 3.5 0.5
v 0.4 3.5 0.5
v 0.5 3.5 0.5
v -0.3 3.5 0.4
v -0.2 3.5 0.4
v 0.3 3.5 0.4
v 0.4 3.5 0.4
v -0.4 3.5 0.3
v -0.3 3.5 0.3
v -0.2 3.5 0.3
v -0.1 3.5 0.3
v 0.2 3.5 0.3
v 0.3 3.5 0.3
v 0.4 3.5 0.3
v 0.5 3.5 0.3
v -0.5 3.6 0.5
v -0.4 3.6 0.5
v -0.1 3.6 0.5
v -1.19209e-07 3.6 0.5
v 0.0999999 3.6 0.5
v 0.2 3.6 0.5
v 0.5 3.6 0.5
v 0.6 3.6 0.5
v -0.5 3.6 0.4
v -0.4 3.6 0.4
v -0.1 3.6 0.4
v -1.19209e-07 3.6 0.4
v 0.0999999 3.6 0.4
v 0.2 3.6 0.4
v 0.5 3.6 0.4
v 0.6 3.6 0.4
v -1.19209e-07 3.6 0.3
v 0.0999999 3.6 0.3
v -1.19209e-07 3.6 0.2
v 0.0999999 3.6 0.2
v -1.19209e-07 3.6 -0.2
v 0.0999999 3.6 -0.2
v -1.19209e-07 3.6 -0.3
v 0.0999999 3.6 -0.3
v -1.19209e-07 3.7 0.2
v 0.0999999 3.7 0.2
v -1.19209e-07 3.7 -0.2
v 0.0999999 3.7 -0.2
v -0.5 3.8 0.5
v -0.4 3.8 0.5
v -0.1 3.8 0.5
v -1.19209e-07 3.8 0.5
v 0.0999999 3.8 0.5
v 0.2 3.8 0.5
v 0.5 3.8 0.5
v 0.6 3.8 0.5
v -0.5 3.8 -0.3
v -0.4 3.8 -0.3
v -0.3 3.8 -0.3
v 0.4 3.8 -0.3
v 0.5 3.8 -0.3
v 0.6 3.8 -0.3
v -0.4 3.8 -0.4
v -0.3 3.8 -0.4
v -0.1 3.8 -0.4
v -1.19209e-07 3.8 -0.4
v 0.0999999 3.8 -0.4
v 0.2 3.8 -0.4
v 0.4 3.8 -0.4
v 0.5 3.8 -0.4
v -0.3 3.8 -0.5
v -0.1 3.8 -0.5
v 0.2 3.8 -0.5
v 0.4 3.8 -0.5
v -0.4 3.9 0.5
v -0.3 3.9 0.5
v -0.2 3.9 0.5
v -0.1 3.9 0.5
v 0.2 3.9 0.5
v 0.3 3.9 0.5
v 0.4 3.9 0.5
v 0.5 3.9 0.5
v -0.3 3.9 0.4
v -0.2 3.9 0.4
v 0.3 3.9 0.4
v 0.4 3.9 0.4
v -0.4 3.9 -0.3
v -0.3 3.9 -0.3
v 0.4 3.9 -0.3
v 0.5 3.9 -0.3
v -0.3 3.9 -0.4
v -0.1 3.9 -0.4
v 0.2 3.9 -0.4
v 0.4 3.9 -0.4

# faces
f 6/2/1 2/2/1 1/2/1
f 8/2/1 4/2/1 3/2/1
f 9/4/1 6/4/1 5/4/1
f 10/2/1 2/2/1 6/2/1
f 10/4/1 6/4/1 9/4/1
f 11/2/1 8/2/1 7/2/1
f 12/2/1 4/2/1 8/2/1
f 12/2/1 8/2/1 11/2/1
f 13/2/1 2/2/1 10/2/1
f 14/2/1 2/2/1 13/2/1
f 15/2/1 4/2/1 12/2/1
f 16/2/1 4/2/1 15/2/1
f 22/2/1 18/2/1 17/2/1
f 23/2/1 18/2/1 22/2/1
f 24/2/1 20/2/1 19/2/1
f 25/2/1 20/2/1 24/2/1
f 27/2/1 22/2/1 21/2/1
f 28/2/1 22/2/1 27/2/1
f 29/5/1 24/5/1 23/5/1
f 30/5/1 24/5/1 29/5/1
f 33/5/1 29/5/1 23/5/1
f 35/2/1 32/2/1 31/2/1
f 36/2/1 32/2/1 35/2/1
f 37/5/1 34/5/1 33/5/1
f 37/5/1 33/5/1 23/5/1
f 38/5/1 34/5/1 37/5/1
f 39/2/1 26/2/1 25/2/1
f 40/2/1 26/2/1 39/2/1
f 41/2/1 37/2/1 36/2/1
f 42/2/1 37/2/1 41/2/1
f 43/2/1 39/2/1 38/2/1
f 44/2/1 39/2/1 43/2/1
f 51/4/1 46/4/1 45/4/1
f 52/4/1 46/4/1 51/4/1
f 53/4/1 46/4/1 52/4/1
f 54/2/1 48/2/1 47/2/1
f 55/2/1 48/2/1 54/2/1
f 56/2/1 50/2/1 49/2/1
f 57/2/1 50/2/1 56/2/1
f 65/2/1 58/2/1 57/2/1
f 66/2/1 58/2/1 65/2/1
f 67/4/1 60/4/1 59/4/1
f 67/4/1 61/4/1 60/4/1
f 68/4/1 61/4/1 67/4/1
f 69/2/1 63/2/1 62/2/1
f 70/2/1 63/2/1 69/2/1
f 71/2/1 65/2/1 64/2/1
f 72/2/1 65/2/1 71/2/1
f 75/2/1 74/2/1 73/2/1
f 76/2/1 74/2/1 75/2/1
f 79/2/1 77/2/1 76/2/1
f 80/2/1 77/2/1 79/2/1
f 81/2/1 79/2/1 78/2/1
f 82/2/1 79/2/1 81/2/1
f 85/4/1 84/4/1 83/4/1
f 86/4/1 84/4/1 85/4/1
f 89/4/1 88/4/1 87/4/1
f 90/4/1 88/4/1 89/4/1
f 95/2/1 92/2/1 91/2/1
f 96/2/1 92/2/1 95/2/1
f 97/2/1 94/2/1 93/2/1
f 98/2/1 94/2/1 97/2/1
f 99/2/1 97/2/1 96/2/1
f 100/2/1 97/2/1 99/2/1
f 104/2/1 102/2/1 101/2/1
f 105/2/1 102/2/1 104/2/1
f 107/2/1 105/2/1 104/2/1
f 107/2/1 106/2/1 105/2/1
f 107/2/1 104/2/1 103/2/1
f 108/2/1 106/2/1 107/2/1
f 109/2/1 106/2/1 108/2/1
f 110/2/1 106/2/1 109/2/1
f 111/2/1 109/2/1 108/2/1
f 112/2/1 109/2/1 111/2/1
f 116/2/1 114/2/1 113/2/1
f 117/2/1 114/2/1 116/2/1
f 119/2/1 117/2/1 116/2/1
f 119/2/1 118/2/1 117/2/1
f 119/2/1 116/2/1 115/2/1
f 120/2/1 118/2/1 119/2/1
f 121/2/1 119/2/1 115/2/1
f 122/4/1 120/4/1 119/4/1
f 122/2/1 119/2/1 121/2/1
f 123/2/1 118/2/1 120/2/1
f 123/4/1 120/4/1 122/4/1
f 124/2/1 118/2/1 123/2/1
f 125/4/1 122/4/1 121/4/1
f 125/4/1 123/4/1 122/4/1
f 125/4/1 124/4/1 123/4/1
f 126/4/1 124/4/1 125/4/1
f 127/4/1 124/4/1 126/4/1
f 128/4/1 124/4/1 127/4/1
f 129/4/1 127/4/1 126/4/1
f 130/4/1 127/4/1 129/4/1
f 135/2/1 132/2/1 131/2/1
f 136/2/1 132/2/1 135/2/1
f 139/2/1 134/2/1 133/2/1
f 140/2/1 134/2/1 139/2/1
f 141/5/1 137/5/1 136/5/1
f 142/5/1 139/5/1 138/5/1
f 143/5/1 141/5/1 136/5/1
f 143/5/1 142/5/1 141/5/1
f 144/5/1 139/5/1 142/5/1
f 144/5/1 142/5/1 143/5/1
f 146/5/1 143/5/1 136/5/1
f 147/5/1 143/5/1 146/5/1
f 148/5/1 139/5/1 144/5/1
f 149/5/1 139/5/1 148/5/1
f 151/2/1 146/2/1 145/2/1
f 152/2/1 146/2/1 151/2/1
f 155/2/1 150/2/1 149/2/1
f 156/2/1 150/2/1 155/2/1
f 157/5/1 153/5/1 152/5/1
f 158/5/1 155/5/1 154/5/1
f 159/5/1 157/5/1 152/5/1
f 159/5/1 158/5/1 157/5/1
f 160/5/1 155/5/1 158/5/1
f 160/5/1 158/5/1 159/5/1
f 162/5/1 159/5/1 152/5/1
f 163/5/1 159/5/1 162/5/1
f 164/5/1 155/5/1 160/5/1
f 165/5/1 155/5/1 164/5/1
f 167/2/1 162/2/1 161/2/1
f 168/2/1 162/2/1 167/2/1
f 169/2/1 166/2/1 165/2/1
f 170/2/1 166/2/1 169/2/1
f 171/4/1 168/4/1 167/4/1
f 172/4/1 168/4/1 171/4/1
f 175/4/1 170/4/1 169/4/1
f 176/4/1 170/4/1 175/4/1
f 177/4/1 173/4/1 172/4/1
f 178/4/1 173/4/1 177/4/1
f 179/4/1 175/4/1 174/4/1
f 180/4/1 175/4/1 179/4/1
f 181/4/1 179/4/1 178/4/1
f 182/4/1 179/4/1 181/4/1
f 187/4/1 184/4/1 183/4/1
f 188/4/1 184/4/1 187/4/1
f 191/4/1 186/4/1 185/4/1
f 192/4/1 186/4/1 191/4/1
f 193/2/1 189/2/1 188/2/1
f 194/2/1 189/2/1 193/2/1
f 195/2/1 191/2/1 190/2/1
f 196/2/1 191/2/1 195/2/1
f 201/2/1 198/2/1 197/2/1
f 202/2/1 198/2/1 201/2/1
f 203/2/1 200/2/1 199/2/1
f 204/2/1 200/2/1 203/2/1
f 207/2/1 206/2/1 205/2/1
f 208/2/1 206/2/1 207/2/1
f 213/2/1 210/2/1 209/2/1
f 214/2/1 210/2/1 213/2/1
f 215/2/1 212/2/1 211/2/1
f 216/2/1 212/2/1 215/2/1
f 221/4/1 218/4/1 217/4/1
f 222/4/1 218/4/1 221/4/1
f 225/4/1 220/4/1 219/4/1
f 226/4/1 220/4/1 225/4/1
f 227/4/1 223/4/1 222/4/1
f 228/4/1 223/4/1 227/4/1
f 229/4/1 225/4/1 224/4/1
f 230/4/1 225/4/1 229/4/1
f 233/4/1 232/4/1 231/4/1
f 234/4/1 232/4/1 233/4/1
f 237/3/1 236/3/1 235/3/1
f 238/3/1 236/3/1 237/3/1
f 240/3/1 236/3/1 238/3/1
f 241/3/1 240/3/1 239/3/1
f 242/3/1 236/3/1 240/3/1
f 242/3/1 240/3/1 241/3/1
f 247/2/1 246/2/1 245/2/1
f 248/2/1 246/2/1 247/2/1
f 249/2/1 244/2/1 243/2/1
f 250/2/1 244/2/1 249/2/1
f 251/4/1 248/4/1 247/4/1
f 252/4/1 248/4/1 251/4/1
f 253/4/1 250/4/1 249/4/1
f 254/4/1 250/4/1 253/4/1
f 255/4/1 253/4/1 252/4/1
f 256/4/1 253/4/1 255/4/1
f 259/3/1 258/3/1 257/3/1
f 260/3/1 258/3/1 259/3/1
f 263/3/1 261/3/1 260/3/1
f 264/3/1 261/3/1 263/3/1
f 265/3/1 263/3/1 262/3/1
f 266/3/1 263/3/1 265/3/1
f 270/2/1 268/2/1 267/2/1
f 271/2/1 268/2/1 270/2/1
f 273/2/1 272/2/1 271/2/1
f 274/2/1 272/2/1 273/2/1
f 275/2/1 270/2/1 269/2/1
f 276/2/1 270/2/1 275/2/1
f 279/2/1 278/2/1 277/2/1
f 280/2/1 278/2/1 279/2/1
f 283/3/1 282/3/1 281/3/1
f 284/3/1 282/3/1 283/3/1
f 287/3/1 285/3/1 284/3/1
f 288/3/1 285/3/1 287/3/1
f 289/3/1 287/3/1 286/3/1
f 290/3/1 287/3/1 289/3/1
f 294/2/1 292/2/1 291/2/1
f 295/2/1 292/2/1 294/2/1
f 298/2/1 294/2/1 293/2/1
f 299/2/1 294/2/1 298/2/1
f 300/2/1 297/2/1 296/2/1
f 301/2/1 297/2/1 300/2/1
f 302/2/1 300/2/1 299/2/1
f 303/2/1 300/2/1 302/2/1
f 307/2/1 305/2/1 304/2/1
f 308/2/1 305/2/1 307/2/1
f 311/2/1 307/2/1 306/2/1
f 312/2/1 307/2/1 311/2/1
f 313/2/1 309/2/1 308/2/1
f 314/2/1 309/2/1 313/2/1
f 316/2/1 311/2/1 310/2/1
f 317/2/1 311/2/1 316/2/1
f 318/2/1 315/2/1 314/2/1
f 319/2/1 315/2/1 318/2/1
f 322/4/1 321/4/1 320/4/1
f 324/4/1 322/4/1 320/4/1
f 325/4/1 322/4/1 324/4/1
f 326/4/1 322/4/1 325/4/1
f 327/2/1 323/2/1 322/2/1
f 327/4/1 322/4/1 326/4/1
f 328/2/1 323/2/1 327/2/1
f 332/4/1 326/4/1 325/4/1
f 333/4/1 326/4/1 332/4/1
f 334/2/1 329/2/1 328/2/1
f 335/2/1 329/2/1 334/2/1
f 336/3/1 331/3/1 330/3/1
f 337/3/1 331/3/1 336/3/1
f 340/3/1 339/3/1 338/3/1
f 341/3/1 339/3/1 340/3/1
f 345/2/1 343/2/1 342/2/1
f 346/2/1 343/2/1 345/2/1
f 350/2/1 345/2/1 344/2/1
f 351/2/1 345/2/1 350/2/1
f 352/2/1 348/2/1 347/2/1
f 353/2/1 348/2/1 352/2/1
f 355/2/1 350/2/1 349/2/1
f 356/2/1 350/2/1 355/2/1
f 359/2/1 354/2/1 353/2/1
f 360/2/1 354/2/1 359/2/1
f 361/2/1 357/2/1 356/2/1
f 362/2/1 357/2/1 361/2/1
f 363/2/1 359/2/1 358/2/1
f 364/2/1 359/2/1 363/2/1
f 366/5/1 363/5/1 362/5/1
f 367/5/1 363/5/1 366/5/1
f 370/2/1 366/2/1 365/2/1
f 371/2/1 366/2/1 370/2/1
f 372/2/1 368/2/1 367/2/1
f 373/2/1 368/2/1 372/2/1
f 375/2/1 370/2/1 369/2/1
f 376/2/1 370/2/1 375/2/1
f 377/2/1 374/2/1 373/2/1
f 378/2/1 374/2/1 377/2/1
f 383/2/1 380/2/1 379/2/1
f 384/2/1 380/2/1 383/2/1
f 387/2/1 382/2/1 381/2/1
f 388/2/1 382/2/1 387/2/1
f 389/2/1 385/2/1 384/2/1
f 390/2/1 385/2/1 389/2/1
f 391/2/1 387/2/1 386/2/1
f 392/2/1 387/2/1 391/2/1
f 394/5/1 391/5/1 390/5/1
f 396/4/1 394/4/1 393/4/1
f 397/5/1 391/5/1 394/5/1
f 397/4/1 394/4/1 396/4/1
f 398/5/1 391/5/1 397/5/1
f 399/5/1 391/5/1 398/5/1
f 400/5/1 391/5/1 399/5/1
f 402/4/1 396/4/1 395/4/1
f 403/4/1 396/4/1 402/4/1
f 405/2/1 401/2/1 400/2/1
f 406/2/1 401/2/1 405/2/1
f 407/2/1 404/2/1 403/2/1
f 408/2/1 404/2/1 407/2/1
f 411/3/1 410/3/1 409/3/1
f 412/3/1 410/3/1 411/3/1
f 414/3/1 410/3/1 412/3/1
f 415/3/1 414/3/1 413/3/1
f 416/3/1 410/3/1 414/3/1
f 416/3/1 414/3/1 415/3/1
f 420/2/1 418/2/1 417/2/1
f 421/2/1 418/2/1 420/2/1
f 422/2/1 420/2/1 419/2/1
f 423/2/1 420/2/1 422/2/1
f 426/2/1 425/2/1 424/2/1
f 427/2/1 425/2/1 426/2/1
f 430/2/1 429/2/1 428/2/1
f 431/2/1 429/2/1 430/2/1
f 434/4/1 433/4/1 432/4/1
f 435/4/1 433/4/1 434/4/1
f 440/3/1 437/3/1 436/3/1
f 441/3/1 437/3/1 440/3/1
f 442/3/1 437/3/1 441/3/1
f 445/3/1 439/3/1 438/3/1
f 447/3/1 443/3/1 442/3/1
f 447/3/1 442/3/1 441/3/1
f 448/3/1 443/3/1 447/3/1
f 449/3/1 445/3/1 444/3/1
f 450/3/1 448/3/1 447/3/1
f 450/3/1 449/3/1 448/3/1
f 450/3/1 447/3/1 446/3/1
f 451/3/1 439/3/1 445/3/1
f 451/3/1 449/3/1 450/3/1
f 451/3/1 445/3/1 449/3/1
f 454/4/1 453/4/1 452/4/1
f 455/4/1 453/4/1 454/4/1
f 460/3/1 457/3/1 456/3/1
f 461/3/1 457/3/1 460/3/1
f 462/3/1 459/3/1 458/3/1
f 463/3/1 459/3/1 462/3/1
f 466/3/1 464/3/1 463/3/1
f 467/3/1 464/3/1 466/3/1
f 468/3/1 466/3/1 465/3/1
f 469/3/1 466/3/1 468/3/1
f 474/2/1 471/2/1 470/2/1
f 475/2/1 471/2/1 474/2/1
f 476/2/1 473/2/1 472/2/1
f 477/2/1 473/2/1 476/2/1
f 478/2/1 476/2/1 475/2/1
f 479/2/1 476/2/1 478/2/1
f 483/2/1 481/2/1 480/2/1
f 484/2/1 481/2/1 483/2/1
f 486/2/1 484/2/1 483/2/1
f 486/2/1 485/2/1 484/2/1
f 486/2/1 483/2/1 482/2/1
f 487/2/1 485/2/1 486/2/1
f 488/2/1 485/2/1 487/2/1
f 489/2/1 485/2/1 488/2/1
f 490/2/1 488/2/1 487/2/1
f 491/2/1 488/2/1 490/2/1
f 496/2/1 493/2/1 492/2/1
f 497/2/1 493/2/1 496/2/1
f 500/2/1 495/2/1 494/2/1
f 501/2/1 495/2/1 500/2/1
f 502/5/1 498/5/1 497/5/1
f 503/5/1 500/5/1 499/5/1
f 504/5/1 502/5/1 497/5/1
f 504/5/1 503/5/1 502/5/1
f 505/5/1 500/5/1 503/5/1
f 505/5/1 503/5/1 504/5/1
f 507/5/1 504/5/1 497/5/1
f 508/5/1 504/5/1 507/5/1
f 509/5/1 500/5/1 505/5/1
f 510/5/1 500/5/1 509/5/1
f 512/2/1 507/2/1 506/2/1
f 513/2/1 507/2/1 512/2/1
f 516/2/1 511/2/1 510/2/1
f 517/2/1 511/2/1 516/2/1
f 518/5/1 514/5/1 513/5/1
f 519/5/1 516/5/1 515/5/1
f 521/5/1 518/5/1 513/5/1
f 521/5/1 519/5/1 518/5/1
f 522/5/1 516/5/1 519/5/1
f 522/5/1 519/5/1 521/5/1
f 524/2/1 521/2/1 520/2/1
f 524/5/1 522/5/1 521/5/1
f 525/2/1 523/2/1 522/2/1
f 525/5/1 522/5/1 524/5/1
f 526/2/1 524/2/1 520/2/1
f 527/2/1 524/2/1 526/2/1
f 528/2/1 523/2/1 525/2/1
f 529/2/1 523/2/1 528/2/1
f 532/3/1 531/3/1 530/3/1
f 533/3/1 531/3/1 532/3/1
f 536/3/1 535/3/1 534/3/1
f 537/3/1 535/3/1 536/3/1
f 542/4/1 539/4/1 538/4/1
f 543/4/1 539/4/1 542/4/1
f 546/4/1 541/4/1 540/4/1
f 547/4/1 541/4/1 546/4/1
f 548/2/1 544/2/1 543/2/1
f 549/2/1 544/2/1 548/2/1
f 550/2/1 546/2/1 545/2/1
f 551/2/1 546/2/1 550/2/1
f 556/2/1 553/2/1 552/2/1
f 557/2/1 553/2/1 556/2/1
f 558/2/1 555/2/1 554/2/1
f 559/2/1 555/2/1 558/2/1
f 562/2/1 561/2/1 560/2/1
f 563/2/1 561/2/1 562/2/1
f 568/2/1 565/2/1 564/2/1
f 569/2/1 565/2/1 568/2/1
f 570/2/1 567/2/1 566/2/1
f 571/2/1 567/2/1 570/2/1
f 574/3/1 573/3/1 572/3/1
f 575/3/1 573/3/1 574/3/1
f 577/3/1 573/3/1 575/3/1
f 578/3/1 577/3/1 576/3/1
f 579/3/1 573/3/1 577/3/1
f 579/3/1 577/3/1 578/3/1
f 582/2/1 581/2/1 580/2/1
f 583/2/1 581/2/1 582/2/1
f 586/2/1 585/2/1 584/2/1
f 587/2/1 585/2/1 586/2/1
f 590/2/1 589/2/1 588/2/1
f 591/2/1 589/2/1 590/2/1
f 599/2/1 593/2/1 592/2/1
f 600/2/1 593/2/1 599/2/1
f 601/2/1 595/2/1 594/2/1
f 602/2/1 595/2/1 601/2/1
f 605/2/1 597/2/1 596/2/1
f 607/2/1 599/2/1 598/2/1
f 608/2/1 603/2/1 602/2/1
f 609/2/1 603/2/1 608/2/1
f 610/4/1 605/4/1 604/4/1
f 611/2/1 597/2/1 605/2/1
f 611/4/1 605/4/1 610/4/1
f 612/2/1 607/2/1 606/2/1
f 613/2/1 599/2/1 607/2/1
f 613/2/1 607/2/1 612/2/1
f 616/2/1 597/2/1 611/2/1
f 617/2/1 597/2/1 616/2/1
f 618/2/1 599/2/1 613/2/1
f 619/2/1 599/2/1 618/2/1
f 622/2/1 615/2/1 614/2/1
f 623/2/1 615/2/1 622/2/1
f 624/2/1 620/2/1 619/2/1
f 625/2/1 620/2/1 624/2/1
f 626/2/1 622/2/1 621/2/1
f 627/2/1 622/2/1 626/2/1
f 633/2/1 629/2/1 628/2/1
f 634/2/1 629/2/1 633/2/1
f 635/2/1 631/2/1 630/2/1
f 636/2/1 631/2/1 635/2/1
f 637/2/1 633/2/1 632/2/1
f 638/2/1 633/2/1 637/2/1
f 639/5/1 635/5/1 634/5/1
f 640/5/1 635/5/1 639/5/1
f 643/5/1 639/5/1 634/5/1
f 645/2/1 642/2/1 641/2/1
f 646/2/1 642/2/1 645/2/1
f 647/5/1 644/5/1 643/5/1
f 647/5/1 643/5/1 634/5/1
f 648/5/1 644/5/1 647/5/1
f 650/2/1 647/2/1 646/2/1
f 651/2/1 647/2/1 650/2/1
f 652/2/1 649/2/1 648/2/1
f 653/2/1 649/2/1 652/2/1
f 658/4/1 655/4/1 654/4/1
f 659/4/1 655/4/1 658/4/1
f 660/4/1 655/4/1 659/4/1
f 661/2/1 657/2/1 656/2/1
f 662/2/1 657/2/1 661/2/1
f 668/4/1 664/4/1 663/4/1
f 668/4/1 665/4/1 664/4/1
f 669/4/1 665/4/1 668/4/1
f 670/2/1 667/2/1 666/2/1
f 671/2/1 667/2/1 670/2/1
f 674/4/1 673/4/1 672/4/1
f 675/4/1 673/4/1 674/4/1
f 676/4/2 677/4/2 678/4/2
f 678/4/2 677/4/2 679/4/2
f 680/4/2 681/4/2 684/4/2
f 684/4/2 681/4/2 685/4/2
f 685/4/2 681/4/2 686/4/2
f 682/2/2 683/2/2 687/2/2
f 687/2/2 683/2/2 688/2/2
f 689/4/2 690/4/2 694/4/2
f 690/4/2 691/4/2 694/4/2
f 694/4/2 691/4/2 695/4/2
f 692/2/2 693/2/2 696/2/2
f 696/2/2 693/2/2 697/2/2
f 698/2/2 699/2/2 703/2/2
f 703/2/2 699/2/2 704/2/2
f 700/2/2 701/2/2 705/2/2
f 705/2/2 701/2/2 706/2/2
f 702/2/2 703/2/2 707/2/2
f 707/2/2 703/2/2 708/2/2
f 704/5/2 705/5/2 709/5/2
f 709/5/2 705/5/2 710/5/2
f 704/5/2 709/5/2 713/5/2
f 711/2/2 712/2/2 715/2/2
f 715/2/2 712/2/2 716/2/2
f 713/5/2 714/5/2 717/5/2
f 704/5/2 713/5/2 717/5/2
f 717/5/2 714/5/2 718/5/2
f 716/2/2 717/2/2 720/2/2
f 720/2/2 717/2/2 721/2/2
f 718/2/2 719/2/2 722/2/2
f 722/2/2 719/2/2 723/2/2
f 724/2/2 725/2/2 731/2/2
f 731/2/2 725/2/2 732/2/2
f 726/2/2 727/2/2 733/2/2
f 733/2/2 727/2/2 734/2/2
f 728/2/2 729/2/2 737/2/2
f 730/2/2 731/2/2 739/2/2
f 734/2/2 735/2/2 740/2/2
f 740/2/2 735/2/2 741/2/2
f 736/4/2 737/4/2 742/4/2
f 737/2/2 729/2/2 743/2/2
f 742/4/2 737/4/2 743/4/2
f 738/2/2 739/2/2 744/2/2
f 739/2/2 731/2/2 745/2/2
f 744/2/2 739/2/2 745/2/2
f 743/2/2 729/2/2 748/2/2
f 748/2/2 729/2/2 749/2/2
f 745/2/2 731/2/2 750/2/2
f 750/2/2 731/2/2 751/2/2
f 746/2/2 747/2/2 754/2/2
f 754/2/2 747/2/2 755/2/2
f 751/2/2 752/2/2 756/2/2
f 756/2/2 752/2/2 757/2/2
f 753/2/2 754/2/2 758/2/2
f 758/2/2 754/2/2 759/2/2
f 760/2/2 761/2/2 762/2/2
f 762/2/2 761/2/2 763/2/2
f 764/2/2 765/2/2 766/2/2
f 766/2/2 765/2/2 767/2/2
f 768/2/2 769/2/2 770/2/2
f 770/2/2 769/2/2 771/2/2
f 772/4/2 773/4/2 776/4/2
f 776/4/2 773/4/2 777/4/2
f 774/4/2 775/4/2 780/4/2
f 780/4/2 775/4/2 781/4/2
f 777/2/2 778/2/2 782/2/2
f 782/2/2 778/2/2 783/2/2
f 779/2/2 780/2/2 784/2/2
f 784/2/2 780/2/2 785/2/2
f 786/2/2 787/2/2 790/2/2
f 790/2/2 787/2/2 791/2/2
f 788/2/2 789/2/2 792/2/2
f 792/2/2 789/2/2 793/2/2
f 794/2/2 795/2/2 796/2/2
f 796/2/2 795/2/2 797/2/2
f 798/2/2 799/2/2 802/2/2
f 802/2/2 799/2/2 803/2/2
f 800/2/2 801/2/2 804/2/2
f 804/2/2 801/2/2 805/2/2
f 806/3/2 807/3/2 808/3/2
f 808/3/2 807/3/2 809/3/2
f 809/3/2 807/3/2 811/3/2
f 810/3/2 811/3/2 812/3/2
f 811/3/2 807/3/2 813/3/2
f 812/3/2 811/3/2 813/3/2
f 814/2/2 815/2/2 818/2/2
f 818/2/2 815/2/2 819/2/2
f 816/2/2 817/2/2 822/2/2
f 822/2/2 817/2/2 823/2/2
f 819/5/2 820/5/2 824/5/2
f 821/5/2 822/5/2 825/5/2
f 819/5/2 824/5/2 826/5/2
f 824/5/2 825/5/2 826/5/2
f 825/5/2 822/5/2 827/5/2
f 826/5/2 825/5/2 827/5/2
f 819/5/2 826/5/2 829/5/2
f 829/5/2 826/5/2 830/5/2
f 827/5/2 822/5/2 831/5/2
f 831/5/2 822/5/2 832/5/2
f 828/2/2 829/2/2 834/2/2
f 834/2/2 829/2/2 835/2/2
f 832/2/2 833/2/2 838/2/2
f 838/2/2 833/2/2 839/2/2
f 835/5/2 836/5/2 840/5/2
f 837/5/2 838/5/2 841/5/2
f 835/5/2 840/5/2 843/5/2
f 840/5/2 841/5/2 843/5/2
f 841/5/2 838/5/2 844/5/2
f 843/5/2 841/5/2 844/5/2
f 842/2/2 843/2/2 846/2/2
f 843/5/2 844/5/2 846/5/2
f 844/2/2 845/2/2 847/2/2
f 846/5/2 844/5/2 847/5/2
f 842/2/2 846/2/2 848/2/2
f 848/2/2 846/2/2 849/2/2
f 847/2/2 845/2/2 850/2/2
f 850/2/2 845/2/2 851/2/2
f 852/3/2 853/3/2 854/3/2
f 854/3/2 853/3/2 855/3/2
f 856/3/2 857/3/2 858/3/2
f 858/3/2 857/3/2 859/3/2
f 860/2/2 861/2/2 864/2/2
f 864/2/2 861/2/2 865/2/2
f 862/2/2 863/2/2 866/2/2
f 866/2/2 863/2/2 867/2/2
f 865/2/2 866/2/2 868/2/2
f 868/2/2 866/2/2 869/2/2
f 870/2/2 871/2/2 873/2/2
f 873/2/2 871/2/2 874/2/2
f 873/2/2 874/2/2 876/2/2
f 874/2/2 875/2/2 876/2/2
f 872/2/2 873/2/2 876/2/2
f 876/2/2 875/2/2 877/2/2
f 877/2/2 875/2/2 878/2/2
f 878/2/2 875/2/2 879/2/2
f 877/2/2 878/2/2 880/2/2
f 880/2/2 878/2/2 881/2/2
f 882/4/2 883/4/2 884/4/2
f 884/4/2 883/4/2 885/4/2
f 886/3/2 887/3/2 890/3/2
f 890/3/2 887/3/2 891/3/2
f 888/3/2 889/3/2 892/3/2
f 892/3/2 889/3/2 893/3/2
f 893/3/2 894/3/2 896/3/2
f 896/3/2 894/3/2 897/3/2
f 895/3/2 896/3/2 898/3/2
f 898/3/2 896/3/2 899/3/2
f 900/3/2 901/3/2 904/3/2
f 904/3/2 901/3/2 905/3/2
f 905/3/2 901/3/2 906/3/2
f 902/3/2 903/3/2 909/3/2
f 906/3/2 907/3/2 911/3/2
f 905/3/2 906/3/2 911/3/2
f 911/3/2 907/3/2 912/3/2
f 908/3/2 909/3/2 913/3/2
f 911/3/2 912/3/2 914/3/2
f 912/3/2 913/3/2 914/3/2
f 910/3/2 911/3/2 914/3/2
f 909/3/2 903/3/2 915/3/2
f 914/3/2 913/3/2 915/3/2
f 913/3/2 909/3/2 915/3/2
f 916/2/2 917/2/2 919/2/2
f 919/2/2 917/2/2 920/2/2
f 918/2/2 919/2/2 921/2/2
f 921/2/2 919/2/2 922/2/2
f 923/2/2 924/2/2 925/2/2
f 925/2/2 924/2/2 926/2/2
f 927/2/2 928/2/2 929/2/2
f 929/2/2 928/2/2 930/2/2
f 931/4/2 932/4/2 933/4/2
f 933/4/2 932/4/2 934/4/2
f 935/2/2 936/2/2 938/2/2
f 938/2/2 936/2/2 939/2/2
f 937/2/2 938/2/2 943/2/2
f 943/2/2 938/2/2 944/2/2
f 940/2/2 941/2/2 945/2/2
f 945/2/2 941/2/2 946/2/2
f 942/2/2 943/2/2 948/2/2
f 948/2/2 943/2/2 949/2/2
f 946/2/2 947/2/2 952/2/2
f 952/2/2 947/2/2 953/2/2
f 949/2/2 950/2/2 954/2/2
f 954/2/2 950/2/2 955/2/2
f 951/2/2 952/2/2 956/2/2
f 956/2/2 952/2/2 957/2/2
f 955/5/2 956/5/2 959/5/2
f 959/5/2 956/5/2 960/5/2
f 958/2/2 959/2/2 963/2/2
f 963/2/2 959/2/2 964/2/2
f 960/2/2 961/2/2 965/2/2
f 965/2/2 961/2/2 966/2/2
f 962/2/2 963/2/2 968/2/2
f 968/2/2 963/2/2 969/2/2
f 966/2/2 967/2/2 970/2/2
f 970/2/2 967/2/2 971/2/2
f 972/2/2 973/2/2 976/2/2
f 976/2/2 973/2/2 977/2/2
f 974/2/2 975/2/2 980/2/2
f 980/2/2 975/2/2 981/2/2
f 977/2/2 978/2/2 982/2/2
f 982/2/2 978/2/2 983/2/2
f 979/2/2 980/2/2 984/2/2
f 984/2/2 980/2/2 985/2/2
f 983/5/2 984/5/2 987/5/2
f 986/4/2 987/4/2 989/4/2
f 987/5/2 984/5/2 990/5/2
f 989/4/2 987/4/2 990/4/2
f 990/5/2 984/5/2 991/5/2
f 991/5/2 984/5/2 992/5/2
f 992/5/2 984/5/2 993/5/2
f 988/4/2 989/4/2 995/4/2
f 995/4/2 989/4/2 996/4/2
f 993/2/2 994/2/2 998/2/2
f 998/2/2 994/2/2 999/2/2
f 996/2/2 997/2/2 1000/2/2
f 1000/2/2 997/2/2 1001/2/2
f 1002/3/2 1003/3/2 1004/3/2
f 1004/3/2 1003/3/2 1005/3/2
f 1005/3/2 1003/3/2 1007/3/2
f 1006/3/2 1007/3/2 1008/3/2
f 1007/3/2 1003/3/2 1009/3/2
f 1008/3/2 1007/3/2 1009/3/2
f 1010/2/2 1011/2/2 1013/2/2
f 1013/2/2 1011/2/2 1014/2/2
f 1012/2/2 1013/2/2 1017/2/2
f 1017/2/2 1013/2/2 1018/2/2
f 1015/2/2 1016/2/2 1019/2/2
f 1019/2/2 1016/2/2 1020/2/2
f 1018/2/2 1019/2/2 1021/2/2
f 1021/2/2 1019/2/2 1022/2/2
f 1023/2/2 1024/2/2 1026/2/2
f 1026/2/2 1024/2/2 1027/2/2
f 1025/2/2 1026/2/2 1030/2/2
f 1030/2/2 1026/2/2 1031/2/2
f 1027/2/2 1028/2/2 1032/2/2
f 1032/2/2 1028/2/2 1033/2/2
f 1029/2/2 1030/2/2 1035/2/2
f 1035/2/2 1030/2/2 1036/2/2
f 1033/2/2 1034/2/2 1037/2/2
f 1037/2/2 1034/2/2 1038/2/2
f 1039/4/2 1040/4/2 1041/4/2
f 1039/4/2 1041/4/2 1043/4/2
f 1043/4/2 1041/4/2 1044/4/2
f 1044/4/2 1041/4/2 1045/4/2
f 1041/2/2 1042/2/2 1046/2/2
f 1045/4/2 1041/4/2 1046/4/2
f 1046/2/2 1042/2/2 1047/2/2
f 1044/4/2 1045/4/2 1051/4/2
f 1051/4/2 1045/4/2 1052/4/2
f 1047/2/2 1048/2/2 1053/2/2
f 1053/2/2 1048/2/2 1054/2/2
f 1049/3/2 1050/3/2 1055/3/2
f 1055/3/2 1050/3/2 1056/3/2
f 1057/3/2 1058/3/2 1059/3/2
f 1059/3/2 1058/3/2 1060/3/2
f 1061/2/2 1062/2/2 1064/2/2
f 1064/2/2 1062/2/2 1065/2/2
f 1065/2/2 1066/2/2 1067/2/2
f 1067/2/2 1066/2/2 1068/2/2
f 1063/2/2 1064/2/2 1069/2/2
f 1069/2/2 1064/2/2 1070/2/2
f 1071/2/2 1072/2/2 1073/2/2
f 1073/2/2 1072/2/2 1074/2/2
f 1075/3/2 1076/3/2 1077/3/2
f 1077/3/2 1076/3/2 1078/3/2
f 1078/3/2 1079/3/2 1081/3/2
f 1081/3/2 1079/3/2 1082/3/2
f 1080/3/2 1081/3/2 1083/3/2
f 1083/3/2 1081/3/2 1084/3/2
f 1087/2/2 1088/2/2 1089/2/2
f 1089/2/2 1088/2/2 1090/2/2
f 1085/2/2 1086/2/2 1091/2/2
f 1091/2/2 1086/2/2 1092/2/2
f 1089/4/2 1090/4/2 1093/4/2
f 1093/4/2 1090/4/2 1094/4/2
f 1091/4/2 1092/4/2 1095/4/2
f 1095/4/2 1092/4/2 1096/4/2
f 1094/4/2 1095/4/2 1097/4/2
f 1097/4/2 1095/4/2 1098/4/2
f 1099/3/2 1100/3/2 1101/3/2
f 1101/3/2 1100/3/2 1102/3/2
f 1102/3/2 1103/3/2 1105/3/2
f 1105/3/2 1103/3/2 1106/3/2
f 1104/3/2 1105/3/2 1107/3/2
f 1107/3/2 1105/3/2 1108/3/2
f 1109/4/2 1110/4/2 1113/4/2
f 1113/4/2 1110/4/2 1114/4/2
f 1111/4/2 1112/4/2 1117/4/2
f 1117/4/2 1112/4/2 1118/4/2
f 1114/2/2 1115/2/2 1119/2/2
f 1119/2/2 1115/2/2 1120/2/2
f 1116/2/2 1117/2/2 1121/2/2
f 1121/2/2 1117/2/2 1122/2/2
f 1123/2/2 1124/2/2 1127/2/2
f 1127/2/2 1124/2/2 1128/2/2
f 1125/2/2 1126/2/2 1129/2/2
f 1129/2/2 1126/2/2 1130/2/2
f 1131/2/2 1132/2/2 1133/2/2
f 1133/2/2 1132/2/2 1134/2/2
f 1135/2/2 1136/2/2 1139/2/2
f 1139/2/2 1136/2/2 1140/2/2
f 1137/2/2 1138/2/2 1141/2/2
f 1141/2/2 1138/2/2 1142/2/2
f 1143/4/2 1144/4/2 1147/4/2
f 1147/4/2 1144/4/2 1148/4/2
f 1145/4/2 1146/4/2 1151/4/2
f 1151/4/2 1146/4/2 1152/4/2
f 1148/4/2 1149/4/2 1153/4/2
f 1153/4/2 1149/4/2 1154/4/2
f 1150/4/2 1151/4/2 1155/4/2
f 1155/4/2 1151/4/2 1156/4/2
f 1157/4/2 1158/4/2 1159/4/2
f 1159/4/2 1158/4/2 1160/4/2
f 1161/3/2 1162/3/2 1163/3/2
f 1163/3/2 1162/3/2 1164/3/2
f 1164/3/2 1162/3/2 1166/3/2
f 1165/3/2 1166/3/2 1167/3/2
f 1166/3/2 1162/3/2 1168/3/2
f 1167/3/2 1166/3/2 1168/3/2
f 1169/2/2 1170/2/2 1173/2/2
f 1173/2/2 1170/2/2 1174/2/2
f 1171/2/2 1172/2/2 1177/2/2
f 1177/2/2 1172/2/2 1178/2/2
f 1174/5/2 1175/5/2 1179/5/2
f 1176/5/2 1177/5/2 1180/5/2
f 1174/5/2 1179/5/2 1181/5/2
f 1179/5/2 1180/5/2 1181/5/2
f 1180/5/2 1177/5/2 1182/5/2
f 1181/5/2 1180/5/2 1182/5/2
f 1174/5/2 1181/5/2 1184/5/2
f 1184/5/2 1181/5/2 1185/5/2
f 1182/5/2 1177/5/2 1186/5/2
f 1186/5/2 1177/5/2 1187/5/2
f 1183/2/2 1184/2/2 1189/2/2
f 1189/2/2 1184/2/2 1190/2/2
f 1187/2/2 1188/2/2 1193/2/2
f 1193/2/2 1188/2/2 1194/2/2
f 1190/5/2 1191/5/2 1195/5/2
f 1192/5/2 1193/5/2 1196/5/2
f 1190/5/2 1195/5/2 1197/5/2
f 1195/5/2 1196/5/2 1197/5/2
f 1196/5/2 1193/5/2 1198/5/2
f 1197/5/2 1196/5/2 1198/5/2
f 1190/5/2 1197/5/2 1200/5/2
f 1200/5/2 1197/5/2 1201/5/2
f 1198/5/2 1193/5/2 1202/5/2
f 1202/5/2 1193/5/2 1203/5/2
f 1199/2/2 1200/2/2 1205/2/2
f 1205/2/2 1200/2/2 1206/2/2
f 1203/2/2 1204/2/2 1207/2/2
f 1207/2/2 1204/2/2 1208/2/2
f 1205/4/2 1206/4/2 1209/4/2
f 1209/4/2 1206/4/2 1210/4/2
f 1207/4/2 1208/4/2 1213/4/2
f 1213/4/2 1208/4/2 1214/4/2
f 1210/4/2 1211/4/2 1215/4/2
f 1215/4/2 1211/4/2 1216/4/2
f 1212/4/2 1213/4/2 1217/4/2
f 1217/4/2 1213/4/2 1218/4/2
f 1216/4/2 1217/4/2 1219/4/2
f 1219/4/2 1217/4/2 1220/4/2
f 1221/2/2 1222/2/2 1225/2/2
f 1225/2/2 1222/2/2 1226/2/2
f 1223/2/2 1224/2/2 1227/2/2
f 1227/2/2 1224/2/2 1228/2/2
f 1226/2/2 1227/2/2 1229/2/2
f 1229/2/2 1227/2/2 1230/2/2
f 1231/2/2 1232/2/2 1234/2/2
f 1234/2/2 1232/2/2 1235/2/2
f 1234/2/2 1235/2/2 1237/2/2
f 1235/2/2 1236/2/2 1237/2/2
f 1233/2/2 1234/2/2 1237/2/2
f 1237/2/2 1236/2/2 1238/2/2
f 1238/2/2 1236/2/2 1239/2/2
f 1239/2/2 1236/2/2 1240/2/2
f 1238/2/2 1239/2/2 1241/2/2
f 1241/2/2 1239/2/2 1242/2/2
f 1243/2/2 1244/2/2 1246/2/2
f 1246/2/2 1244/2/2 1247/2/2
f 1246/2/2 1247/2/2 1249/2/2
f 1247/2/2 1248/2/2 1249/2/2
f 1245/2/2 1246/2/2 1249/2/2
f 1249/2/2 1248/2/2 1250/2/2
f 1245/2/2 1249/2/2 1251/2/2
f 1249/4/2 1250/4/2 1252/4/2
f 1251/2/2 1249/2/2 1252/2/2
f 1250/2/2 1248/2/2 1253/2/2
f 1252/4/2 1250/4/2 1253/4/2
f 1253/2/2 1248/2/2 1254/2/2
f 1251/4/2 1252/4/2 1255/4/2
f 1252/4/2 1253/4/2 1255/4/2
f 1253/4/2 1254/4/2 1255/4/2
f 1255/4/2 1254/4/2 1256/4/2
f 1256/4/2 1254/4/2 1257/4/2
f 1257/4/2 1254/4/2 1258/4/2
f 1256/4/2 1257/4/2 1259/4/2
f 1259/4/2 1257/4/2 1260/4/2
f 1261/4/2 1262/4/2 1263/4/2
f 1263/4/2 1262/4/2 1264/4/2
f 1265/4/2 1266/4/2 1267/4/2
f 1267/4/2 1266/4/2 1268/4/2
f 1269/2/2 1270/2/2 1271/2/2
f 1271/2/2 1270/2/2 1272/2/2
f 1272/2/2 1273/2/2 1275/2/2
f 1275/2/2 1273/2/2 1276/2/2
f 1274/2/2 1275/2/2 1277/2/2
f 1277/2/2 1275/2/2 1278/2/2
f 1279/4/2 1280/4/2 1285/4/2
f 1285/4/2 1280/4/2 1286/4/2
f 1286/4/2 1280/4/2 1287/4/2
f 1281/2/2 1282/2/2 1288/2/2
f 1288/2/2 1282/2/2 1289/2/2
f 1283/2/2 1284/2/2 1290/2/2
f 1290/2/2 1284/2/2 1291/2/2
f 1291/2/2 1292/2/2 1299/2/2
f 1299/2/2 1292/2/2 1300/2/2
f 1293/4/2 1294/4/2 1301/4/2
f 1294/4/2 1295/4/2 1301/4/2
f 1301/4/2 1295/4/2 1302/4/2
f 1296/2/2 1297/2/2 1303/2/2
f 1303/2/2 1297/2/2 1304/2/2
f 1298/2/2 1299/2/2 1305/2/2
f 1305/2/2 1299/2/2 1306/2/2
f 1307/2/2 1308/2/2 1312/2/2
f 1312/2/2 1308/2/2 1313/2/2
f 1309/2/2 1310/2/2 1314/2/2
f 1314/2/2 1310/2/2 1315/2/2
f 1311/2/2 1312/2/2 1317/2/2
f 1317/2/2 1312/2/2 1318/2/2
f 1313/5/2 1314/5/2 1319/5/2
f 1319/5/2 1314/5/2 1320/5/2
f 1313/5/2 1319/5/2 1323/5/2
f 1321/2/2 1322/2/2 1325/2/2
f 1325/2/2 1322/2/2 1326/2/2
f 1323/5/2 1324/5/2 1327/5/2
f 1313/5/2 1323/5/2 1327/5/2
f 1327/5/2 1324/5/2 1328/5/2
f 1315/2/2 1316/2/2 1329/2/2
f 1329/2/2 1316/2/2 1330/2/2
f 1326/2/2 1327/2/2 1331/2/2
f 1331/2/2 1327/2/2 1332/2/2
f 1328/2/2 1329/2/2 1333/2/2
f 1333/2/2 1329/2/2 1334/2/2
f 1335/2/2 1336/2/2 1340/2/2
f 1337/2/2 1338/2/2 1342/2/2
f 1339/4/2 1340/4/2 1343/4/2
f 1340/2/2 1336/2/2 1344/2/2
f 1343/4/2 1340/4/2 1344/4/2
f 1341/2/2 1342/2/2 1345/2/2
f 1342/2/2 1338/2/2 1346/2/2
f 1345/2/2 1342/2/2 1346/2/2
f 1344/2/2 1336/2/2 1347/2/2
f 1347/2/2 1336/2/2 1348/2/2
f 1346/2/2 1338/2/2 1349/2/2
f 1349/2/2 1338/2/2 1350/2/2
f 1353/4/3 1352/4/3 1351/4/3
f 1354/4/3 1352/4/3 1353/4/3
f 1359/4/3 1356/4/3 1355/4/3
f 1360/4/3 1356/4/3 1359/4/3
f 1361/4/3 1358/4/3 1357/4/3
f 1362/4/3 1358/4/3 1361/4/3
f 1365/4/3 1364/4/3 1363/4/3
f 1366/4/3 1364/4/3 1365/4/3
f 1369/4/3 1368/4/3 1367/4/3
f 1370/4/3 1368/4/3 1369/4/3
f 1375/4/3 1372/4/3 1371/4/3
f 1376/4/3 1372/4/3 1375/4/3
f 1377/4/3 1374/4/3 1373/4/3
f 1378/4/3 1374/4/3 1377/4/3
f 1381/4/3 1380/4/3 1379/4/3
f 1382/4/3 1380/4/3 1381/4/3
f 1387/2/3 1384/2/3 1383/2/3
f 1387/2/3 1386/2/3 1385/2/3
f 1387/2/3 1385/2/3 1384/2/3
f 1388/2/3 1386/2/3 1387/2/3
f 1389/2/3 1388/2/3 1387/2/3
f 1390/2/3 1388/2/3 1389/2/3
f 1391/2/3 1390/2/3 1389/2/3
f 1392/2/3 1390/2/3 1391/2/3
f 1393/2/3 1390/2/3 1392/2/3
f 1394/2/3 1390/2/3 1393/2/3
f 1399/2/3 1396/2/3 1395/2/3
f 1399/2/3 1398/2/3 1397/2/3
f 1399/2/3 1397/2/3 1396/2/3
f 1400/2/3 1398/2/3 1399/2/3
f 1401/2/3 1400/2/3 1399/2/3
f 1402/2/3 1400/2/3 1401/2/3
f 1403/2/3 1402/2/3 1401/2/3
f 1404/2/3 1402/2/3 1403/2/3
f 1405/2/3 1402/2/3 1404/2/3
f 1406/2/3 1402/2/3 1405/2/3
f 1412/2/3 1408/2/3 1407/2/3
f 1413/2/3 1408/2/3 1412/2/3
f 1414/2/3 1410/2/3 1409/2/3
f 1415/2/3 1410/2/3 1414/2/3
f 1417/2/3 1412/2/3 1411/2/3
f 1418/2/3 1412/2/3 1417/2/3
f 1419/2/3 1416/2/3 1415/2/3
f 1420/2/3 1416/2/3 1419/2/3
f 1425/2/3 1422/2/3 1421/2/3
f 1426/2/3 1422/2/3 1425/2/3
f 1429/2/3 1424/2/3 1423/2/3
f 1430/2/3 1424/2/3 1429/2/3
f 1431/2/3 1427/2/3 1426/2/3
f 1432/2/3 1427/2/3 1431/2/3
f 1433/2/3 1429/2/3 1428/2/3
f 1434/2/3 1429/2/3 1433/2/3
f 1440/2/3 1436/2/3 1435/2/3
f 1441/2/3 1436/2/3 1440/2/3
f 1442/2/3 1438/2/3 1437/2/3
f 1443/2/3 1438/2/3 1442/2/3
f 1445/2/3 1440/2/3 1439/2/3
f 1446/2/3 1440/2/3 1445/2/3
f 1447/2/3 1444/2/3 1443/2/3
f 1448/2/3 1444/2/3 1447/2/3
f 1453/2/3 1450/2/3 1449/2/3
f 1454/2/3 1450/2/3 1453/2/3
f 1457/2/3 1452/2/3 1451/2/3
f 1458/2/3 1452/2/3 1457/2/3
f 1459/2/3 1455/2/3 1454/2/3
f 1460/2/3 1455/2/3 1459/2/3
f 1461/2/3 1457/2/3 1456/2/3
f 1462/2/3 1457/2/3 1461/2/3
f 1468/3/3 1464/3/3 1463/3/3
f 1469/3/3 1464/3/3 1468/3/3
f 1470/3/3 1466/3/3 1465/3/3
f 1471/3/3 1466/3/3 1470/3/3
f 1473/3/3 1468/3/3 1467/3/3
f 1474/3/3 1468/3/3 1473/3/3
f 1475/3/3 1472/3/3 1471/3/3
f 1476/3/3 1472/3/3 1475/3/3
f 1481/3/3 1478/3/3 1477/3/3
f 1482/3/3 1478/3/3 1481/3/3
f 1485/3/3 1480/3/3 1479/3/3
f 1486/3/3 1480/3/3 1485/3/3
f 1487/3/3 1483/3/3 1482/3/3
f 1488/3/3 1483/3/3 1487/3/3
f 1489/3/3 1485/3/3 1484/3/3
f 1490/3/3 1485/3/3 1489/3/3
f 1496/3/3 1492/3/3 1491/3/3
f 1497/3/3 1492/3/3 1496/3/3
f 1498/3/3 1494/3/3 1493/3/3
f 1499/3/3 1494/3/3 1498/3/3
f 1501/3/3 1496/3/3 1495/3/3
f 1502/3/3 1496/3/3 1501/3/3
f 1503/3/3 1500/3/3 1499/3/3
f 1504/3/3 1500/3/3 1503/3/3
f 1509/3/3 1506/3/3 1505/3/3
f 1510/3/3 1506/3/3 1509/3/3
f 1513/3/3 1508/3/3 1507/3/3
f 1514/3/3 1508/3/3 1513/3/3
f 1515/3/3 1511/3/3 1510/3/3
f 1516/3/3 1511/3/3 1515/3/3
f 1517/3/3 1513/3/3 1512/3/3
f 1518/3/3 1513/3/3 1517/3/3
f 1521/3/3 1520/3/3 1519/3/3
f 1522/3/3 1520/3/3 1521/3/3
f 1527/3/3 1524/3/3 1523/3/3
f 1528/3/3 1524/3/3 1527/3/3
f 1529/3/3 1526/3/3 1525/3/3
f 1530/3/3 1526/3/3 1529/3/3
f 1535/4/3 1532/4/3 1531/4/3
f 1537/3/3 1534/3/3 1533/3/3
f 1538/3/3 1534/3/3 1537/3/3
f 1539/4/3 1536/4/3 1535/4/3
f 1539/4/3 1535/4/3 1531/4/3
f 1540/4/3 1536/4/3 1539/4/3
f 1543/4/3 1539/4/3 1531/4/3
f 1544/4/3 1539/4/3 1543/4/3
f 1545/3/3 1542/3/3 1541/3/3
f 1546/3/3 1542/3/3 1545/3/3
f 1551/3/3 1548/3/3 1547/3/3
f 1552/3/3 1548/3/3 1551/3/3
f 1553/3/3 1550/3/3 1549/3/3
f 1554/3/3 1550/3/3 1553/3/3
f 1557/3/3 1556/3/3 1555/3/3
f 1558/3/3 1556/3/3 1557/3/3
f 1561/2/3 1560/2/3 1559/2/3
f 1562/2/3 1560/2/3 1561/2/3
f 1567/2/3 1564/2/3 1563/2/3
f 1568/2/3 1564/2/3 1567/2/3
f 1569/2/3 1566/2/3 1565/2/3
f 1570/2/3 1566/2/3 1569/2/3
f 1573/2/3 1572/2/3 1571/2/3
f 1574/2/3 1572/2/3 1573/2/3
f 1577/4/3 1576/4/3 1575/4/3
f 1578/4/3 1576/4/3 1577/4/3
f 1581/6/3 1580/6/3 1579/6/3
f 1582/6/3 1580/6/3 1581/6/3
f 1587/1/3 1582/1/3 1581/1/3
f 1588/1/3 1582/1/3 1587/1/3
f 1592/2/3 1584/2/3 1583/2/3
f 1593/2/3 1584/2/3 1592/2/3
f 1596/4/3 1586/4/3 1585/4/3
f 1597/4/3 1586/4/3 1596/4/3
f 1599/6/3 1588/6/3 1587/6/3
f 1600/6/3 1588/6/3 1599/6/3
f 1602/2/3 1590/2/3 1589/2/3
f 1603/2/3 1590/2/3 1602/2/3
f 1605/2/3 1599/2/3 1598/2/3
f 1605/2/3 1598/2/3 1597/2/3
f 1606/2/3 1599/2/3 1605/2/3
f 1607/2/3 1599/2/3 1606/2/3
f 1609/2/3 1604/2/3 1603/2/3
f 1609/2/3 1603/2/3 1602/2/3
f 1609/2/3 1602/2/3 1601/2/3
f 1610/2/3 1604/2/3 1609/2/3
f 1611/2/3 1604/2/3 1610/2/3
f 1612/2/3 1604/2/3 1611/2/3
f 1614/2/3 1608/2/3 1607/2/3
f 1614/2/3 1607/2/3 1606/2/3
f 1615/2/3 1608/2/3 1614/2/3
f 1616/2/3 1608/2/3 1615/2/3
f 1617/2/3 1611/2/3 1610/2/3
f 1618/2/3 1611/2/3 1617/2/3
f 1619/2/3 1594/2/3 1593/2/3
f 1619/2/3 1592/2/3 1591/2/3
f 1619/2/3 1593/2/3 1592/2/3
f 1620/2/3 1594/2/3 1619/2/3
f 1621/2/3 1594/2/3 1620/2/3
f 1622/2/3 1594/2/3 1621/2/3
f 1623/4/3 1596/4/3 1595/4/3
f 1624/4/3 1596/4/3 1623/4/3
f 1625/2/3 1615/2/3 1614/2/3
f 1625/2/3 1614/2/3 1613/2/3
f 1626/2/3 1615/2/3 1625/2/3
f 1627/2/3 1615/2/3 1626/2/3
f 1629/2/3 1621/2/3 1620/2/3
f 1630/2/3 1621/2/3 1629/2/3
f 1631/4/3 1625/4/3 1624/4/3
f 1632/4/3 1625/4/3 1631/4/3
f 1633/6/3 1628/6/3 1627/6/3
f 1634/6/3 1628/6/3 1633/6/3
f 1635/1/3 1634/1/3 1633/1/3
f 1636/1/3 1634/1/3 1635/1/3
f 1639/6/3 1636/6/3 1635/6/3
f 1640/6/3 1636/6/3 1639/6/3
f 1641/4/3 1638/4/3 1637/4/3
f 1642/4/3 1638/4/3 1641/4/3
f 1645/2/3 1644/2/3 1643/2/3
f 1646/2/3 1644/2/3 1645/2/3
f 1651/2/3 1648/2/3 1647/2/3
f 1652/2/3 1648/2/3 1651/2/3
f 1653/2/3 1650/2/3 1649/2/3
f 1654/2/3 1650/2/3 1653/2/3
f 1657/2/3 1656/2/3 1655/2/3
f 1658/2/3 1656/2/3 1657/2/3
f 1664/2/3 1660/2/3 1659/2/3
f 1665/2/3 1660/2/3 1664/2/3
f 1666/2/3 1662/2/3 1661/2/3
f 1667/2/3 1662/2/3 1666/2/3
f 1669/2/3 1664/2/3 1663/2/3
f 1670/2/3 1664/2/3 1669/2/3
f 1671/2/3 1668/2/3 1667/2/3
f 1672/2/3 1668/2/3 1671/2/3
f 1677/2/3 1674/2/3 1673/2/3
f 1678/2/3 1674/2/3 1677/2/3
f 1681/2/3 1676/2/3 1675/2/3
f 1682/2/3 1676/2/3 1681/2/3
f 1683/2/3 1679/2/3 1678/2/3
f 1684/2/3 1679/2/3 1683/2/3
f 1685/2/3 1681/2/3 1680/2/3
f 1686/2/3 1681/2/3 1685/2/3
f 1694/2/3 1688/2/3 1687/2/3
f 1695/2/3 1688/2/3 1694/2/3
f 1698/2/3 1690/2/3 1689/2/3
f 1699/2/3 1690/2/3 1698/2/3
f 1702/2/3 1692/2/3 1691/2/3
f 1703/4/3 1693/4/3 1692/4/3
f 1703/2/3 1692/2/3 1702/2/3
f 1704/4/3 1693/4/3 1703/4/3
f 1707/2/3 1696/2/3 1695/2/3
f 1708/2/3 1696/2/3 1707/2/3
f 1709/2/3 1700/2/3 1699/2/3
f 1709/2/3 1698/2/3 1697/2/3
f 1709/2/3 1699/2/3 1698/2/3
f 1710/2/3 1700/2/3 1709/2/3
f 1711/2/3 1700/2/3 1710/2/3
f 1712/2/3 1700/2/3 1711/2/3
f 1713/2/3 1702/2/3 1701/2/3
f 1713/2/3 1704/2/3 1703/2/3
f 1713/2/3 1703/2/3 1702/2/3
f 1714/2/3 1704/2/3 1713/2/3
f 1715/4/3 1705/4/3 1704/4/3
f 1715/2/3 1704/2/3 1714/2/3
f 1716/4/3 1705/4/3 1715/4/3
f 1720/2/3 1707/2/3 1706/2/3
f 1721/2/3 1707/2/3 1720/2/3
f 1722/2/3 1711/2/3 1710/2/3
f 1723/2/3 1711/2/3 1722/2/3
f 1724/2/3 1716/2/3 1715/2/3
f 1724/2/3 1715/2/3 1714/2/3
f 1725/2/3 1716/2/3 1724/2/3
f 1727/2/3 1718/2/3 1717/2/3
f 1728/4/3 1719/4/3 1718/4/3
f 1728/2/3 1718/2/3 1727/2/3
f 1729/4/3 1719/4/3 1728/4/3
f 1733/2/3 1729/2/3 1728/2/3
f 1733/2/3 1727/2/3 1726/2/3
f 1733/2/3 1728/2/3 1727/2/3
f 1734/4/3 1719/4/3 1729/4/3
f 1734/2/3 1729/2/3 1733/2/3
f 1735/4/3 1719/4/3 1734/4/3
f 1739/2/3 1731/2/3 1730/2/3
f 1740/2/3 1731/2/3 1739/2/3
f 1743/2/3 1733/2/3 1732/2/3
f 1744/2/3 1733/2/3 1743/2/3
f 1745/2/3 1735/2/3 1734/2/3
f 1746/2/3 1735/2/3 1745/2/3
f 1748/4/3 1737/4/3 1736/4/3
f 1749/4/3 1737/4/3 1748/4/3
f 1751/2/3 1739/2/3 1738/2/3
f 1752/2/3 1739/2/3 1751/2/3
f 1753/2/3 1741/2/3 1740/2/3
f 1754/2/3 1741/2/3 1753/2/3
f 1757/2/3 1751/2/3 1750/2/3
f 1758/2/3 1751/2/3 1757/2/3
f 1762/2/3 1756/2/3 1755/2/3
f 1763/2/3 1756/2/3 1762/2/3
f 1764/2/3 1759/2/3 1758/2/3
f 1765/2/3 1759/2/3 1764/2/3
f 1766/2/3 1761/2/3 1760/2/3
f 1767/2/3 1761/2/3 1766/2/3
f 1768/2/3 1743/2/3 1742/2/3
f 1769/2/3 1743/2/3 1768/2/3
f 1772/2/3 1747/2/3 1746/2/3
f 1773/2/3 1747/2/3 1772/2/3
f 1776/2/3 1766/2/3 1765/2/3
f 1777/2/3 1766/2/3 1776/2/3
f 1778/2/3 1770/2/3 1769/2/3
f 1779/2/3 1770/2/3 1778/2/3
f 1780/2/3 1772/2/3 1771/2/3
f 1781/2/3 1772/2/3 1780/2/3
f 1782/4/3 1775/4/3 1774/4/3
f 1783/4/3 1775/4/3 1782/4/3
f 1790/2/3 1780/2/3 1779/2/3
f 1791/2/3 1780/2/3 1790/2/3
f 1792/2/3 1780/2/3 1791/2/3
f 1793/4/3 1781/4/3 1780/4/3
f 1793/2/3 1780/2/3 1792/2/3
f 1794/2/3 1785/2/3 1784/2/3
f 1795/2/3 1785/2/3 1794/2/3
f 1798/2/3 1787/2/3 1786/2/3
f 1799/2/3 1787/2/3 1798/2/3
f 1802/2/3 1789/2/3 1788/2/3
f 1803/2/3 1789/2/3 1802/2/3
f 1804/2/3 1789/2/3 1803/2/3
f 1805/2/3 1792/2/3 1791/2/3
f 1806/4/3 1793/4/3 1792/4/3
f 1806/2/3 1792/2/3 1805/2/3
f 1807/4/3 1781/4/3 1793/4/3
f 1807/4/3 1793/4/3 1806/4/3
f 1809/2/3 1796/2/3 1795/2/3
f 1810/2/3 1796/2/3 1809/2/3
f 1811/2/3 1800/2/3 1799/2/3
f 1811/2/3 1798/2/3 1797/2/3
f 1811/2/3 1799/2/3 1798/2/3
f 1812/2/3 1800/2/3 1811/2/3
f 1813/2/3 1800/2/3 1812/2/3
f 1814/2/3 1800/2/3 1813/2/3
f 1815/2/3 1802/2/3 1801/2/3
f 1815/2/3 1803/2/3 1802/2/3
f 1816/2/3 1803/2/3 1815/2/3
f 1817/2/3 1803/2/3 1816/2/3
f 1818/4/3 1804/4/3 1803/4/3
f 1818/2/3 1803/2/3 1817/2/3
f 1819/4/3 1804/4/3 1818/4/3
f 1820/2/3 1809/2/3 1808/2/3
f 1821/2/3 1809/2/3 1820/2/3
f 1822/2/3 1813/2/3 1812/2/3
f 1823/2/3 1813/2/3 1822/2/3
f 1824/2/3 1817/2/3 1816/2/3
f 1825/4/3 1818/4/3 1817/4/3
f 1825/2/3 1817/2/3 1824/2/3
f 1826/4/3 1818/4/3 1825/4/3
f 1832/2/3 1828/2/3 1827/2/3
f 1833/2/3 1828/2/3 1832/2/3
f 1834/2/3 1830/2/3 1829/2/3
f 1835/2/3 1830/2/3 1834/2/3
f 1837/2/3 1832/2/3 1831/2/3
f 1838/2/3 1832/2/3 1837/2/3
f 1839/2/3 1836/2/3 1835/2/3
f 1840/2/3 1836/2/3 1839/2/3
f 1845/2/3 1842/2/3 1841/2/3
f 1846/2/3 1842/2/3 1845/2/3
f 1849/2/3 1844/2/3 1843/2/3
f 1850/2/3 1844/2/3 1849/2/3
f 1851/2/3 1847/2/3 1846/2/3
f 1852/2/3 1847/2/3 1851/2/3
f 1853/2/3 1849/2/3 1848/2/3
f 1854/2/3 1849/2/3 1853/2/3
f 1859/2/3 1856/2/3 1855/2/3
f 1860/2/3 1856/2/3 1859/2/3
f 1861/2/3 1858/2/3 1857/2/3
f 1862/2/3 1858/2/3 1861/2/3
f 1870/2/3 1864/2/3 1863/2/3
f 1871/2/3 1864/2/3 1870/2/3
f 1872/2/3 1866/2/3 1865/2/3
f 1873/2/3 1866/2/3 1872/2/3
f 1874/2/3 1868/2/3 1867/2/3
f 1875/4/3 1869/4/3 1868/4/3
f 1875/2/3 1868/2/3 1874/2/3
f 1876/4/3 1869/4/3 1875/4/3
f 1878/5/3 1872/5/3 1871/5/3
f 1879/5/3 1872/5/3 1878/5/3
f 1880/5/3 1872/5/3 1879/5/3
f 1881/5/3 1872/5/3 1880/5/3
f 1882/5/3 1874/5/3 1873/5/3
f 1883/5/3 1874/5/3 1882/5/3
f 1884/5/3 1874/5/3 1883/5/3
f 1885/5/3 1874/5/3 1884/5/3
f 1886/4/3 1877/4/3 1876/4/3
f 1887/4/3 1877/4/3 1886/4/3
f 1889/5/3 1861/5/3 1860/5/3
f 1892/5/3 1880/5/3 1879/5/3
f 1893/5/3 1880/5/3 1892/5/3
f 1896/5/3 1884/5/3 1883/5/3
f 1897/5/3 1884/5/3 1896/5/3
f 1899/4/3 1888/4/3 1887/4/3
f 1900/4/3 1888/4/3 1899/4/3
f 1901/5/3 1889/5/3 1860/5/3
f 1902/4/3 1890/4/3 1889/4/3
f 1902/5/3 1889/5/3 1901/5/3
f 1903/4/3 1890/4/3 1902/4/3
f 1906/5/3 1894/5/3 1893/5/3
f 1906/5/3 1892/5/3 1891/5/3
f 1906/5/3 1893/5/3 1892/5/3
f 1907/5/3 1894/5/3 1906/5/3
f 1908/5/3 1898/5/3 1897/5/3
f 1908/5/3 1897/5/3 1896/5/3
f 1908/5/3 1896/5/3 1895/5/3
f 1909/5/3 1898/5/3 1908/5/3
f 1911/2/3 1900/2/3 1899/2/3
f 1912/2/3 1900/2/3 1911/2/3
f 1914/5/3 1901/5/3 1860/5/3
f 1915/5/3 1901/5/3 1914/5/3
f 1918/2/3 1906/2/3 1905/2/3
f 1919/2/3 1906/2/3 1918/2/3
f 1920/2/3 1908/2/3 1907/2/3
f 1921/2/3 1908/2/3 1920/2/3
f 1923/5/3 1912/5/3 1911/5/3
f 1923/5/3 1911/5/3 1910/5/3
f 1924/5/3 1912/5/3 1923/5/3
f 1927/2/3 1914/2/3 1913/2/3
f 1928/2/3 1914/2/3 1927/2/3
f 1929/4/3 1904/4/3 1903/4/3
f 1930/4/3 1904/4/3 1929/4/3
f 1931/2/3 1917/2/3 1916/2/3
f 1932/2/3 1917/2/3 1931/2/3
f 1934/2/3 1923/2/3 1922/2/3
f 1935/2/3 1923/2/3 1934/2/3
f 1936/2/3 1925/2/3 1924/2/3
f 1937/2/3 1925/2/3 1936/2/3
f 1938/2/3 1927/2/3 1926/2/3
f 1939/2/3 1927/2/3 1938/2/3
f 1940/2/3 1930/2/3 1929/2/3
f 1941/2/3 1930/2/3 1940/2/3
f 1943/2/3 1934/2/3 1933/2/3
f 1944/2/3 1934/2/3 1943/2/3
f 1947/2/3 1946/2/3 1945/2/3
f 1948/2/3 1946/2/3 1947/2/3
f 1951/5/3 1938/5/3 1937/5/3
f 1952/5/3 1938/5/3 1951/5/3
f 1955/5/3 1942/5/3 1941/5/3
f 1956/5/3 1942/5/3 1955/5/3
f 1961/2/3 1949/2/3 1948/2/3
f 1962/2/3 1949/2/3 1961/2/3
f 1963/2/3 1951/2/3 1950/2/3
f 1964/2/3 1951/2/3 1963/2/3
f 1965/2/3 1953/2/3 1952/2/3
f 1966/2/3 1953/2/3 1965/2/3
f 1968/2/3 1955/2/3 1954/2/3
f 1969/2/3 1955/2/3 1968/2/3
f 1972/2/3 1958/2/3 1957/2/3
f 1973/2/3 1958/2/3 1972/2/3
f 1974/2/3 1960/2/3 1959/2/3
f 1975/2/3 1960/2/3 1974/2/3
f 1977/5/3 1963/5/3 1962/5/3
f 1978/5/3 1963/5/3 1977/5/3
f 1979/5/3 1963/5/3 1978/5/3
f 1980/2/3 1967/2/3 1966/2/3
f 1981/2/3 1967/2/3 1980/2/3
f 1983/2/3 1971/2/3 1970/2/3
f 1984/2/3 1971/2/3 1983/2/3
f 1985/5/3 1974/5/3 1973/5/3
f 1986/5/3 1974/5/3 1985/5/3
f 1987/5/3 1974/5/3 1986/5/3
f 1988/5/3 1974/5/3 1987/5/3
f 1989/5/3 1976/5/3 1975/5/3
f 1990/5/3 1976/5/3 1989/5/3
f 1991/5/3 1976/5/3 1990/5/3
f 1992/5/3 1976/5/3 1991/5/3
f 1993/2/3 1979/2/3 1978/2/3
f 1994/2/3 1979/2/3 1993/2/3
f 1995/5/3 1982/5/3 1981/5/3
f 1997/4/3 1969/4/3 1968/4/3
f 1998/4/3 1969/4/3 1997/4/3
f 2000/5/3 1987/5/3 1986/5/3
f 2001/5/3 1987/5/3 2000/5/3
f 2004/5/3 1991/5/3 1990/5/3
f 2005/5/3 1991/5/3 2004/5/3
f 2008/4/3 1994/4/3 1993/4/3
f 2009/4/3 1994/4/3 2008/4/3
f 2010/5/3 1996/5/3 1995/5/3
f 2010/4/3 1997/4/3 1996/4/3
f 2011/4/3 1997/4/3 2010/4/3
f 2013/5/3 2002/5/3 2001/5/3
f 2013/5/3 2000/5/3 1999/5/3
f 2013/5/3 2001/5/3 2000/5/3
f 2014/5/3 2002/5/3 2013/5/3
f 2015/5/3 2006/5/3 2005/5/3
f 2015/5/3 2005/5/3 2004/5/3
f 2015/5/3 2004/5/3 2003/5/3
f 2016/5/3 2006/5/3 2015/5/3
f 2018/4/3 2008/4/3 2007/4/3
f 2019/4/3 2008/4/3 2018/4/3
f 2020/2/3 2013/2/3 2012/2/3
f 2021/2/3 2013/2/3 2020/2/3
f 2022/2/3 2015/2/3 2014/2/3
f 2023/2/3 2015/2/3 2022/2/3
f 2024/2/3 2017/2/3 2016/2/3
f 2025/4/3 2018/4/3 2017/4/3
f 2025/2/3 2017/2/3 2024/2/3
f 2026/4/3 2018/4/3 2025/4/3
f 2028/5/3 1995/5/3 1981/5/3
f 2028/5/3 2010/5/3 1995/5/3
f 2029/5/3 2010/5/3 2028/5/3
f 2031/2/3 2028/2/3 2027/2/3
f 2032/2/3 2028/2/3 2031/2/3
f 2033/2/3 2030/2/3 2029/2/3
f 2034/2/3 2030/2/3 2033/2/3
f 2041/4/3 2036/4/3 2035/4/3
f 2042/4/3 2036/4/3 2041/4/3
f 2052/2/3 2038/2/3 2037/2/3
f 2053/2/3 2038/2/3 2052/2/3
f 2054/2/3 2040/2/3 2039/2/3
f 2055/2/3 2040/2/3 2054/2/3
f 2056/2/3 2043/2/3 2042/2/3
f 2057/2/3 2043/2/3 2056/2/3
f 2058/2/3 2045/2/3 2044/2/3
f 2059/2/3 2045/2/3 2058/2/3
f 2060/2/3 2047/2/3 2046/2/3
f 2061/2/3 2047/2/3 2060/2/3
f 2062/2/3 2049/2/3 2048/2/3
f 2063/2/3 2049/2/3 2062/2/3
f 2064/4/3 2051/4/3 2050/4/3
f 2065/4/3 2051/4/3 2064/4/3
f 2067/4/3 2066/4/3 2065/4/3
f 2068/4/3 2066/4/3 2067/4/3
f 2076/2/3 2070/2/3 2069/2/3
f 2077/2/3 2070/2/3 2076/2/3
f 2078/2/3 2072/2/3 2071/2/3
f 2079/2/3 2072/2/3 2078/2/3
f 2080/2/3 2074/2/3 2073/2/3
f 2081/2/3 2074/2/3 2080/2/3
f 2082/4/3 2076/4/3 2075/4/3
f 2083/4/3 2076/4/3 2082/4/3
f 2086/4/3 2085/4/3 2084/4/3
f 2087/4/3 2085/4/3 2086/4/3
f 2093/2/3 2088/2/3 2087/2/3
f 2094/2/3 2088/2/3 2093/2/3
f 2095/2/3 2090/2/3 2089/2/3
f 2096/2/3 2090/2/3 2095/2/3
f 2097/2/3 2092/2/3 2091/2/3
f 2098/2/3 2092/2/3 2097/2/3
f 2110/4/3 2100/4/3 2099/4/3
f 2111/4/3 2100/4/3 2110/4/3
f 2113/2/3 2102/2/3 2101/2/3
f 2114/2/3 2102/2/3 2113/2/3
f 2115/2/3 2104/2/3 2103/2/3
f 2116/2/3 2104/2/3 2115/2/3
f 2117/2/3 2106/2/3 2105/2/3
f 2118/2/3 2106/2/3 2117/2/3
f 2119/2/3 2108/2/3 2107/2/3
f 2120/2/3 2108/2/3 2119/2/3
f 2121/4/3 2110/4/3 2109/4/3
f 2122/4/3 2110/4/3 2121/4/3
f 2127/4/3 2113/4/3 2112/4/3
f 2128/4/3 2113/4/3 2127/4/3
f 2129/2/3 2124/2/3 2123/2/3
f 2130/2/3 2124/2/3 2129/2/3
f 2131/2/3 2126/2/3 2125/2/3
f 2132/2/3 2126/2/3 2131/2/3
f 2135/2/3 2134/2/3 2133/2/3
f 2136/2/3 2134/2/3 2135/2/3
f 2137/2/4 2138/2/4 2140/2/4
f 2140/2/4 2138/2/4 2141/2/4
f 2139/2/4 2140/2/4 2143/2/4
f 2143/2/4 2140/2/4 2144/2/4
f 2141/2/4 2142/2/4 2145/2/4
f 2145/2/4 2142/2/4 2146/2/4
f 2144/2/4 2145/2/4 2147/2/4
f 2147/2/4 2145/2/4 2148/2/4
f 2149/2/4 2150/2/4 2152/2/4
f 2152/2/4 2150/2/4 2153/2/4
f 2151/2/4 2152/2/4 2155/2/4
f 2155/2/4 2152/2/4 2156/2/4
f 2153/2/4 2154/2/4 2157/2/4
f 2157/2/4 2154/2/4 2158/2/4
f 2156/2/4 2157/2/4 2159/2/4
f 2159/2/4 2157/2/4 2160/2/4
f 2161/2/4 2162/2/4 2164/2/4
f 2164/2/4 2162/2/4 2165/2/4
f 2163/2/4 2164/2/4 2167/2/4
f 2167/2/4 2164/2/4 2168/2/4
f 2165/2/4 2166/2/4 2169/2/4
f 2169/2/4 2166/2/4 2170/2/4
f 2171/2/4 2172/2/4 2176/2/4
f 2173/4/4 2174/4/4 2177/4/4
f 2177/4/4 2174/4/4 2178/4/4
f 2175/2/4 2176/2/4 2179/2/4
f 2176/2/4 2172/2/4 2180/2/4
f 2179/2/4 2176/2/4 2180/2/4
f 2180/2/4 2172/2/4 2183/2/4
f 2183/2/4 2172/2/4 2184/2/4
f 2181/4/4 2182/4/4 2185/4/4
f 2185/4/4 2182/4/4 2186/4/4
f 2187/2/4 2188/2/4 2191/2/4
f 2191/2/4 2188/2/4 2192/2/4
f 2189/2/4 2190/2/4 2193/2/4
f 2193/2/4 2190/2/4 2194/2/4
f 2192/2/4 2193/2/4 2195/2/4
f 2195/2/4 2193/2/4 2196/2/4
f 2197/2/4 2198/2/4 2200/2/4
f 2200/2/4 2198/2/4 2201/2/4
f 2199/2/4 2200/2/4 2203/2/4
f 2203/2/4 2200/2/4 2204/2/4
f 2201/2/4 2202/2/4 2205/2/4
f 2205/2/4 2202/2/4 2206/2/4
f 2207/4/4 2208/4/4 2213/4/4
f 2213/4/4 2208/4/4 2214/4/4
f 2209/2/4 2210/2/4 2224/2/4
f 2224/2/4 2210/2/4 2225/2/4
f 2211/2/4 2212/2/4 2226/2/4
f 2226/2/4 2212/2/4 2227/2/4
f 2214/2/4 2215/2/4 2228/2/4
f 2228/2/4 2215/2/4 2229/2/4
f 2216/2/4 2217/2/4 2230/2/4
f 2230/2/4 2217/2/4 2231/2/4
f 2218/2/4 2219/2/4 2232/2/4
f 2232/2/4 2219/2/4 2233/2/4
f 2220/2/4 2221/2/4 2234/2/4
f 2234/2/4 2221/2/4 2235/2/4
f 2222/4/4 2223/4/4 2236/4/4
f 2236/4/4 2223/4/4 2237/4/4
f 2237/4/4 2238/4/4 2239/4/4
f 2239/4/4 2238/4/4 2240/4/4
f 2241/2/4 2242/2/4 2248/2/4
f 2248/2/4 2242/2/4 2249/2/4
f 2243/2/4 2244/2/4 2250/2/4
f 2250/2/4 2244/2/4 2251/2/4
f 2245/2/4 2246/2/4 2252/2/4
f 2252/2/4 2246/2/4 2253/2/4
f 2247/4/4 2248/4/4 2254/4/4
f 2254/4/4 2248/4/4 2255/4/4
f 2256/4/4 2257/4/4 2258/4/4
f 2258/4/4 2257/4/4 2259/4/4
f 2259/2/4 2260/2/4 2265/2/4
f 2265/2/4 2260/2/4 2266/2/4
f 2261/2/4 2262/2/4 2267/2/4
f 2267/2/4 2262/2/4 2268/2/4
f 2263/2/4 2264/2/4 2269/2/4
f 2269/2/4 2264/2/4 2270/2/4
f 2271/4/4 2272/4/4 2282/4/4
f 2282/4/4 2272/4/4 2283/4/4
f 2273/2/4 2274/2/4 2285/2/4
f 2285/2/4 2274/2/4 2286/2/4
f 2275/2/4 2276/2/4 2287/2/4
f 2287/2/4 2276/2/4 2288/2/4
f 2277/2/4 2278/2/4 2289/2/4
f 2289/2/4 2278/2/4 2290/2/4
f 2279/2/4 2280/2/4 2291/2/4
f 2291/2/4 2280/2/4 2292/2/4
f 2281/4/4 2282/4/4 2293/4/4
f 2293/4/4 2282/4/4 2294/4/4
f 2284/4/4 2285/4/4 2299/4/4
f 2299/4/4 2285/4/4 2300/4/4
f 2295/2/4 2296/2/4 2301/2/4
f 2301/2/4 2296/2/4 2302/2/4
f 2297/2/4 2298/2/4 2303/2/4
f 2303/2/4 2298/2/4 2304/2/4
f 2305/2/4 2306/2/4 2309/2/4
f 2309/2/4 2306/2/4 2310/2/4
f 2307/2/4 2308/2/4 2311/2/4
f 2311/2/4 2308/2/4 2312/2/4
f 2310/2/4 2311/2/4 2313/2/4
f 2313/2/4 2311/2/4 2314/2/4
f 2315/2/4 2316/2/4 2318/2/4
f 2318/2/4 2316/2/4 2319/2/4
f 2317/2/4 2318/2/4 2321/2/4
f 2321/2/4 2318/2/4 2322/2/4
f 2319/2/4 2320/2/4 2325/2/4
f 2325/2/4 2320/2/4 2326/2/4
f 2322/5/4 2323/5/4 2334/5/4
f 2324/5/4 2325/5/4 2335/5/4
f 2327/2/4 2328/2/4 2336/2/4
f 2336/2/4 2328/2/4 2337/2/4
f 2329/2/4 2330/2/4 2338/2/4
f 2338/2/4 2330/2/4 2339/2/4
f 2331/2/4 2332/2/4 2340/2/4
f 2332/4/4 2333/4/4 2341/4/4
f 2340/2/4 2332/2/4 2341/2/4
f 2341/4/4 2333/4/4 2342/4/4
f 2337/5/4 2338/5/4 2344/5/4
f 2344/5/4 2338/5/4 2345/5/4
f 2345/5/4 2338/5/4 2346/5/4
f 2346/5/4 2338/5/4 2347/5/4
f 2339/5/4 2340/5/4 2348/5/4
f 2348/5/4 2340/5/4 2349/5/4
f 2342/4/4 2343/4/4 2350/4/4
f 2350/4/4 2343/4/4 2351/4/4
f 2334/5/4 2335/5/4 2353/5/4
f 2335/5/4 2325/5/4 2353/5/4
f 2345/5/4 2346/5/4 2356/5/4
f 2356/5/4 2346/5/4 2357/5/4
f 2339/5/4 2348/5/4 2359/5/4
f 2351/4/4 2352/4/4 2361/4/4
f 2361/4/4 2352/4/4 2362/4/4
f 2334/5/4 2353/5/4 2363/5/4
f 2322/5/4 2334/5/4 2363/5/4
f 2353/4/4 2354/4/4 2364/4/4
f 2363/5/4 2353/5/4 2364/5/4
f 2364/4/4 2354/4/4 2365/4/4
f 2357/5/4 2358/5/4 2368/5/4
f 2355/5/4 2356/5/4 2368/5/4
f 2356/5/4 2357/5/4 2368/5/4
f 2368/5/4 2358/5/4 2369/5/4
f 2359/5/4 2360/5/4 2370/5/4
f 2339/5/4 2359/5/4 2370/5/4
f 2370/5/4 2360/5/4 2371/5/4
f 2361/2/4 2362/2/4 2373/2/4
f 2373/2/4 2362/2/4 2374/2/4
f 2322/5/4 2363/5/4 2376/5/4
f 2376/5/4 2363/5/4 2377/5/4
f 2367/2/4 2368/2/4 2380/2/4
f 2380/2/4 2368/2/4 2381/2/4
f 2369/2/4 2370/2/4 2382/2/4
f 2382/2/4 2370/2/4 2383/2/4
f 2373/5/4 2374/5/4 2384/5/4
f 2372/5/4 2373/5/4 2384/5/4
f 2384/5/4 2374/5/4 2385/5/4
f 2375/2/4 2376/2/4 2388/2/4
f 2388/2/4 2376/2/4 2389/2/4
f 2365/4/4 2366/4/4 2390/4/4
f 2390/4/4 2366/4/4 2391/4/4
f 2378/2/4 2379/2/4 2393/2/4
f 2393/2/4 2379/2/4 2394/2/4
f 2385/2/4 2386/2/4 2395/2/4
f 2395/2/4 2386/2/4 2396/2/4
f 2387/2/4 2388/2/4 2397/2/4
f 2397/2/4 2388/2/4 2398/2/4
f 2390/2/4 2391/2/4 2399/2/4
f 2399/2/4 2391/2/4 2400/2/4
f 2392/2/4 2393/2/4 2401/2/4
f 2401/2/4 2393/2/4 2402/2/4
f 2400/5/4 2401/5/4 2403/5/4
f 2403/5/4 2401/5/4 2404/5/4
f 2400/5/4 2403/5/4 2407/5/4
f 2405/2/4 2406/2/4 2409/2/4
f 2409/2/4 2406/2/4 2410/2/4
f 2396/5/4 2397/5/4 2412/5/4
f 2412/5/4 2397/5/4 2413/5/4
f 2407/5/4 2408/5/4 2416/5/4
f 2400/5/4 2407/5/4 2416/5/4
f 2416/5/4 2408/5/4 2417/5/4
f 2411/2/4 2412/2/4 2424/2/4
f 2424/2/4 2412/2/4 2425/2/4
f 2413/2/4 2414/2/4 2426/2/4
f 2426/2/4 2414/2/4 2427/2/4
f 2415/2/4 2416/2/4 2429/2/4
f 2429/2/4 2416/2/4 2430/2/4
f 2417/2/4 2418/2/4 2431/2/4
f 2431/2/4 2418/2/4 2432/2/4
f 2419/2/4 2420/2/4 2434/2/4
f 2434/2/4 2420/2/4 2435/2/4
f 2421/2/4 2422/2/4 2436/2/4
f 2436/2/4 2422/2/4 2437/2/4
f 2423/5/4 2424/5/4 2439/5/4
f 2439/5/4 2424/5/4 2440/5/4
f 2440/5/4 2424/5/4 2441/5/4
f 2427/2/4 2428/2/4 2442/2/4
f 2442/2/4 2428/2/4 2443/2/4
f 2432/2/4 2433/2/4 2445/2/4
f 2445/2/4 2433/2/4 2446/2/4
f 2435/5/4 2436/5/4 2447/5/4
f 2447/5/4 2436/5/4 2448/5/4
f 2448/5/4 2436/5/4 2449/5/4
f 2449/5/4 2436/5/4 2450/5/4
f 2437/5/4 2438/5/4 2451/5/4
f 2451/5/4 2438/5/4 2452/5/4
f 2440/2/4 2441/2/4 2453/2/4
f 2453/2/4 2441/2/4 2454/2/4
f 2443/5/4 2444/5/4 2455/5/4
f 2429/4/4 2430/4/4 2457/4/4
f 2457/4/4 2430/4/4 2458/4/4
f 2448/5/4 2449/5/4 2460/5/4
f 2460/5/4 2449/5/4 2461/5/4
f 2437/5/4 2451/5/4 2463/5/4
f 2453/4/4 2454/4/4 2466/4/4
f 2466/4/4 2454/4/4 2467/4/4
f 2455/5/4 2456/5/4 2468/5/4
f 2456/4/4 2457/4/4 2468/4/4
f 2468/4/4 2457/4/4 2469/4/4
f 2461/5/4 2462/5/4 2471/5/4
f 2459/5/4 2460/5/4 2471/5/4
f 2460/5/4 2461/5/4 2471/5/4
f 2471/5/4 2462/5/4 2472/5/4
f 2463/5/4 2464/5/4 2473/5/4
f 2437/5/4 2463/5/4 2473/5/4
f 2473/5/4 2464/5/4 2474/5/4
f 2465/4/4 2466/4/4 2476/4/4
f 2476/4/4 2466/4/4 2477/4/4
f 2470/2/4 2471/2/4 2478/2/4
f 2478/2/4 2471/2/4 2479/2/4
f 2472/2/4 2473/2/4 2480/2/4
f 2480/2/4 2473/2/4 2481/2/4
f 2474/2/4 2475/2/4 2482/2/4
f 2475/4/4 2476/4/4 2483/4/4
f 2482/2/4 2475/2/4 2483/2/4
f 2483/4/4 2476/4/4 2484/4/4
f 2443/5/4 2455/5/4 2485/5/4
f 2455/5/4 2468/5/4 2485/5/4
f 2485/5/4 2468/5/4 2486/5/4
f 2443/5/4 2485/5/4 2488/5/4
f 2488/5/4 2485/5/4 2489/5/4
f 2486/5/4 2468/5/4 2490/5/4
f 2490/5/4 2468/5/4 2491/5/4
f 2487/2/4 2488/2/4 2493/2/4
f 2493/2/4 2488/2/4 2494/2/4
f 2491/2/4 2492/2/4 2495/2/4
f 2495/2/4 2492/2/4 2496/2/4
f 2494/2/4 2495/2/4 2497/2/4
f 2497/2/4 2495/2/4 2498/2/4
f 2499/2/4 2500/2/4 2501/2/4
f 2501/2/4 2500/2/4 2502/2/4
f 2502/2/4 2500/2/4 2503/2/4
f 2503/2/4 2500/2/4 2504/2/4
f 2502/2/4 2503/2/4 2505/2/4
f 2505/2/4 2503/2/4 2506/2/4
f 2507/2/4 2508/2/4 2514/2/4
f 2514/2/4 2508/2/4 2515/2/4
f 2509/2/4 2510/2/4 2518/2/4
f 2511/2/4 2512/2/4 2520/2/4
f 2512/4/4 2513/4/4 2521/4/4
f 2520/2/4 2512/2/4 2521/2/4
f 2521/4/4 2513/4/4 2522/4/4
f 2515/2/4 2516/2/4 2527/2/4
f 2527/2/4 2516/2/4 2528/2/4
f 2517/2/4 2518/2/4 2529/2/4
f 2518/2/4 2510/2/4 2530/2/4
f 2529/2/4 2518/2/4 2530/2/4
f 2521/2/4 2522/2/4 2531/2/4
f 2519/2/4 2520/2/4 2531/2/4
f 2520/2/4 2521/2/4 2531/2/4
f 2531/2/4 2522/2/4 2532/2/4
f 2522/4/4 2523/4/4 2533/4/4
f 2532/2/4 2522/2/4 2533/2/4
f 2533/4/4 2523/4/4 2534/4/4
f 2524/3/4 2525/3/4 2539/3/4
f 2539/3/4 2525/3/4 2540/3/4
f 2526/2/4 2527/2/4 2542/2/4
f 2542/2/4 2527/2/4 2543/2/4
f 2530/2/4 2510/2/4 2544/2/4
f 2544/2/4 2510/2/4 2545/2/4
f 2532/2/4 2533/2/4 2546/2/4
f 2533/2/4 2534/2/4 2546/2/4
f 2546/2/4 2534/2/4 2547/2/4
f 2535/2/4 2536/2/4 2549/2/4
f 2536/4/4 2537/4/4 2550/4/4
f 2549/2/4 2536/2/4 2550/2/4
f 2550/4/4 2537/4/4 2551/4/4
f 2538/3/4 2539/3/4 2552/3/4
f 2552/3/4 2539/3/4 2553/3/4
f 2540/3/4 2541/3/4 2554/3/4
f 2554/3/4 2541/3/4 2555/3/4
f 2548/2/4 2549/2/4 2559/2/4
f 2550/2/4 2551/2/4 2559/2/4
f 2549/2/4 2550/2/4 2559/2/4
f 2551/4/4 2537/4/4 2560/4/4
f 2559/2/4 2551/2/4 2560/2/4
f 2560/4/4 2537/4/4 2561/4/4
f 2556/2/4 2557/2/4 2565/2/4
f 2565/2/4 2557/2/4 2566/2/4
f 2558/2/4 2559/2/4 2569/2/4
f 2569/2/4 2559/2/4 2570/2/4
f 2560/2/4 2561/2/4 2571/2/4
f 2571/2/4 2561/2/4 2572/2/4
f 2562/2/4 2563/2/4 2575/2/4
f 2575/2/4 2563/2/4 2576/2/4
f 2576/2/4 2577/2/4 2579/2/4
f 2575/2/4 2576/2/4 2579/2/4
f 2574/2/4 2575/2/4 2579/2/4
f 2579/2/4 2577/2/4 2580/2/4
f 2578/2/4 2579/2/4 2582/2/4
f 2580/2/4 2581/2/4 2582/2/4
f 2579/2/4 2580/2/4 2582/2/4
f 2582/2/4 2581/2/4 2583/2/4
f 2583/2/4 2581/2/4 2584/2/4
f 2584/2/4 2581/2/4 2585/2/4
f 2564/2/4 2565/2/4 2586/2/4
f 2586/2/4 2565/2/4 2587/2/4
f 2566/2/4 2567/2/4 2588/2/4
f 2588/2/4 2567/2/4 2589/2/4
f 2568/2/4 2569/2/4 2590/2/4
f 2590/2/4 2569/2/4 2591/2/4
f 2572/2/4 2573/2/4 2594/2/4
f 2594/2/4 2573/2/4 2595/2/4
f 2583/2/4 2584/2/4 2596/2/4
f 2596/2/4 2584/2/4 2597/2/4
f 2597/2/4 2584/2/4 2598/2/4
f 2598/2/4 2584/2/4 2599/2/4
f 2587/2/4 2588/2/4 2600/2/4
f 2600/2/4 2588/2/4 2601/2/4
f 2591/2/4 2592/2/4 2602/2/4
f 2602/2/4 2592/2/4 2603/2/4
f 2593/2/4 2594/2/4 2604/2/4
f 2604/2/4 2594/2/4 2605/2/4
f 2597/2/4 2598/2/4 2606/2/4
f 2606/2/4 2598/2/4 2607/2/4
f 2603/2/4 2604/2/4 2614/2/4
f 2614/2/4 2604/2/4 2615/2/4
f 2615/2/4 2604/2/4 2616/2/4
f 2604/4/4 2605/4/4 2617/4/4
f 2616/2/4 2604/2/4 2617/2/4
f 2608/2/4 2609/2/4 2622/2/4
f 2622/2/4 2609/2/4 2623/2/4
f 2610/2/4 2611/2/4 2626/2/4
f 2612/2/4 2613/2/4 2628/2/4
f 2628/2/4 2613/2/4 2629/2/4
f 2629/2/4 2613/2/4 2630/2/4
f 2615/2/4 2616/2/4 2631/2/4
f 2616/4/4 2617/4/4 2632/4/4
f 2631/2/4 2616/2/4 2632/2/4
f 2617/4/4 2605/4/4 2633/4/4
f 2632/4/4 2617/4/4 2633/4/4
f 2618/3/4 2619/3/4 2634/3/4
f 2634/3/4 2619/3/4 2635/3/4
f 2620/3/4 2621/3/4 2636/3/4
f 2636/3/4 2621/3/4 2637/3/4
f 2623/2/4 2624/2/4 2639/2/4
f 2639/2/4 2624/2/4 2640/2/4
f 2625/2/4 2626/2/4 2641/2/4
f 2626/2/4 2611/2/4 2642/2/4
f 2641/2/4 2626/2/4 2642/2/4
f 2628/2/4 2629/2/4 2643/2/4
f 2627/2/4 2628/2/4 2643/2/4
f 2643/2/4 2629/2/4 2644/2/4
f 2644/2/4 2629/2/4 2645/2/4
f 2629/4/4 2630/4/4 2646/4/4
f 2645/2/4 2629/2/4 2646/2/4
f 2646/4/4 2630/4/4 2647/4/4
f 2635/3/4 2636/3/4 2648/3/4
f 2648/3/4 2636/3/4 2649/3/4
f 2638/2/4 2639/2/4 2650/2/4
f 2650/2/4 2639/2/4 2651/2/4
f 2642/2/4 2611/2/4 2652/2/4
f 2652/2/4 2611/2/4 2653/2/4
f 2644/2/4 2645/2/4 2654/2/4
f 2645/4/4 2646/4/4 2655/4/4
f 2654/2/4 2645/2/4 2655/2/4
f 2655/4/4 2646/4/4 2656/4/4
f 2657/2/4 2658/2/4 2660/2/4
f 2660/2/4 2658/2/4 2661/2/4
f 2659/2/4 2660/2/4 2663/2/4
f 2661/2/4 2662/2/4 2663/2/4
f 2660/2/4 2661/2/4 2663/2/4
f 2663/2/4 2662/2/4 2664/2/4
f 2665/4/4 2666/4/4 2667/4/4
f 2667/4/4 2666/4/4 2668/4/4
f 2669/3/4 2670/3/4 2672/3/4
f 2672/3/4 2670/3/4 2673/3/4
f 2675/2/4 2676/2/4 2680/2/4
f 2680/2/4 2676/2/4 2681/2/4
f 2671/3/4 2672/3/4 2683/3/4
f 2683/3/4 2672/3/4 2684/3/4
f 2673/3/4 2674/3/4 2685/3/4
f 2685/3/4 2674/3/4 2686/3/4
f 2684/3/4 2685/3/4 2687/3/4
f 2687/3/4 2685/3/4 2688/3/4
f 2677/2/4 2678/2/4 2691/2/4
f 2691/2/4 2678/2/4 2692/2/4
f 2681/2/4 2682/2/4 2693/2/4
f 2679/2/4 2680/2/4 2693/2/4
f 2680/2/4 2681/2/4 2693/2/4
f 2693/2/4 2682/2/4 2694/2/4
f 2694/2/4 2682/2/4 2695/2/4
f 2695/2/4 2682/2/4 2696/2/4
f 2689/3/4 2690/3/4 2698/3/4
f 2698/3/4 2690/3/4 2699/3/4
f 2694/2/4 2695/2/4 2701/2/4
f 2701/2/4 2695/2/4 2702/2/4
f 2697/3/4 2698/3/4 2703/3/4
f 2703/3/4 2698/3/4 2704/3/4
f 2699/3/4 2700/3/4 2705/3/4
f 2705/3/4 2700/3/4 2706/3/4
f 2704/3/4 2705/3/4 2709/3/4
f 2709/3/4 2705/3/4 2710/3/4
f 2707/4/4 2708/4/4 2711/4/4
f 2711/4/4 2708/4/4 2712/4/4
f 2713/3/4 2714/3/4 2715/3/4
f 2715/3/4 2714/3/4 2716/3/4
f 2717/3/4 2718/3/4 2719/3/4
f 2719/3/4 2718/3/4 2720/3/4
f 2726/4/5 2722/4/5 2721/4/5
f 2727/4/5 2722/4/5 2726/4/5
f 2730/4/5 2724/4/5 2723/4/5
f 2731/4/5 2724/4/5 2730/4/5
f 2734/2/5 2728/2/5 2727/2/5
f 2734/2/5 2726/2/5 2725/2/5
f 2734/2/5 2727/2/5 2726/2/5
f 2735/2/5 2728/2/5 2734/2/5
f 2738/2/5 2732/2/5 2731/2/5
f 2738/2/5 2731/2/5 2730/2/5
f 2738/2/5 2730/2/5 2729/2/5
f 2739/2/5 2732/2/5 2738/2/5
f 2742/2/5 2734/2/5 2733/2/5
f 2743/2/5 2736/2/5 2735/2/5
f 2746/2/5 2738/2/5 2737/2/5
f 2747/2/5 2740/2/5 2739/2/5
f 2749/4/5 2742/4/5 2741/4/5
f 2750/2/5 2734/2/5 2742/2/5
f 2750/4/5 2742/4/5 2749/4/5
f 2751/4/5 2744/4/5 2743/4/5
f 2751/2/5 2743/2/5 2735/2/5
f 2752/4/5 2744/4/5 2751/4/5
f 2753/4/5 2746/4/5 2745/4/5
f 2754/2/5 2738/2/5 2746/2/5
f 2754/4/5 2746/4/5 2753/4/5
f 2755/4/5 2748/4/5 2747/4/5
f 2755/2/5 2747/2/5 2739/2/5
f 2756/4/5 2748/4/5 2755/4/5
f 2757/2/5 2734/2/5 2750/2/5
f 2758/5/5 2735/5/5 2734/5/5
f 2758/2/5 2734/2/5 2757/2/5
f 2759/2/5 2751/2/5 2735/2/5
f 2759/5/5 2735/5/5 2758/5/5
f 2760/2/5 2751/2/5 2759/2/5
f 2761/2/5 2738/2/5 2754/2/5
f 2762/5/5 2739/5/5 2738/5/5
f 2762/2/5 2738/2/5 2761/2/5
f 2763/2/5 2755/2/5 2739/2/5
f 2763/5/5 2739/5/5 2762/5/5
f 2764/2/5 2755/2/5 2763/2/5
f 2765/2/5 2759/2/5 2758/2/5
f 2766/2/5 2759/2/5 2765/2/5
f 2767/2/5 2759/2/5 2766/2/5
f 2768/2/5 2759/2/5 2767/2/5
f 2769/2/5 2763/2/5 2762/2/5
f 2770/2/5 2763/2/5 2769/2/5
f 2771/2/5 2763/2/5 2770/2/5
f 2772/2/5 2763/2/5 2771/2/5
f 2773/4/5 2767/4/5 2766/4/5
f 2774/4/5 2767/4/5 2773/4/5
f 2775/4/5 2771/4/5 2770/4/5
f 2776/4/5 2771/4/5 2775/4/5
f 2781/2/5 2778/2/5 2777/2/5
f 2782/2/5 2778/2/5 2781/2/5
f 2783/2/5 2780/2/5 2779/2/5
f 2784/2/5 2780/2/5 2783/2/5
f 2793/2/5 2786/2/5 2785/2/5
f 2794/2/5 2786/2/5 2793/2/5
f 2795/2/5 2788/2/5 2787/2/5
f 2796/2/5 2788/2/5 2795/2/5
f 2797/2/5 2790/2/5 2789/2/5
f 2798/2/5 2790/2/5 2797/2/5
f 2799/2/5 2792/2/5 2791/2/5
f 2800/2/5 2792/2/5 2799/2/5
f 2805/2/5 2802/2/5 2801/2/5
f 2806/2/5 2802/2/5 2805/2/5
f 2807/2/5 2804/2/5 2803/2/5
f 2808/2/5 2804/2/5 2807/2/5
f 2818/2/5 2810/2/5 2809/2/5
f 2819/2/5 2810/2/5 2818/2/5
f 2820/2/5 2812/2/5 2811/2/5
f 2821/2/5 2812/2/5 2820/2/5
f 2824/2/5 2814/2/5 2813/2/5
f 2825/2/5 2814/2/5 2824/2/5
f 2826/2/5 2816/2/5 2815/2/5
f 2827/2/5 2816/2/5 2826/2/5
f 2829/2/5 2818/2/5 2817/2/5
f 2830/2/5 2818/2/5 2829/2/5
f 2831/2/5 2822/2/5 2821/2/5
f 2832/2/5 2822/2/5 2831/2/5
f 2833/2/5 2824/2/5 2823/2/5
f 2834/2/5 2824/2/5 2833/2/5
f 2835/2/5 2828/2/5 2827/2/5
f 2836/2/5 2828/2/5 2835/2/5
f 2845/2/5 2838/2/5 2837/2/5
f 2846/2/5 2838/2/5 2845/2/5
f 2849/2/5 2840/2/5 2839/2/5
f 2850/2/5 2840/2/5 2849/2/5
f 2851/2/5 2842/2/5 2841/2/5
f 2852/2/5 2842/2/5 2851/2/5
f 2855/2/5 2844/2/5 2843/2/5
f 2856/2/5 2844/2/5 2855/2/5
f 2857/2/5 2847/2/5 2846/2/5
f 2858/2/5 2847/2/5 2857/2/5
f 2859/2/5 2849/2/5 2848/2/5
f 2860/2/5 2849/2/5 2859/2/5
f 2861/2/5 2853/2/5 2852/2/5
f 2862/2/5 2853/2/5 2861/2/5
f 2863/2/5 2855/2/5 2854/2/5
f 2864/2/5 2855/2/5 2863/2/5
f 2869/2/5 2866/2/5 2865/2/5
f 2870/2/5 2866/2/5 2869/2/5
f 2871/2/5 2868/2/5 2867/2/5
f 2872/2/5 2868/2/5 2871/2/5
f 2877/2/5 2874/2/5 2873/2/5
f 2878/2/5 2874/2/5 2877/2/5
f 2879/2/5 2876/2/5 2875/2/5
f 2880/2/5 2876/2/5 2879/2/5
f 2885/2/5 2882/2/5 2881/2/5
f 2886/2/5 2882/2/5 2885/2/5
f 2887/2/5 2884/2/5 2883/2/5
f 2888/2/5 2884/2/5 2887/2/5
f 2900/2/5 2890/2/5 2889/2/5
f 2901/2/5 2890/2/5 2900/2/5
f 2902/2/5 2892/2/5 2891/2/5
f 2903/2/5 2892/2/5 2902/2/5
f 2905/2/5 2894/2/5 2893/2/5
f 2906/2/5 2894/2/5 2905/2/5
f 2908/2/5 2896/2/5 2895/2/5
f 2909/2/5 2896/2/5 2908/2/5
f 2910/2/5 2898/2/5 2897/2/5
f 2911/2/5 2898/2/5 2910/2/5
f 2913/2/5 2900/2/5 2899/2/5
f 2914/2/5 2900/2/5 2913/2/5
f 2915/2/5 2907/2/5 2906/2/5
f 2915/2/5 2906/2/5 2905/2/5
f 2915/2/5 2905/2/5 2904/2/5
f 2916/2/5 2907/2/5 2915/2/5
f 2917/2/5 2912/2/5 2911/2/5
f 2918/2/5 2912/2/5 2917/2/5
f 2923/2/5 2920/2/5 2919/2/5
f 2924/2/5 2920/2/5 2923/2/5
f 2931/2/5 2922/2/5 2921/2/5
f 2932/2/5 2922/2/5 2931/2/5
f 2933/2/5 2925/2/5 2924/2/5
f 2934/2/5 2925/2/5 2933/2/5
f 2935/2/5 2927/2/5 2926/2/5
f 2936/2/5 2927/2/5 2935/2/5
f 2937/2/5 2929/2/5 2928/2/5
f 2938/2/5 2929/2/5 2937/2/5
f 2939/2/5 2931/2/5 2930/2/5
f 2940/2/5 2931/2/5 2939/2/5
f 2944/2/5 2942/2/5 2941/2/5
f 2945/2/5 2942/2/5 2944/2/5
f 2948/2/5 2944/2/5 2943/2/5
f 2949/2/5 2944/2/5 2948/2/5
f 2950/2/5 2946/2/5 2945/2/5
f 2951/2/5 2946/2/5 2950/2/5
f 2953/2/5 2948/2/5 2947/2/5
f 2954/2/5 2948/2/5 2953/2/5
f 2955/2/5 2952/2/5 2951/2/5
f 2956/2/5 2952/2/5 2955/2/5
f 2959/2/5 2958/2/5 2957/2/5
f 2960/2/5 2958/2/5 2959/2/5
f 2966/2/5 2962/2/5 2961/2/5
f 2967/2/5 2962/2/5 2966/2/5
f 2968/2/5 2964/2/5 2963/2/5
f 2969/2/5 2964/2/5 2968/2/5
f 2972/2/5 2966/2/5 2965/2/5
f 2973/2/5 2966/2/5 2972/2/5
f 2974/2/5 2970/2/5 2969/2/5
f 2975/2/5 2970/2/5 2974/2/5
f 2977/5/5 2972/5/5 2971/5/5
f 2978/5/5 2976/5/5 2975/5/5
f 2979/5/5 2977/5/5 2971/5/5
f 2979/5/5 2978/5/5 2977/5/5
f 2980/5/5 2978/5/5 2979/5/5
f 2981/5/5 2978/5/5 2980/5/5
f 2982/5/5 2978/5/5 2981/5/5
f 2983/5/5 2976/5/5 2978/5/5
f 2983/5/5 2978/5/5 2982/5/5
f 2984/5/5 2976/5/5 2983/5/5
f 2985/2/5 2981/2/5 2980/2/5
f 2986/2/5 2981/2/5 2985/2/5
f 2987/2/5 2983/2/5 2982/2/5
f 2988/2/5 2983/2/5 2987/2/5
f 2989/2/5 2987/2/5 2986/2/5
f 2990/2/5 2987/2/5 2989/2/5
f 2994/2/5 2992/2/5 2991/2/5
f 2995/2/5 2992/2/5 2994/2/5
f 2997/2/5 2994/2/5 2993/2/5
f 2998/2/5 2994/2/5 2997/2/5
f 2999/2/5 2996/2/5 2995/2/5
f 3000/2/5 2996/2/5 2999/2/5
f 3001/2/5 2999/2/5 2998/2/5
f 3002/2/5 2999/2/5 3001/2/5
f 3006/2/5 3004/2/5 3003/2/5
f 3007/2/5 3004/2/5 3006/2/5
f 3010/2/5 3006/2/5 3005/2/5
f 3011/2/5 3006/2/5 3010/2/5
f 3012/2/5 3008/2/5 3007/2/5
f 3013/2/5 3008/2/5 3012/2/5
f 3015/2/5 3010/2/5 3009/2/5
f 3016/2/5 3010/2/5 3015/2/5
f 3019/2/5 3014/2/5 3013/2/5
f 3020/2/5 3014/2/5 3019/2/5
f 3021/2/5 3017/2/5 3016/2/5
f 3022/2/5 3017/2/5 3021/2/5
f 3023/2/5 3019/2/5 3018/2/5
f 3024/2/5 3019/2/5 3023/2/5
f 3025/2/5 3023/2/5 3022/2/5
f 3026/2/5 3023/2/5 3025/2/5
f 3032/4/5 3028/4/5 3027/4/5
f 3033/4/5 3028/4/5 3032/4/5
f 3036/4/5 3030/4/5 3029/4/5
f 3037/4/5 3030/4/5 3036/4/5
f 3039/2/5 3034/2/5 3033/2/5
f 3039/2/5 3032/2/5 3031/2/5
f 3039/2/5 3033/2/5 3032/2/5
f 3040/2/5 3034/2/5 3039/2/5
f 3041/2/5 3038/2/5 3037/2/5
f 3041/2/5 3037/2/5 3036/2/5
f 3041/2/5 3036/2/5 3035/2/5
f 3042/2/5 3038/2/5 3041/2/5
f 3048/2/5 3044/2/5 3043/2/5
f 3049/2/5 3044/2/5 3048/2/5
f 3052/2/5 3046/2/5 3045/2/5
f 3053/2/5 3046/2/5 3052/2/5
f 3055/2/5 3050/2/5 3049/2/5
f 3055/2/5 3048/2/5 3047/2/5
f 3055/2/5 3049/2/5 3048/2/5
f 3058/2/5 3054/2/5 3053/2/5
f 3058/2/5 3053/2/5 3052/2/5
f 3058/2/5 3052/2/5 3051/2/5
f 3059/2/5 3056/2/5 3055/2/5
f 3059/2/5 3055/2/5 3047/2/5
f 3060/2/5 3056/2/5 3059/2/5
f 3061/2/5 3056/2/5 3060/2/5
f 3064/2/5 3058/2/5 3057/2/5
f 3065/2/5 3054/2/5 3058/2/5
f 3065/2/5 3058/2/5 3064/2/5
f 3066/2/5 3054/2/5 3065/2/5
f 3067/2/5 3062/2/5 3061/2/5
f 3067/2/5 3061/2/5 3060/2/5
f 3068/2/5 3062/2/5 3067/2/5
f 3069/2/5 3062/2/5 3068/2/5
f 3070/2/5 3062/2/5 3069/2/5
f 3071/2/5 3064/2/5 3063/2/5
f 3071/2/5 3065/2/5 3064/2/5
f 3072/2/5 3065/2/5 3071/2/5
f 3073/2/5 3065/2/5 3072/2/5
f 3074/2/5 3065/2/5 3073/2/5
f 3075/2/5 3069/2/5 3068/2/5
f 3076/2/5 3069/2/5 3075/2/5
f 3077/2/5 3073/2/5 3072/2/5
f 3078/2/5 3073/2/5 3077/2/5
f 3088/2/5 3080/2/5 3079/2/5
f 3089/2/5 3080/2/5 3088/2/5
f 3090/2/5 3082/2/5 3081/2/5
f 3091/2/5 3082/2/5 3090/2/5
f 3094/2/5 3084/2/5 3083/2/5
f 3095/2/5 3084/2/5 3094/2/5
f 3096/2/5 3086/2/5 3085/2/5
f 3097/2/5 3086/2/5 3096/2/5
f 3099/2/5 3088/2/5 3087/2/5
f 3100/2/5 3088/2/5 3099/2/5
f 3101/2/5 3092/2/5 3091/2/5
f 3102/2/5 3092/2/5 3101/2/5
f 3103/2/5 3094/2/5 3093/2/5
f 3104/2/5 3094/2/5 3103/2/5
f 3105/2/5 3098/2/5 3097/2/5
f 3106/2/5 3098/2/5 3105/2/5
f 3107/5/5 3101/5/5 3100/5/5
f 3108/5/5 3101/5/5 3107/5/5
f 3113/5/5 3105/5/5 3104/5/5
f 3114/5/5 3105/5/5 3113/5/5
f 3116/5/5 3107/5/5 3100/5/5
f 3117/5/5 3107/5/5 3116/5/5
f 3118/5/5 3101/5/5 3108/5/5
f 3119/5/5 3101/5/5 3118/5/5
f 3122/2/5 3110/2/5 3109/2/5
f 3123/2/5 3110/2/5 3122/2/5
f 3124/2/5 3112/2/5 3111/2/5
f 3125/2/5 3112/2/5 3124/2/5
f 3128/5/5 3113/5/5 3104/5/5
f 3129/5/5 3113/5/5 3128/5/5
f 3130/5/5 3105/5/5 3114/5/5
f 3131/5/5 3105/5/5 3130/5/5
f 3133/2/5 3120/2/5 3119/2/5
f 3134/2/5 3120/2/5 3133/2/5
f 3135/2/5 3122/2/5 3121/2/5
f 3136/2/5 3122/2/5 3135/2/5
f 3137/2/5 3126/2/5 3125/2/5
f 3138/2/5 3126/2/5 3137/2/5
f 3139/2/5 3128/2/5 3127/2/5
f 3140/2/5 3128/2/5 3139/2/5
f 3141/2/5 3116/2/5 3115/2/5
f 3142/2/5 3116/2/5 3141/2/5
f 3144/5/5 3135/5/5 3134/5/5
f 3145/5/5 3135/5/5 3144/5/5
f 3146/5/5 3139/5/5 3138/5/5
f 3147/5/5 3139/5/5 3146/5/5
f 3149/2/5 3132/2/5 3131/2/5
f 3150/2/5 3132/2/5 3149/2/5
f 3151/2/5 3143/2/5 3142/2/5
f 3152/2/5 3143/2/5 3151/2/5
f 3155/5/5 3135/5/5 3145/5/5
f 3156/5/5 3146/5/5 3138/5/5
f 3159/2/5 3149/2/5 3148/2/5
f 3160/2/5 3149/2/5 3159/2/5
f 3161/2/5 3153/2/5 3152/2/5
f 3162/2/5 3153/2/5 3161/2/5
f 3163/5/5 3155/5/5 3154/5/5
f 3164/5/5 3135/5/5 3155/5/5
f 3164/5/5 3155/5/5 3163/5/5
f 3167/5/5 3157/5/5 3156/5/5
f 3167/5/5 3156/5/5 3138/5/5
f 3168/5/5 3157/5/5 3167/5/5
f 3169/2/5 3159/2/5 3158/2/5
f 3170/2/5 3159/2/5 3169/2/5
f 3171/2/5 3163/2/5 3162/2/5
f 3172/2/5 3163/2/5 3171/2/5
f 3173/2/5 3165/2/5 3164/2/5
f 3174/2/5 3165/2/5 3173/2/5
f 3177/2/5 3167/2/5 3166/2/5
f 3178/2/5 3167/2/5 3177/2/5
f 3179/2/5 3169/2/5 3168/2/5
f 3180/2/5 3169/2/5 3179/2/5
f 3181/2/5 3175/2/5 3174/2/5
f 3182/2/5 3175/2/5 3181/2/5
f 3183/2/5 3177/2/5 3176/2/5
f 3184/2/5 3177/2/5 3183/2/5
f 3193/4/5 3186/4/5 3185/4/5
f 3194/4/5 3188/4/5 3187/4/5
f 3195/4/5 3190/4/5 3189/4/5
f 3196/4/5 3192/4/5 3191/4/5
f 3197/4/5 3193/4/5 3185/4/5
f 3198/4/5 3193/4/5 3197/4/5
f 3199/4/5 3188/4/5 3194/4/5
f 3200/4/5 3188/4/5 3199/4/5
f 3201/4/5 3195/4/5 3189/4/5
f 3202/4/5 3195/4/5 3201/4/5
f 3203/4/5 3192/4/5 3196/4/5
f 3204/4/5 3192/4/5 3203/4/5
f 3213/2/5 3206/2/5 3205/2/5
f 3214/2/5 3206/2/5 3213/2/5
f 3215/2/5 3208/2/5 3207/2/5
f 3216/2/5 3208/2/5 3215/2/5
f 3217/2/5 3210/2/5 3209/2/5
f 3218/2/5 3210/2/5 3217/2/5
f 3219/2/5 3212/2/5 3211/2/5
f 3220/2/5 3212/2/5 3219/2/5
f 3229/2/5 3222/2/5 3221/2/5
f 3230/2/5 3222/2/5 3229/2/5
f 3231/2/5 3224/2/5 3223/2/5
f 3232/2/5 3224/2/5 3231/2/5
f 3233/2/5 3226/2/5 3225/2/5
f 3234/2/5 3226/2/5 3233/2/5
f 3235/2/5 3228/2/5 3227/2/5
f 3236/2/5 3228/2/5 3235/2/5
f 3241/2/5 3238/2/5 3237/2/5
f 3242/2/5 3238/2/5 3241/2/5
f 3243/2/5 3240/2/5 3239/2/5
f 3244/2/5 3240/2/5 3243/2/5
f 3249/4/5 3246/4/5 3245/4/5
f 3250/4/5 3246/4/5 3249/4/5
f 3251/4/5 3248/4/5 3247/4/5
f 3252/4/5 3248/4/5 3251/4/5
f 3255/4/5 3254/4/5 3253/4/5
f 3256/4/5 3254/4/5 3255/4/5
f 3260/4/5 3258/4/5 3257/4/5
f 3261/4/5 3258/4/5 3260/4/5
f 3263/4/5 3260/4/5 3259/4/5
f 3264/4/5 3262/4/5 3261/4/5
f 3265/4/5 3263/4/5 3259/4/5
f 3266/4/5 3263/4/5 3265/4/5
f 3267/4/5 3262/4/5 3264/4/5
f 3268/4/5 3262/4/5 3267/4/5
f 3271/2/5 3270/2/5 3269/2/5
f 3272/2/5 3270/2/5 3271/2/5
f 3277/2/5 3274/2/5 3273/2/5
f 3278/2/5 3274/2/5 3277/2/5
f 3281/2/5 3276/2/5 3275/2/5
f 3282/2/5 3276/2/5 3281/2/5
f 3283/2/5 3279/2/5 3278/2/5
f 3284/2/5 3279/2/5 3283/2/5
f 3285/2/5 3281/2/5 3280/2/5
f 3286/2/5 3281/2/5 3285/2/5
f 3291/2/5 3288/2/5 3287/2/5
f 3292/2/5 3290/2/5 3289/2/5
f 3293/2/5 3291/2/5 3287/2/5
f 3294/2/5 3291/2/5 3293/2/5
f 3297/2/5 3290/2/5 3292/2/5
f 3298/2/5 3290/2/5 3297/2/5
f 3299/2/5 3295/2/5 3294/2/5
f 3300/2/5 3295/2/5 3299/2/5
f 3301/2/5 3297/2/5 3296/2/5
f 3302/2/5 3297/2/5 3301/2/5
f 3311/3/5 3304/3/5 3303/3/5
f 3312/3/5 3306/3/5 3305/3/5
f 3313/3/5 3308/3/5 3307/3/5
f 3314/3/5 3310/3/5 3309/3/5
f 3315/3/5 3312/3/5 3311/3/5
f 3315/3/5 3306/3/5 3312/3/5
f 3316/3/5 3313/3/5 3307/3/5
f 3316/3/5 3314/3/5 3313/3/5
f 3317/3/5 3315/3/5 3311/3/5
f 3318/3/5 3315/3/5 3317/3/5
f 3319/3/5 3314/3/5 3316/3/5
f 3320/3/5 3314/3/5 3319/3/5
f 3321/3/5 3311/3/5 3303/3/5
f 3321/3/5 3317/3/5 3311/3/5
f 3322/3/5 3317/3/5 3321/3/5
f 3323/3/5 3314/3/5 3320/3/5
f 3324/3/5 3310/3/5 3314/3/5
f 3324/3/5 3314/3/5 3323/3/5
f 3325/3/5 3321/3/5 3303/3/5
f 3328/3/5 3310/3/5 3324/3/5
f 3329/3/5 3326/3/5 3325/3/5
f 3329/3/5 3325/3/5 3303/3/5
f 3330/3/5 3326/3/5 3329/3/5
f 3331/3/5 3326/3/5 3330/3/5
f 3334/3/5 3328/3/5 3327/3/5
f 3335/3/5 3310/3/5 3328/3/5
f 3335/3/5 3328/3/5 3334/3/5
f 3336/3/5 3310/3/5 3335/3/5
f 3337/3/5 3332/3/5 3331/3/5
f 3337/3/5 3331/3/5 3330/3/5
f 3338/3/5 3332/3/5 3337/3/5
f 3339/3/5 3334/3/5 3333/3/5
f 3339/3/5 3335/3/5 3334/3/5
f 3340/3/5 3335/3/5 3339/3/5
f 3349/3/5 3344/3/5 3343/3/5
f 3350/3/5 3344/3/5 3349/3/5
f 3351/3/5 3346/3/5 3345/3/5
f 3352/3/5 3346/3/5 3351/3/5
f 3353/3/5 3342/3/5 3341/3/5
f 3354/3/5 3342/3/5 3353/3/5
f 3361/3/5 3348/3/5 3347/3/5
f 3362/3/5 3348/3/5 3361/3/5
f 3363/3/5 3355/3/5 3354/3/5
f 3364/3/5 3355/3/5 3363/3/5
f 3365/3/5 3357/3/5 3356/3/5
f 3366/3/5 3357/3/5 3365/3/5
f 3367/3/5 3359/3/5 3358/3/5
f 3368/3/5 3359/3/5 3367/3/5
f 3369/3/5 3361/3/5 3360/3/5
f 3370/3/5 3361/3/5 3369/3/5
f 3371/3/5 3365/3/5 3364/3/5
f 3372/3/5 3365/3/5 3371/3/5
f 3373/3/5 3369/3/5 3368/3/5
f 3374/3/5 3369/3/5 3373/3/5
f 3383/3/5 3376/3/5 3375/3/5
f 3384/3/5 3376/3/5 3383/3/5
f 3385/3/5 3378/3/5 3377/3/5
f 3386/3/5 3378/3/5 3385/3/5
f 3387/3/5 3380/3/5 3379/3/5
f 3388/3/5 3380/3/5 3387/3/5
f 3389/3/5 3382/3/5 3381/3/5
f 3390/3/5 3382/3/5 3389/3/5
f 3399/3/5 3392/3/5 3391/3/5
f 3400/3/5 3394/3/5 3393/3/5
f 3401/3/5 3396/3/5 3395/3/5
f 3402/3/5 3398/3/5 3397/3/5
f 3403/3/5 3399/3/5 3391/3/5
f 3403/3/5 3400/3/5 3399/3/5
f 3404/3/5 3400/3/5 3403/3/5
f 3405/3/5 3394/3/5 3400/3/5
f 3405/3/5 3400/3/5 3404/3/5
f 3406/3/5 3394/3/5 3405/3/5
f 3407/3/5 3401/3/5 3395/3/5
f 3407/3/5 3402/3/5 3401/3/5
f 3408/3/5 3402/3/5 3407/3/5
f 3409/3/5 3398/3/5 3402/3/5
f 3409/3/5 3402/3/5 3408/3/5
f 3410/3/5 3398/3/5 3409/3/5
f 3411/4/6 3412/4/6 3416/4/6
f 3416/4/6 3412/4/6 3417/4/6
f 3413/4/6 3414/4/6 3420/4/6
f 3420/4/6 3414/4/6 3421/4/6
f 3415/2/6 3416/2/6 3424/2/6
f 3424/2/6 3416/2/6 3425/2/6
f 3417/2/6 3418/2/6 3426/2/6
f 3426/2/6 3418/2/6 3427/2/6
f 3419/2/6 3420/2/6 3430/2/6
f 3430/2/6 3420/2/6 3431/2/6
f 3421/2/6 3422/2/6 3432/2/6
f 3432/2/6 3422/2/6 3433/2/6
f 3423/2/6 3424/2/6 3436/2/6
f 3436/2/6 3424/2/6 3437/2/6
f 3427/2/6 3428/2/6 3438/2/6
f 3438/2/6 3428/2/6 3439/2/6
f 3429/2/6 3430/2/6 3442/2/6
f 3442/2/6 3430/2/6 3443/2/6
f 3433/2/6 3434/2/6 3444/2/6
f 3444/2/6 3434/2/6 3445/2/6
f 3435/4/6 3436/4/6 3447/4/6
f 3447/4/6 3436/4/6 3448/4/6
f 3439/4/6 3440/4/6 3451/4/6
f 3451/4/6 3440/4/6 3452/4/6
f 3441/4/6 3442/4/6 3453/4/6
f 3453/4/6 3442/4/6 3454/4/6
f 3445/4/6 3446/4/6 3457/4/6
f 3457/4/6 3446/4/6 3458/4/6
f 3448/2/6 3449/2/6 3459/2/6
f 3459/2/6 3449/2/6 3460/2/6
f 3450/2/6 3451/2/6 3463/2/6
f 3463/2/6 3451/2/6 3464/2/6
f 3454/2/6 3455/2/6 3465/2/6
f 3465/2/6 3455/2/6 3466/2/6
f 3456/2/6 3457/2/6 3469/2/6
f 3469/2/6 3457/2/6 3470/2/6
f 3460/2/6 3461/2/6 3471/2/6
f 3471/2/6 3461/2/6 3472/2/6
f 3462/2/6 3463/2/6 3473/2/6
f 3473/2/6 3463/2/6 3474/2/6
f 3466/2/6 3467/2/6 3475/2/6
f 3475/2/6 3467/2/6 3476/2/6
f 3468/2/6 3469/2/6 3477/2/6
f 3477/2/6 3469/2/6 3478/2/6
f 3472/4/6 3473/4/6 3479/4/6
f 3479/4/6 3473/4/6 3480/4/6
f 3476/4/6 3477/4/6 3481/4/6
f 3481/4/6 3477/4/6 3482/4/6
f 3483/2/6 3484/2/6 3487/2/6
f 3487/2/6 3484/2/6 3488/2/6
f 3485/2/6 3486/2/6 3489/2/6
f 3489/2/6 3486/2/6 3490/2/6
f 3491/2/6 3492/2/6 3499/2/6
f 3499/2/6 3492/2/6 3500/2/6
f 3493/2/6 3494/2/6 3501/2/6
f 3501/2/6 3494/2/6 3502/2/6
f 3495/2/6 3496/2/6 3503/2/6
f 3503/2/6 3496/2/6 3504/2/6
f 3497/2/6 3498/2/6 3505/2/6
f 3505/2/6 3498/2/6 3506/2/6
f 3507/2/6 3508/2/6 3511/2/6
f 3511/2/6 3508/2/6 3512/2/6
f 3509/2/6 3510/2/6 3513/2/6
f 3513/2/6 3510/2/6 3514/2/6
f 3515/2/6 3516/2/6 3524/2/6
f 3524/2/6 3516/2/6 3525/2/6
f 3517/2/6 3518/2/6 3526/2/6
f 3526/2/6 3518/2/6 3527/2/6
f 3519/2/6 3520/2/6 3530/2/6
f 3530/2/6 3520/2/6 3531/2/6
f 3521/2/6 3522/2/6 3532/2/6
f 3532/2/6 3522/2/6 3533/2/6
f 3523/2/6 3524/2/6 3535/2/6
f 3535/2/6 3524/2/6 3536/2/6
f 3527/2/6 3528/2/6 3537/2/6
f 3537/2/6 3528/2/6 3538/2/6
f 3529/2/6 3530/2/6 3539/2/6
f 3539/2/6 3530/2/6 3540/2/6
f 3533/2/6 3534/2/6 3541/2/6
f 3541/2/6 3534/2/6 3542/2/6
f 3543/2/6 3544/2/6 3551/2/6
f 3551/2/6 3544/2/6 3552/2/6
f 3545/2/6 3546/2/6 3553/2/6
f 3553/2/6 3546/2/6 3554/2/6
f 3547/2/6 3548/2/6 3555/2/6
f 3555/2/6 3548/2/6 3556/2/6
f 3549/2/6 3550/2/6 3557/2/6
f 3557/2/6 3550/2/6 3558/2/6
f 3552/2/6 3553/2/6 3559/2/6
f 3559/2/6 3553/2/6 3560/2/6
f 3556/2/6 3557/2/6 3561/2/6
f 3561/2/6 3557/2/6 3562/2/6
f 3563/2/6 3564/2/6 3567/2/6
f 3567/2/6 3564/2/6 3568/2/6
f 3565/2/6 3566/2/6 3569/2/6
f 3569/2/6 3566/2/6 3570/2/6
f 3571/2/6 3572/2/6 3579/2/6
f 3579/2/6 3572/2/6 3580/2/6
f 3573/2/6 3574/2/6 3581/2/6
f 3581/2/6 3574/2/6 3582/2/6
f 3575/2/6 3576/2/6 3583/2/6
f 3583/2/6 3576/2/6 3584/2/6
f 3577/2/6 3578/2/6 3585/2/6
f 3585/2/6 3578/2/6 3586/2/6
f 3587/4/6 3588/4/6 3592/4/6
f 3592/4/6 3588/4/6 3593/4/6
f 3589/4/6 3590/4/6 3594/4/6
f 3594/4/6 3590/4/6 3595/4/6
f 3591/4/6 3592/4/6 3597/4/6
f 3597/4/6 3592/4/6 3598/4/6
f 3595/4/6 3596/4/6 3599/4/6
f 3599/4/6 3596/4/6 3600/4/6
f 3601/4/6 3602/4/6 3605/4/6
f 3605/4/6 3602/4/6 3606/4/6
f 3603/4/6 3604/4/6 3609/4/6
f 3609/4/6 3604/4/6 3610/4/6
f 3606/4/6 3607/4/6 3611/4/6
f 3611/4/6 3607/4/6 3612/4/6
f 3608/4/6 3609/4/6 3613/4/6
f 3613/4/6 3609/4/6 3614/4/6
f 3615/4/6 3616/4/6 3622/4/6
f 3616/2/6 3617/2/6 3623/2/6
f 3622/4/6 3616/4/6 3623/4/6
f 3623/2/6 3617/2/6 3624/2/6
f 3618/2/6 3619/2/6 3625/2/6
f 3619/4/6 3620/4/6 3626/4/6
f 3625/2/6 3619/2/6 3626/2/6
f 3626/4/6 3620/4/6 3627/4/6
f 3621/4/6 3622/4/6 3630/4/6
f 3630/4/6 3622/4/6 3631/4/6
f 3627/4/6 3628/4/6 3632/4/6
f 3632/4/6 3628/4/6 3633/4/6
f 3629/4/6 3630/4/6 3635/4/6
f 3635/4/6 3630/4/6 3636/4/6
f 3633/4/6 3634/4/6 3639/4/6
f 3639/4/6 3634/4/6 3640/4/6
f 3636/4/6 3637/4/6 3641/4/6
f 3641/4/6 3637/4/6 3642/4/6
f 3638/4/6 3639/4/6 3647/4/6
f 3647/4/6 3639/4/6 3648/4/6
f 3642/4/6 3643/4/6 3649/4/6
f 3643/2/6 3644/2/6 3650/2/6
f 3649/4/6 3643/4/6 3650/4/6
f 3650/2/6 3644/2/6 3651/2/6
f 3645/2/6 3646/2/6 3652/2/6
f 3646/4/6 3647/4/6 3653/4/6
f 3652/2/6 3646/2/6 3653/2/6
f 3653/4/6 3647/4/6 3654/4/6
f 3655/2/6 3656/2/6 3660/2/6
f 3660/2/6 3656/2/6 3661/2/6
f 3657/2/6 3658/2/6 3662/2/6
f 3662/2/6 3658/2/6 3663/2/6
f 3659/2/6 3660/2/6 3668/2/6
f 3668/2/6 3660/2/6 3669/2/6
f 3663/2/6 3664/2/6 3670/2/6
f 3670/2/6 3664/2/6 3671/2/6
f 3665/4/6 3666/4/6 3676/4/6
f 3666/2/6 3667/2/6 3677/2/6
f 3676/4/6 3666/4/6 3677/4/6
f 3673/4/6 3674/4/6 3678/4/6
f 3672/2/6 3673/2/6 3678/2/6
f 3678/4/6 3674/4/6 3679/4/6
f 3675/4/6 3676/4/6 3681/4/6
f 3676/2/6 3677/2/6 3682/2/6
f 3681/4/6 3676/4/6 3682/4/6
f 3677/2/6 3667/2/6 3683/2/6
f 3682/2/6 3677/2/6 3683/2/6
f 3672/2/6 3678/2/6 3684/2/6
f 3678/2/6 3679/2/6 3684/2/6
f 3679/4/6 3680/4/6 3685/4/6
f 3684/2/6 3679/2/6 3685/2/6
f 3685/4/6 3680/4/6 3686/4/6
f 3682/4/6 3683/4/6 3687/4/6
f 3683/2/6 3667/2/6 3688/2/6
f 3687/4/6 3683/4/6 3688/4/6
f 3667/5/6 3668/5/6 3689/5/6
f 3688/2/6 3667/2/6 3689/2/6
f 3689/5/6 3668/5/6 3690/5/6
f 3671/5/6 3672/5/6 3693/5/6
f 3672/2/6 3684/2/6 3694/2/6
f 3693/5/6 3672/5/6 3694/5/6
f 3684/4/6 3685/4/6 3695/4/6
f 3694/2/6 3684/2/6 3695/2/6
f 3695/4/6 3685/4/6 3696/4/6
f 3690/2/6 3691/2/6 3697/2/6
f 3697/2/6 3691/2/6 3698/2/6
f 3692/2/6 3693/2/6 3699/2/6
f 3699/2/6 3693/2/6 3700/2/6
f 3698/2/6 3699/2/6 3701/2/6
f 3701/2/6 3699/2/6 3702/2/6
f 3703/2/6 3704/2/6 3706/2/6
f 3706/2/6 3704/2/6 3707/2/6
f 3705/2/6 3706/2/6 3710/2/6
f 3707/2/6 3708/2/6 3710/2/6
f 3706/2/6 3707/2/6 3710/2/6
f 3710/2/6 3708/2/6 3711/2/6
f 3709/2/6 3710/2/6 3713/2/6
f 3713/2/6 3710/2/6 3714/2/6
f 3711/2/6 3712/2/6 3715/2/6
f 3715/2/6 3712/2/6 3716/2/6
f 3714/2/6 3715/2/6 3717/2/6
f 3717/2/6 3715/2/6 3718/2/6
f 3719/4/6 3720/4/6 3723/4/6
f 3723/4/6 3720/4/6 3724/4/6
f 3721/4/6 3722/4/6 3725/4/6
f 3725/4/6 3722/4/6 3726/4/6
f 3727/4/6 3728/4/6 3735/4/6
f 3729/4/6 3730/4/6 3736/4/6
f 3731/4/6 3732/4/6 3737/4/6
f 3733/4/6 3734/4/6 3738/4/6
f 3727/4/6 3735/4/6 3739/4/6
f 3739/4/6 3735/4/6 3740/4/6
f 3736/4/6 3730/4/6 3741/4/6
f 3741/4/6 3730/4/6 3742/4/6
f 3731/4/6 3737/4/6 3743/4/6
f 3743/4/6 3737/4/6 3744/4/6
f 3738/4/6 3734/4/6 3745/4/6
f 3745/4/6 3734/4/6 3746/4/6
f 3747/2/6 3748/2/6 3755/2/6
f 3755/2/6 3748/2/6 3756/2/6
f 3749/2/6 3750/2/6 3757/2/6
f 3757/2/6 3750/2/6 3758/2/6
f 3751/2/6 3752/2/6 3759/2/6
f 3759/2/6 3752/2/6 3760/2/6
f 3753/2/6 3754/2/6 3761/2/6
f 3761/2/6 3754/2/6 3762/2/6
f 3763/2/6 3764/2/6 3767/2/6
f 3767/2/6 3764/2/6 3768/2/6
f 3765/2/6 3766/2/6 3769/2/6
f 3769/2/6 3766/2/6 3770/2/6
f 3771/2/6 3772/2/6 3780/2/6
f 3780/2/6 3772/2/6 3781/2/6
f 3773/2/6 3774/2/6 3782/2/6
f 3782/2/6 3774/2/6 3783/2/6
f 3775/2/6 3776/2/6 3786/2/6
f 3786/2/6 3776/2/6 3787/2/6
f 3777/2/6 3778/2/6 3788/2/6
f 3788/2/6 3778/2/6 3789/2/6
f 3779/2/6 3780/2/6 3791/2/6
f 3791/2/6 3780/2/6 3792/2/6
f 3783/2/6 3784/2/6 3793/2/6
f 3793/2/6 3784/2/6 3794/2/6
f 3785/2/6 3786/2/6 3795/2/6
f 3795/2/6 3786/2/6 3796/2/6
f 3789/2/6 3790/2/6 3797/2/6
f 3797/2/6 3790/2/6 3798/2/6
f 3792/5/6 3793/5/6 3799/5/6
f 3799/5/6 3793/5/6 3800/5/6
f 3796/5/6 3797/5/6 3801/5/6
f 3801/5/6 3797/5/6 3802/5/6
f 3792/5/6 3799/5/6 3804/5/6
f 3804/5/6 3799/5/6 3805/5/6
f 3800/5/6 3793/5/6 3806/5/6
f 3806/5/6 3793/5/6 3807/5/6
f 3796/5/6 3801/5/6 3810/5/6
f 3810/5/6 3801/5/6 3811/5/6
f 3802/5/6 3797/5/6 3812/5/6
f 3812/5/6 3797/5/6 3813/5/6
f 3807/2/6 3808/2/6 3815/2/6
f 3815/2/6 3808/2/6 3816/2/6
f 3809/2/6 3810/2/6 3819/2/6
f 3819/2/6 3810/2/6 3820/2/6
f 3803/2/6 3804/2/6 3821/2/6
f 3821/2/6 3804/2/6 3822/2/6
f 3816/5/6 3817/5/6 3824/5/6
f 3824/5/6 3817/5/6 3825/5/6
f 3818/5/6 3819/5/6 3826/5/6
f 3826/5/6 3819/5/6 3827/5/6
f 3813/2/6 3814/2/6 3829/2/6
f 3829/2/6 3814/2/6 3830/2/6
f 3822/2/6 3823/2/6 3831/2/6
f 3831/2/6 3823/2/6 3832/2/6
f 3825/5/6 3817/5/6 3835/5/6
f 3818/5/6 3826/5/6 3836/5/6
f 3828/2/6 3829/2/6 3839/2/6
f 3839/2/6 3829/2/6 3840/2/6
f 3832/2/6 3833/2/6 3841/2/6
f 3841/2/6 3833/2/6 3842/2/6
f 3834/5/6 3835/5/6 3843/5/6
f 3835/5/6 3817/5/6 3844/5/6
f 3843/5/6 3835/5/6 3844/5/6
f 3836/5/6 3837/5/6 3845/5/6
f 3818/5/6 3836/5/6 3845/5/6
f 3845/5/6 3837/5/6 3846/5/6
f 3838/2/6 3839/2/6 3847/2/6
f 3847/2/6 3839/2/6 3848/2/6
f 3842/2/6 3843/2/6 3849/2/6
f 3849/2/6 3843/2/6 3850/2/6
f 3846/2/6 3847/2/6 3851/2/6
f 3851/2/6 3847/2/6 3852/2/6
f 3853/4/6 3854/4/6 3858/4/6
f 3858/4/6 3854/4/6 3859/4/6
f 3855/4/6 3856/4/6 3862/4/6
f 3862/4/6 3856/4/6 3863/4/6
f 3859/2/6 3860/2/6 3865/2/6
f 3857/2/6 3858/2/6 3865/2/6
f 3858/2/6 3859/2/6 3865/2/6
f 3865/2/6 3860/2/6 3866/2/6
f 3863/2/6 3864/2/6 3867/2/6
f 3862/2/6 3863/2/6 3867/2/6
f 3861/2/6 3862/2/6 3867/2/6
f 3867/2/6 3864/2/6 3868/2/6
f 3869/2/6 3870/2/6 3878/2/6
f 3878/2/6 3870/2/6 3879/2/6
f 3871/2/6 3872/2/6 3881/2/6
f 3881/2/6 3872/2/6 3882/2/6
f 3873/2/6 3874/2/6 3883/2/6
f 3883/2/6 3874/2/6 3884/2/6
f 3875/2/6 3876/2/6 3886/2/6
f 3886/2/6 3876/2/6 3887/2/6
f 3879/2/6 3880/2/6 3889/2/6
f 3877/2/6 3878/2/6 3889/2/6
f 3878/2/6 3879/2/6 3889/2/6
f 3887/2/6 3888/2/6 3892/2/6
f 3886/2/6 3887/2/6 3892/2/6
f 3885/2/6 3886/2/6 3892/2/6
f 3889/2/6 3890/2/6 3893/2/6
f 3877/2/6 3889/2/6 3893/2/6
f 3893/2/6 3890/2/6 3894/2/6
f 3894/2/6 3890/2/6 3895/2/6
f 3891/2/6 3892/2/6 3898/2/6
f 3892/2/6 3888/2/6 3899/2/6
f 3898/2/6 3892/2/6 3899/2/6
f 3899/2/6 3888/2/6 3900/2/6
f 3895/2/6 3896/2/6 3901/2/6
f 3894/2/6 3895/2/6 3901/2/6
f 3901/2/6 3896/2/6 3902/2/6
f 3902/2/6 3896/2/6 3903/2/6
f 3903/2/6 3896/2/6 3904/2/6
f 3897/2/6 3898/2/6 3905/2/6
f 3898/2/6 3899/2/6 3905/2/6
f 3905/2/6 3899/2/6 3906/2/6
f 3906/2/6 3899/2/6 3907/2/6
f 3907/2/6 3899/2/6 3908/2/6
f 3902/2/6 3903/2/6 3909/2/6
f 3909/2/6 3903/2/6 3910/2/6
f 3906/2/6 3907/2/6 3911/2/6
f 3911/2/6 3907/2/6 3912/2/6
f 3913/2/6 3914/2/6 3917/2/6
f 3917/2/6 3914/2/6 3918/2/6
f 3915/2/6 3916/2/6 3919/2/6
f 3919/2/6 3916/2/6 3920/2/6
f 3921/2/6 3922/2/6 3925/2/6
f 3925/2/6 3922/2/6 3926/2/6
f 3923/4/6 3924/4/6 3930/4/6
f 3924/2/6 3925/2/6 3931/2/6
f 3930/4/6 3924/4/6 3931/4/6
f 3931/2/6 3925/2/6 3932/2/6
f 3926/2/6 3927/2/6 3933/2/6
f 3927/4/6 3928/4/6 3934/4/6
f 3933/2/6 3927/2/6 3934/2/6
f 3934/4/6 3928/4/6 3935/4/6
f 3929/4/6 3930/4/6 3937/4/6
f 3937/4/6 3930/4/6 3938/4/6
f 3935/4/6 3936/4/6 3943/4/6
f 3943/4/6 3936/4/6 3944/4/6
f 3938/4/6 3939/4/6 3945/4/6
f 3939/2/6 3940/2/6 3946/2/6
f 3945/4/6 3939/4/6 3946/4/6
f 3946/2/6 3940/2/6 3947/2/6
f 3941/2/6 3942/2/6 3948/2/6
f 3942/4/6 3943/4/6 3949/4/6
f 3948/2/6 3942/2/6 3949/2/6
f 3949/4/6 3943/4/6 3950/4/6
f 3947/2/6 3948/2/6 3951/2/6
f 3951/2/6 3948/2/6 3952/2/6
f 3953/2/6 3954/2/6 3957/2/6
f 3957/2/6 3954/2/6 3958/2/6
f 3955/4/6 3956/4/6 3961/4/6
f 3956/2/6 3957/2/6 3962/2/6
f 3961/4/6 3956/4/6 3962/4/6
f 3962/2/6 3957/2/6 3963/2/6
f 3958/2/6 3959/2/6 3964/2/6
f 3959/4/6 3960/4/6 3965/4/6
f 3964/2/6 3959/2/6 3965/2/6
f 3965/4/6 3960/4/6 3966/4/6
f 3963/2/6 3964/2/6 3967/2/6
f 3967/2/6 3964/2/6 3968/2/6
f 3969/4/6 3970/4/6 3974/4/6
f 3974/4/6 3970/4/6 3975/4/6
f 3971/4/6 3972/4/6 3976/4/6
f 3976/4/6 3972/4/6 3977/4/6
f 3973/4/6 3974/4/6 3979/4/6
f 3979/4/6 3974/4/6 3980/4/6
f 3977/4/6 3978/4/6 3981/4/6
f 3981/4/6 3978/4/6 3982/4/6
f 3983/4/6 3984/4/6 3985/4/6
f 3985/4/6 3984/4/6 3986/4/6
f 3987/3/6 3988/3/6 3995/3/6
f 3989/3/6 3990/3/6 3996/3/6
f 3991/3/6 3992/3/6 3997/3/6
f 3993/3/6 3994/3/6 3998/3/6
f 3987/3/6 3995/3/6 3999/3/6
f 3995/3/6 3996/3/6 3999/3/6
f 3999/3/6 3996/3/6 4000/3/6
f 3996/3/6 3990/3/6 4001/3/6
f 4000/3/6 3996/3/6 4001/3/6
f 4001/3/6 3990/3/6 4002/3/6
f 3991/3/6 3997/3/6 4003/3/6
f 3997/3/6 3998/3/6 4003/3/6
f 4003/3/6 3998/3/6 4004/3/6
f 3998/3/6 3994/3/6 4005/3/6
f 4004/3/6 3998/3/6 4005/3/6
f 4005/3/6 3994/3/6 4006/3/6
f 4007/3/6 4008/3/6 4015/3/6
f 4015/3/6 4008/3/6 4016/3/6
f 4009/3/6 4010/3/6 4017/3/6
f 4017/3/6 4010/3/6 4018/3/6
f 4011/3/6 4012/3/6 4019/3/6
f 4019/3/6 4012/3/6 4020/3/6
f 4013/3/6 4014/3/6 4021/3/6
f 4021/3/6 4014/3/6 4022/3/6
f 4023/2/6 4024/2/6 4025/2/6
f 4025/2/6 4024/2/6 4026/2/6
f 4027/2/6 4028/2/6 4029/2/6
f 4029/2/6 4028/2/6 4030/2/6
f 4031/2/6 4032/2/6 4033/2/6
f 4033/2/6 4032/2/6 4034/2/6
f 4035/3/6 4036/3/6 4043/3/6
f 4043/3/6 4036/3/6 4044/3/6
f 4041/3/6 4042/3/6 4047/3/6
f 4047/3/6 4042/3/6 4048/3/6
f 4044/3/6 4045/3/6 4049/3/6
f 4049/3/6 4045/3/6 4050/3/6
f 4037/3/6 4038/3/6 4051/3/6
f 4051/3/6 4038/3/6 4052/3/6
f 4039/3/6 4040/3/6 4053/3/6
f 4053/3/6 4040/3/6 4054/3/6
f 4046/3/6 4047/3/6 4055/3/6
f 4055/3/6 4047/3/6 4056/3/6
f 4050/3/6 4051/3/6 4057/3/6
f 4057/3/6 4051/3/6 4058/3/6
f 4054/3/6 4055/3/6 4059/3/6
f 4059/3/6 4055/3/6 4060/3/6
f 4061/3/6 4062/3/6 4069/3/6
f 4063/3/6 4064/3/6 4070/3/6
f 4065/3/6 4066/3/6 4071/3/6
f 4067/3/6 4068/3/6 4072/3/6
f 4061/3/6 4069/3/6 4073/3/6
f 4069/3/6 4070/3/6 4073/3/6
f 4073/3/6 4070/3/6 4074/3/6
f 4071/3/6 4072/3/6 4075/3/6
f 4072/3/6 4068/3/6 4075/3/6
f 4075/3/6 4068/3/6 4076/3/6
f 4074/3/6 4070/3/6 4077/3/6
f 4070/3/6 4064/3/6 4078/3/6
f 4077/3/6 4070/3/6 4078/3/6
f 4065/3/6 4071/3/6 4079/3/6
f 4071/3/6 4075/3/6 4079/3/6
f 4079/3/6 4075/3/6 4080/3/6
