# MagicaVoxel @ Ephtracy

# group
o Sentry

# material
mtllib Sentry.mtl
usemtl palette

# normals
vn -1 0 0
vn 1 0 0
vn 0 0 1
vn 0 0 -1
vn 0 -1 0
vn 0 1 0

# texcoords
vt 0.794922 0.5
vt 0.880859 0.5
vt 0.904297 0.5
vt 0.955078 0.5
vt 0.970703 0.5
vt 0.990234 0.5
vt 0.994141 0.5

# verts
v -1.2 2 0
v -1.2 2 -0.4
v -1.2 2.1 0.1
v -1.2 2.1 0
v -1.2 2.1 -0.4
v -1.2 2.1 -0.5
v -1.2 2.5 0.1
v -1.2 2.5 0
v -1.2 2.5 -0.4
v -1.2 2.5 -0.5
v -1.2 2.6 0
v -1.2 2.6 -0.4
v -1.1 1.9 0
v -1.1 1.9 -0.4
v -1.1 2 0.1
v -1.1 2 0
v -1.1 2 -0.4
v -1.1 2 -0.5
v -1.1 2.1 0.2
v -1.1 2.1 0.1
v -1.1 2.1 0
v -1.1 2.1 -0.4
v -1.1 2.1 -0.5
v -1.1 2.1 -0.6
v -1.1 2.2 0.9
v -1.1 2.2 0.2
v -1.1 2.4 0.9
v -1.1 2.4 0.2
v -1.1 2.5 0.2
v -1.1 2.5 0.1
v -1.1 2.5 0
v -1.1 2.5 -0.4
v -1.1 2.5 -0.5
v -1.1 2.5 -0.6
v -1.1 2.6 0.1
v -1.1 2.6 0
v -1.1 2.6 -0.4
v -1.1 2.6 -0.5
v -1.1 2.7 0
v -1.1 2.7 -0.4
v -1 0 0
v -1 0 -0.4
v -1 0.1 0
v -1 0.1 -0.0999999
v -1 0.1 -0.3
v -1 0.1 -0.4
v -1 0.2 -0.0999999
v -1 0.2 -0.3
v -1 0.3 -0.0999999
v -1 0.3 -0.3
v -1 0.9 -0.0999999
v -1 0.9 -0.3
v -1 1 -0.0999999
v -1 1 -0.3
v -1 1.2 -0.0999999
v -1 1.2 -0.3
v -1 1.9 0.1
v -1 1.9 0
v -1 1.9 -0.4
v -1 1.9 -0.5
v -1 2 0.2
v -1 2 0.1
v -1 2 0
v -1 2 -0.4
v -1 2 -0.5
v -1 2 -0.6
v -1 2.1 0.8
v -1 2.1 0.2
v -1 2.1 0.1
v -1 2.1 -0.5
v -1 2.1 -0.6
v -1 2.2 1.2
v -1 2.2 1.1
v -1 2.2 0.9
v -1 2.2 0.8
v -1 2.2 0.2
v -1 2.4 1.2
v -1 2.4 1.1
v -1 2.4 0.9
v -1 2.4 0.8
v -1 2.4 0.2
v -1 2.5 0.8
v -1 2.5 0.2
v -1 2.5 0.1
v -1 2.5 -0.5
v -1 2.5 -0.6
v -1 2.6 0.2
v -1 2.6 0.1
v -1 2.6 0
v -1 2.6 -0.4
v -1 2.6 -0.5
v -1 2.6 -0.6
v -1 2.7 0.1
v -1 2.7 0
v -1 2.7 -0.4
v -1 2.7 -0.5
v -0.9 0.1 0
v -0.9 0.1 -0.0999999
v -0.9 0.1 -0.3
v -0.9 0.1 -0.4
v -0.9 0.2 0
v -0.9 0.2 -0.0999999
v -0.9 0.2 -0.3
v -0.9 0.2 -0.4
v -0.9 0.4 0
v -0.9 0.4 -0.0999999
v -0.9 0.4 -0.3
v -0.9 0.4 -0.4
v -0.9 0.8 0
v -0.9 0.8 -0.0999999
v -0.9 0.8 -0.3
v -0.9 0.8 -0.4
v -0.9 0.9 -0.0999999
v -0.9 0.9 -0.3
v -0.9 1 0
v -0.9 1 -0.0999999
v -0.9 1 -0.3
v -0.9 1 -0.4
v -0.9 1.2 0
v -0.9 1.2 -0.0999999
v -0.9 1.2 -0.3
v -0.9 1.2 -0.4
v -0.9 1.3 -0.0999999
v -0.9 1.3 -0.3
v -0.9 2 0.9
v -0.9 2 0.2
v -0.9 2.1 1.2
v -0.9 2.1 1.1
v -0.9 2.1 0.9
v -0.9 2.1 0.8
v -0.9 2.1 0.2
v -0.9 2.2 1.2
v -0.9 2.2 1.1
v -0.9 2.2 0.8
v -0.9 2.4 1.2
v -0.9 2.4 1.1
v -0.9 2.4 0.8
v -0.9 2.5 1.2
v -0.9 2.5 1.1
v -0.9 2.5 0.9
v -0.9 2.5 0.8
v -0.9 2.5 0.2
v -0.9 2.6 0.9
v -0.9 2.6 0.2
v -0.8 0.3 0
v -0.8 0.3 -0.0999999
v -0.8 0.3 -0.3
v -0.8 0.3 -0.4
v -0.8 0.4 0
v -0.8 0.4 -0.0999999
v -0.8 0.4 -0.3
v -0.8 0.4 -0.4
v -0.8 0.8 0
v -0.8 0.8 -0.0999999
v -0.8 0.8 -0.3
v -0.8 0.8 -0.4
v -0.8 0.9 0
v -0.8 0.9 -0.0999999
v -0.8 0.9 -0.3
v -0.8 0.9 -0.4
v -0.7 2.2 1.2
v -0.7 2.2 1.1
v -0.7 2.4 1.2
v -0.7 2.4 1.1
v -0.4 0.9 -0.0999999
v -0.4 0.9 -0.3
v -0.4 1 0
v -0.4 1 -0.0999999
v -0.4 1 -0.3
v -0.4 1 -0.4
v -0.4 1.2 -0.0999999
v -0.4 1.2 -0.3
v -0.4 1.3 0
v -0.4 1.3 -0.4
v -0.4 2 0.1
v -0.4 2 0
v -0.4 2.1 0.2
v -0.4 2.1 0.1
v -0.4 2.1 0
v -0.4 2.2 0.3
v -0.4 2.2 0.2
v -0.4 2.4 0.3
v -0.4 2.4 0.2
v -0.4 2.5 0.2
v -0.4 2.5 0.1
v -0.4 2.5 0
v -0.4 2.6 0.1
v -0.4 2.6 0
v -0.3 0.9 0
v -0.3 0.9 -0.0999999
v -0.3 0.9 -0.3
v -0.3 0.9 -0.4
v -0.3 1 0.1
v -0.3 1 0
v -0.3 1 -0.0999999
v -0.3 1 -0.3
v -0.3 1 -0.4
v -0.3 1 -0.5
v -0.3 1.3 0.1
v -0.3 1.3 0
v -0.3 1.3 -0.4
v -0.3 1.3 -0.5
v -0.3 1.4 0
v -0.3 1.4 -0.4
v -0.3 1.9 0.1
v -0.3 1.9 -0.3
v -0.3 2 0.2
v -0.3 2 0.1
v -0.3 2 -0.0999999
v -0.3 2 -0.3
v -0.3 2 -0.4
v -0.3 2.1 0.3
v -0.3 2.1 0.2
v -0.3 2.1 0.1
v -0.3 2.1 -0.3
v -0.3 2.1 -0.4
v -0.3 2.1 -0.5
v -0.3 2.2 0.3
v -0.3 2.2 0.2
v -0.3 2.2 -0.4
v -0.3 2.2 -0.5
v -0.3 2.4 0.3
v -0.3 2.4 0.2
v -0.3 2.4 -0.4
v -0.3 2.4 -0.5
v -0.3 2.5 0.3
v -0.3 2.5 0.2
v -0.3 2.5 0.1
v -0.3 2.5 -0.3
v -0.3 2.5 -0.4
v -0.3 2.5 -0.5
v -0.3 2.6 0.2
v -0.3 2.6 0.1
v -0.3 2.6 -0.0999999
v -0.3 2.6 -0.3
v -0.3 2.6 -0.4
v -0.3 2.7 0.1
v -0.3 2.7 -0.0999999
v -0.3 2.7 -0.3
v -0.2 0 0.8
v -0.2 0 0.4
v -0.2 0 -0.8
v -0.2 0 -1.2
v -0.2 0.1 0.8
v -0.2 0.1 0.7
v -0.2 0.1 0.5
v -0.2 0.1 0.4
v -0.2 0.1 -0.8
v -0.2 0.1 -0.9
v -0.2 0.1 -1.1
v -0.2 0.1 -1.2
v -0.2 0.2 0.7
v -0.2 0.2 0.5
v -0.2 0.2 -0.9
v -0.2 0.2 -1.1
v -0.2 0.3 0.6
v -0.2 0.3 0.5
v -0.2 0.3 -0.9
v -0.2 0.3 -1
v -0.2 0.4 0.7
v -0.2 0.4 0.6
v -0.2 0.4 -1
v -0.2 0.4 -1.1
v -0.2 0.7 0.7
v -0.2 0.7 0.6
v -0.2 0.7 -1
v -0.2 0.7 -1.1
v -0.2 0.8 0.6
v -0.2 0.8 0.5
v -0.2 0.8 -0.9
v -0.2 0.8 -1
v -0.2 0.9 0.1
v -0.2 0.9 0
v -0.2 0.9 -0.4
v -0.2 0.9 -0.5
v -0.2 1 0.7
v -0.2 1 0.5
v -0.2 1 0.2
v -0.2 1 0.1
v -0.2 1 0
v -0.2 1 -0.4
v -0.2 1 -0.5
v -0.2 1 -0.6
v -0.2 1 -0.9
v -0.2 1 -1.1
v -0.2 1.2 0.7
v -0.2 1.2 0.5
v -0.2 1.2 -0.9
v -0.2 1.2 -1.1
v -0.2 1.3 0.2
v -0.2 1.3 0.1
v -0.2 1.3 0
v -0.2 1.3 -0.4
v -0.2 1.3 -0.5
v -0.2 1.3 -0.6
v -0.2 1.4 0.1
v -0.2 1.4 0
v -0.2 1.4 -0.4
v -0.2 1.4 -0.5
v -0.2 1.8 0.1
v -0.2 1.8 -0.3
v -0.2 1.9 0.2
v -0.2 1.9 0.1
v -0.2 1.9 -0.3
v -0.2 1.9 -0.4
v -0.2 2 0.3
v -0.2 2 0.2
v -0.2 2 0.1
v -0.2 2 -0.3
v -0.2 2 -0.4
v -0.2 2 -0.5
v -0.2 2.1 0.3
v -0.2 2.1 0.2
v -0.2 2.1 -0.4
v -0.2 2.1 -0.5
v -0.2 2.5 0.3
v -0.2 2.5 0.2
v -0.2 2.5 -0.4
v -0.2 2.5 -0.5
v -0.2 2.6 0.3
v -0.2 2.6 0.2
v -0.2 2.6 0.1
v -0.2 2.6 -0.3
v -0.2 2.6 -0.4
v -0.2 2.6 -0.5
v -0.2 2.7 0.2
v -0.2 2.7 0.1
v -0.2 2.7 -0.3
v -0.2 2.7 -0.4
v -0.1 0.1 0.8
v -0.1 0.1 0.7
v -0.1 0.1 0.5
v -0.1 0.1 0.4
v -0.1 0.1 -0.8
v -0.1 0.1 -0.9
v -0.1 0.1 -1.1
v -0.1 0.1 -1.2
v -0.1 0.2 0.8
v -0.1 0.2 0.7
v -0.1 0.2 0.5
v -0.1 0.2 0.4
v -0.1 0.2 -0.8
v -0.1 0.2 -0.9
v -0.1 0.2 -1.1
v -0.1 0.2 -1.2
v -0.1 0.3 0.8
v -0.1 0.3 0.7
v -0.1 0.3 0.6
v -0.1 0.3 -1
v -0.1 0.3 -1.1
v -0.1 0.3 -1.2
v -0.1 0.4 0.7
v -0.1 0.4 0.6
v -0.1 0.4 -1
v -0.1 0.4 -1.1
v -0.1 0.7 0.7
v -0.1 0.7 0.6
v -0.1 0.7 -1
v -0.1 0.7 -1.1
v -0.1 0.8 0.8
v -0.1 0.8 0.7
v -0.1 0.8 0.6
v -0.1 0.8 0.5
v -0.1 0.8 -0.9
v -0.1 0.8 -1
v -0.1 0.8 -1.1
v -0.1 0.8 -1.2
v -0.1 0.9 0.2
v -0.1 0.9 0.1
v -0.1 0.9 -0.5
v -0.1 0.9 -0.6
v -0.1 1 0.8
v -0.1 1 0.7
v -0.1 1 0.5
v -0.1 1 0.2
v -0.1 1 0.1
v -0.1 1 -0.5
v -0.1 1 -0.6
v -0.1 1 -0.9
v -0.1 1 -1.1
v -0.1 1 -1.2
v -0.1 1.2 0.8
v -0.1 1.2 0.7
v -0.1 1.2 0.5
v -0.1 1.2 0.2
v -0.1 1.2 -0.6
v -0.1 1.2 -0.9
v -0.1 1.2 -1.1
v -0.1 1.2 -1.2
v -0.1 1.3 0.7
v -0.1 1.3 0.5
v -0.1 1.3 -0.9
v -0.1 1.3 -1.1
v -0.1 1.4 -0.0999999
v -0.1 1.4 -0.3
v -0.1 1.8 0.2
v -0.1 1.8 0.1
v -0.1 1.8 -0.0999999
v -0.1 1.8 -0.3
v -0.1 1.8 -0.4
v -0.1 1.9 0.3
v -0.1 1.9 0.2
v -0.1 1.9 0.1
v -0.1 1.9 -0.3
v -0.1 1.9 -0.4
v -0.1 1.9 -0.5
v -0.1 2 0.3
v -0.1 2 0.2
v -0.1 2 -0.4
v -0.1 2 -0.5
v 0.0999999 2.1 0.3
v 0.0999999 2.1 0.2
v 0.0999999 2.2 0.3
v 0.0999999 2.2 0.2
v 0.0999999 2.4 0.3
v 0.0999999 2.4 0.2
v 0.0999999 2.5 0.3
v 0.0999999 2.5 0.2
v 0.2 2.2 0.3
v 0.2 2.2 0.2
v 0.2 2.4 0.3
v 0.2 2.4 0.2
v 0.4 2 -0.3
v 0.4 2 -0.4
v 0.4 2.1 -0.3
v 0.4 2.1 -0.4
v 0.4 2.1 -0.5
v 0.4 2.2 -0.4
v 0.4 2.2 -0.5
v 0.4 2.4 -0.4
v 0.4 2.4 -0.5
v 0.4 2.5 -0.3
v 0.4 2.5 -0.4
v 0.4 2.5 -0.5
v 0.4 2.6 -0.3
v 0.4 2.6 -0.4
v 0.5 1.9 0
v 0.5 1.9 -0.4
v 0.5 2 0.1
v 0.5 2 0
v 0.5 2 -0.4
v 0.5 2 -0.5
v 0.5 2.1 0.2
v 0.5 2.1 0.1
v 0.5 2.1 0
v 0.5 2.1 -0.4
v 0.5 2.1 -0.5
v 0.5 2.1 -0.6
v 0.5 2.2 0.9
v 0.5 2.2 0.2
v 0.5 2.4 0.9
v 0.5 2.4 0.2
v 0.5 2.5 0.2
v 0.5 2.5 0.1
v 0.5 2.5 0
v 0.5 2.5 -0.4
v 0.5 2.5 -0.5
v 0.5 2.5 -0.6
v 0.5 2.6 0.1
v 0.5 2.6 0
v 0.5 2.6 -0.4
v 0.5 2.6 -0.5
v 0.5 2.7 0
v 0.5 2.7 -0.4
v 0.6 0 0
v 0.6 0 -0.4
v 0.6 0.1 0
v 0.6 0.1 -0.0999999
v 0.6 0.1 -0.3
v 0.6 0.1 -0.4
v 0.6 0.2 -0.0999999
v 0.6 0.2 -0.3
v 0.6 1.9 0.1
v 0.6 1.9 0
v 0.6 1.9 -0.4
v 0.6 1.9 -0.5
v 0.6 2 0.2
v 0.6 2 0.1
v 0.6 2 0
v 0.6 2 -0.4
v 0.6 2 -0.5
v 0.6 2 -0.6
v 0.6 2.1 0.8
v 0.6 2.1 0.2
v 0.6 2.1 0.1
v 0.6 2.1 -0.5
v 0.6 2.1 -0.6
v 0.6 2.2 1.2
v 0.6 2.2 1.1
v 0.6 2.2 0.9
v 0.6 2.2 0.8
v 0.6 2.2 0.2
v 0.6 2.4 1.2
v 0.6 2.4 1.1
v 0.6 2.4 0.9
v 0.6 2.4 0.8
v 0.6 2.4 0.2
v 0.6 2.5 0.8
v 0.6 2.5 0.2
v 0.6 2.5 0.1
v 0.6 2.5 -0.5
v 0.6 2.5 -0.6
v 0.6 2.6 0.2
v 0.6 2.6 0.1
v 0.6 2.6 0
v 0.6 2.6 -0.4
v 0.6 2.6 -0.5
v 0.6 2.6 -0.6
v 0.6 2.7 0.1
v 0.6 2.7 0
v 0.6 2.7 -0.4
v 0.6 2.7 -0.5
v 0.7 0.1 0
v 0.7 0.1 -0.0999999
v 0.7 0.1 -0.3
v 0.7 0.1 -0.4
v 0.7 0.2 0
v 0.7 0.2 -0.0999999
v 0.7 0.2 -0.3
v 0.7 0.2 -0.4
v 0.7 0.3 0
v 0.7 0.3 -0.0999999
v 0.7 0.3 -0.3
v 0.7 0.3 -0.4
v 0.7 0.9 0
v 0.7 0.9 -0.0999999
v 0.7 0.9 -0.3
v 0.7 0.9 -0.4
v 0.7 1 0
v 0.7 1 -0.0999999
v 0.7 1 -0.3
v 0.7 1 -0.4
v 0.7 1.2 0
v 0.7 1.2 -0.0999999
v 0.7 1.2 -0.3
v 0.7 1.2 -0.4
v 0.7 1.3 -0.0999999
v 0.7 1.3 -0.3
v 0.7 2 0.9
v 0.7 2 0.2
v 0.7 2.1 1.2
v 0.7 2.1 1.1
v 0.7 2.1 0.9
v 0.7 2.1 0.8
v 0.7 2.1 0.2
v 0.7 2.2 1.2
v 0.7 2.2 1.1
v 0.7 2.2 0.8
v 0.7 2.4 1.2
v 0.7 2.4 1.1
v 0.7 2.4 0.8
v 0.7 2.5 1.2
v 0.7 2.5 1.1
v 0.7 2.5 0.9
v 0.7 2.5 0.8
v 0.7 2.5 0.2
v 0.7 2.6 0.9
v 0.7 2.6 0.2
v 0.9 2.2 1.2
v 0.9 2.2 1.1
v 0.9 2.4 1.2
v 0.9 2.4 1.1
v -0.9 2.2 1.2
v -0.9 2.2 1.1
v -0.9 2.4 1.2
v -0.9 2.4 1.1
v -0.7 0.1 0
v -0.7 0.1 -0.0999999
v -0.7 0.1 -0.3
v -0.7 0.1 -0.4
v -0.7 0.2 0
v -0.7 0.2 -0.0999999
v -0.7 0.2 -0.3
v -0.7 0.2 -0.4
v -0.7 0.3 0
v -0.7 0.3 -0.0999999
v -0.7 0.3 -0.3
v -0.7 0.3 -0.4
v -0.7 0.9 0
v -0.7 0.9 -0.0999999
v -0.7 0.9 -0.3
v -0.7 0.9 -0.4
v -0.7 1 0
v -0.7 1 -0.0999999
v -0.7 1 -0.3
v -0.7 1 -0.4
v -0.7 1.2 0
v -0.7 1.2 -0.0999999
v -0.7 1.2 -0.3
v -0.7 1.2 -0.4
v -0.7 1.3 -0.0999999
v -0.7 1.3 -0.3
v -0.7 2 0.9
v -0.7 2 0.2
v -0.7 2.1 1.2
v -0.7 2.1 1.1
v -0.7 2.1 0.9
v -0.7 2.1 0.8
v -0.7 2.1 0.2
v -0.7 2.2 1.2
v -0.7 2.2 1.1
v -0.7 2.2 0.8
v -0.7 2.4 1.2
v -0.7 2.4 1.1
v -0.7 2.4 0.8
v -0.7 2.5 1.2
v -0.7 2.5 1.1
v -0.7 2.5 0.9
v -0.7 2.5 0.8
v -0.7 2.5 0.2
v -0.7 2.6 0.9
v -0.7 2.6 0.2
v -0.6 0 0
v -0.6 0 -0.4
v -0.6 0.1 0
v -0.6 0.1 -0.0999999
v -0.6 0.1 -0.3
v -0.6 0.1 -0.4
v -0.6 0.2 -0.0999999
v -0.6 0.2 -0.3
v -0.6 1.9 0.1
v -0.6 1.9 0
v -0.6 1.9 -0.4
v -0.6 1.9 -0.5
v -0.6 2 0.2
v -0.6 2 0.1
v -0.6 2 0
v -0.6 2 -0.4
v -0.6 2 -0.5
v -0.6 2 -0.6
v -0.6 2.1 0.8
v -0.6 2.1 0.2
v -0.6 2.1 0.1
v -0.6 2.1 -0.5
v -0.6 2.1 -0.6
v -0.6 2.2 1.2
v -0.6 2.2 1.1
v -0.6 2.2 0.9
v -0.6 2.2 0.8
v -0.6 2.2 0.2
v -0.6 2.4 1.2
v -0.6 2.4 1.1
v -0.6 2.4 0.9
v -0.6 2.4 0.8
v -0.6 2.4 0.2
v -0.6 2.5 0.8
v -0.6 2.5 0.2
v -0.6 2.5 0.1
v -0.6 2.5 -0.5
v -0.6 2.5 -0.6
v -0.6 2.6 0.2
v -0.6 2.6 0.1
v -0.6 2.6 0
v -0.6 2.6 -0.4
v -0.6 2.6 -0.5
v -0.6 2.6 -0.6
v -0.6 2.7 0.1
v -0.6 2.7 0
v -0.6 2.7 -0.4
v -0.6 2.7 -0.5
v -0.5 1.9 0
v -0.5 1.9 -0.4
v -0.5 2 0.1
v -0.5 2 0
v -0.5 2 -0.4
v -0.5 2 -0.5
v -0.5 2.1 0.2
v -0.5 2.1 0.1
v -0.5 2.1 0
v -0.5 2.1 -0.4
v -0.5 2.1 -0.5
v -0.5 2.1 -0.6
v -0.5 2.2 0.9
v -0.5 2.2 0.2
v -0.5 2.4 0.9
v -0.5 2.4 0.2
v -0.5 2.5 0.2
v -0.5 2.5 0.1
v -0.5 2.5 0
v -0.5 2.5 -0.4
v -0.5 2.5 -0.5
v -0.5 2.5 -0.6
v -0.5 2.6 0.1
v -0.5 2.6 0
v -0.5 2.6 -0.4
v -0.5 2.6 -0.5
v -0.5 2.7 0
v -0.5 2.7 -0.4
v -0.4 2 -0.3
v -0.4 2 -0.4
v -0.4 2.1 -0.3
v -0.4 2.1 -0.4
v -0.4 2.1 -0.5
v -0.4 2.2 -0.4
v -0.4 2.2 -0.5
v -0.4 2.4 -0.4
v -0.4 2.4 -0.5
v -0.4 2.5 -0.3
v -0.4 2.5 -0.4
v -0.4 2.5 -0.5
v -0.4 2.6 -0.3
v -0.4 2.6 -0.4
v -0.2 2.2 0.3
v -0.2 2.2 0.2
v -0.2 2.4 0.3
v -0.2 2.4 0.2
v -0.1 2.1 0.3
v -0.1 2.1 0.2
v -0.1 2.2 0.3
v -0.1 2.2 0.2
v -0.1 2.4 0.3
v -0.1 2.4 0.2
v -0.1 2.5 0.3
v -0.1 2.5 0.2
v 0.0999999 0.1 0.8
v 0.0999999 0.1 0.7
v 0.0999999 0.1 0.5
v 0.0999999 0.1 0.4
v 0.0999999 0.1 -0.8
v 0.0999999 0.1 -0.9
v 0.0999999 0.1 -1.1
v 0.0999999 0.1 -1.2
v 0.0999999 0.2 0.8
v 0.0999999 0.2 0.7
v 0.0999999 0.2 0.5
v 0.0999999 0.2 0.4
v 0.0999999 0.2 -0.8
v 0.0999999 0.2 -0.9
v 0.0999999 0.2 -1.1
v 0.0999999 0.2 -1.2
v 0.0999999 0.3 0.8
v 0.0999999 0.3 0.7
v 0.0999999 0.3 0.6
v 0.0999999 0.3 -1
v 0.0999999 0.3 -1.1
v 0.0999999 0.3 -1.2
v 0.0999999 0.4 0.7
v 0.0999999 0.4 0.6
v 0.0999999 0.4 -1
v 0.0999999 0.4 -1.1
v 0.0999999 0.7 0.7
v 0.0999999 0.7 0.6
v 0.0999999 0.7 -1
v 0.0999999 0.7 -1.1
v 0.0999999 0.8 0.8
v 0.0999999 0.8 0.7
v 0.0999999 0.8 0.6
v 0.0999999 0.8 0.5
v 0.0999999 0.8 -0.9
v 0.0999999 0.8 -1
v 0.0999999 0.8 -1.1
v 0.0999999 0.8 -1.2
v 0.0999999 0.9 0.2
v 0.0999999 0.9 0.1
v 0.0999999 0.9 -0.5
v 0.0999999 0.9 -0.6
v 0.0999999 1 0.8
v 0.0999999 1 0.7
v 0.0999999 1 0.5
v 0.0999999 1 0.2
v 0.0999999 1 0.1
v 0.0999999 1 -0.5
v 0.0999999 1 -0.6
v 0.0999999 1 -0.9
v 0.0999999 1 -1.1
v 0.0999999 1 -1.2
v 0.0999999 1.2 0.8
v 0.0999999 1.2 0.7
v 0.0999999 1.2 0.5
v 0.0999999 1.2 0.2
v 0.0999999 1.2 -0.6
v 0.0999999 1.2 -0.9
v 0.0999999 1.2 -1.1
v 0.0999999 1.2 -1.2
v 0.0999999 1.3 0.7
v 0.0999999 1.3 0.5
v 0.0999999 1.3 -0.9
v 0.0999999 1.3 -1.1
v 0.0999999 1.4 -0.0999999
v 0.0999999 1.4 -0.3
v 0.0999999 1.8 0.2
v 0.0999999 1.8 0.1
v 0.0999999 1.8 -0.0999999
v 0.0999999 1.8 -0.3
v 0.0999999 1.8 -0.4
v 0.0999999 1.9 0.3
v 0.0999999 1.9 0.2
v 0.0999999 1.9 0.1
v 0.0999999 1.9 -0.3
v 0.0999999 1.9 -0.4
v 0.0999999 1.9 -0.5
v 0.0999999 2 0.3
v 0.0999999 2 0.2
v 0.0999999 2 -0.4
v 0.0999999 2 -0.5
v 0.2 0 0.8
v 0.2 0 0.4
v 0.2 0 -0.8
v 0.2 0 -1.2
v 0.2 0.1 0.8
v 0.2 0.1 0.7
v 0.2 0.1 0.5
v 0.2 0.1 0.4
v 0.2 0.1 -0.8
v 0.2 0.1 -0.9
v 0.2 0.1 -1.1
v 0.2 0.1 -1.2
v 0.2 0.2 0.7
v 0.2 0.2 0.5
v 0.2 0.2 -0.9
v 0.2 0.2 -1.1
v 0.2 0.3 0.6
v 0.2 0.3 0.5
v 0.2 0.3 -0.9
v 0.2 0.3 -1
v 0.2 0.4 0.7
v 0.2 0.4 0.6
v 0.2 0.4 -1
v 0.2 0.4 -1.1
v 0.2 0.7 0.7
v 0.2 0.7 0.6
v 0.2 0.7 -1
v 0.2 0.7 -1.1
v 0.2 0.8 0.6
v 0.2 0.8 0.5
v 0.2 0.8 -0.9
v 0.2 0.8 -1
v 0.2 0.9 0.1
v 0.2 0.9 0
v 0.2 0.9 -0.4
v 0.2 0.9 -0.5
v 0.2 1 0.7
v 0.2 1 0.5
v 0.2 1 0.2
v 0.2 1 0.1
v 0.2 1 0
v 0.2 1 -0.4
v 0.2 1 -0.5
v 0.2 1 -0.6
v 0.2 1 -0.9
v 0.2 1 -1.1
v 0.2 1.2 0.7
v 0.2 1.2 0.5
v 0.2 1.2 -0.9
v 0.2 1.2 -1.1
v 0.2 1.3 0.2
v 0.2 1.3 0.1
v 0.2 1.3 0
v 0.2 1.3 -0.4
v 0.2 1.3 -0.5
v 0.2 1.3 -0.6
v 0.2 1.4 0.1
v 0.2 1.4 0
v 0.2 1.4 -0.4
v 0.2 1.4 -0.5
v 0.2 1.8 0.1
v 0.2 1.8 -0.3
v 0.2 1.9 0.2
v 0.2 1.9 0.1
v 0.2 1.9 -0.3
v 0.2 1.9 -0.4
v 0.2 2 0.3
v 0.2 2 0.2
v 0.2 2 0.1
v 0.2 2 -0.3
v 0.2 2 -0.4
v 0.2 2 -0.5
v 0.2 2.1 0.3
v 0.2 2.1 0.2
v 0.2 2.1 -0.4
v 0.2 2.1 -0.5
v 0.2 2.5 0.3
v 0.2 2.5 0.2
v 0.2 2.5 -0.4
v 0.2 2.5 -0.5
v 0.2 2.6 0.3
v 0.2 2.6 0.2
v 0.2 2.6 0.1
v 0.2 2.6 -0.3
v 0.2 2.6 -0.4
v 0.2 2.6 -0.5
v 0.2 2.7 0.2
v 0.2 2.7 0.1
v 0.2 2.7 -0.3
v 0.2 2.7 -0.4
v 0.3 0.9 0
v 0.3 0.9 -0.0999999
v 0.3 0.9 -0.3
v 0.3 0.9 -0.4
v 0.3 1 0.1
v 0.3 1 0
v 0.3 1 -0.0999999
v 0.3 1 -0.3
v 0.3 1 -0.4
v 0.3 1 -0.5
v 0.3 1.3 0.1
v 0.3 1.3 0
v 0.3 1.3 -0.4
v 0.3 1.3 -0.5
v 0.3 1.4 0
v 0.3 1.4 -0.4
v 0.3 1.9 0.1
v 0.3 1.9 -0.3
v 0.3 2 0.2
v 0.3 2 0.1
v 0.3 2 -0.0999999
v 0.3 2 -0.3
v 0.3 2 -0.4
v 0.3 2.1 0.3
v 0.3 2.1 0.2
v 0.3 2.1 0.1
v 0.3 2.1 -0.3
v 0.3 2.1 -0.4
v 0.3 2.1 -0.5
v 0.3 2.2 0.3
v 0.3 2.2 0.2
v 0.3 2.2 -0.4
v 0.3 2.2 -0.5
v 0.3 2.4 0.3
v 0.3 2.4 0.2
v 0.3 2.4 -0.4
v 0.3 2.4 -0.5
v 0.3 2.5 0.3
v 0.3 2.5 0.2
v 0.3 2.5 0.1
v 0.3 2.5 -0.3
v 0.3 2.5 -0.4
v 0.3 2.5 -0.5
v 0.3 2.6 0.2
v 0.3 2.6 0.1
v 0.3 2.6 -0.0999999
v 0.3 2.6 -0.3
v 0.3 2.6 -0.4
v 0.3 2.7 0.1
v 0.3 2.7 -0.0999999
v 0.3 2.7 -0.3
v 0.4 0.9 -0.0999999
v 0.4 0.9 -0.3
v 0.4 1 0
v 0.4 1 -0.0999999
v 0.4 1 -0.3
v 0.4 1 -0.4
v 0.4 1.2 -0.0999999
v 0.4 1.2 -0.3
v 0.4 1.3 0
v 0.4 1.3 -0.4
v 0.4 2 0.1
v 0.4 2 0
v 0.4 2.1 0.2
v 0.4 2.1 0.1
v 0.4 2.1 0
v 0.4 2.2 0.3
v 0.4 2.2 0.2
v 0.4 2.4 0.3
v 0.4 2.4 0.2
v 0.4 2.5 0.2
v 0.4 2.5 0.1
v 0.4 2.5 0
v 0.4 2.6 0.1
v 0.4 2.6 0
v 0.7 2.2 1.2
v 0.7 2.2 1.1
v 0.7 2.4 1.2
v 0.7 2.4 1.1
v 0.8 0.3 0
v 0.8 0.3 -0.0999999
v 0.8 0.3 -0.3
v 0.8 0.3 -0.4
v 0.8 0.4 0
v 0.8 0.4 -0.0999999
v 0.8 0.4 -0.3
v 0.8 0.4 -0.4
v 0.8 0.8 0
v 0.8 0.8 -0.0999999
v 0.8 0.8 -0.3
v 0.8 0.8 -0.4
v 0.8 0.9 0
v 0.8 0.9 -0.0999999
v 0.8 0.9 -0.3
v 0.8 0.9 -0.4
v 0.9 0.1 0
v 0.9 0.1 -0.0999999
v 0.9 0.1 -0.3
v 0.9 0.1 -0.4
v 0.9 0.2 0
v 0.9 0.2 -0.0999999
v 0.9 0.2 -0.3
v 0.9 0.2 -0.4
v 0.9 0.4 0
v 0.9 0.4 -0.0999999
v 0.9 0.4 -0.3
v 0.9 0.4 -0.4
v 0.9 0.8 0
v 0.9 0.8 -0.0999999
v 0.9 0.8 -0.3
v 0.9 0.8 -0.4
v 0.9 0.9 -0.0999999
v 0.9 0.9 -0.3
v 0.9 1 0
v 0.9 1 -0.0999999
v 0.9 1 -0.3
v 0.9 1 -0.4
v 0.9 1.2 0
v 0.9 1.2 -0.0999999
v 0.9 1.2 -0.3
v 0.9 1.2 -0.4
v 0.9 1.3 -0.0999999
v 0.9 1.3 -0.3
v 0.9 2 0.9
v 0.9 2 0.2
v 0.9 2.1 1.2
v 0.9 2.1 1.1
v 0.9 2.1 0.9
v 0.9 2.1 0.8
v 0.9 2.1 0.2
v 0.9 2.2 1.2
v 0.9 2.2 1.1
v 0.9 2.2 0.8
v 0.9 2.4 1.2
v 0.9 2.4 1.1
v 0.9 2.4 0.8
v 0.9 2.5 1.2
v 0.9 2.5 1.1
v 0.9 2.5 0.9
v 0.9 2.5 0.8
v 0.9 2.5 0.2
v 0.9 2.6 0.9
v 0.9 2.6 0.2
v 1 0 0
v 1 0 -0.4
v 1 0.1 0
v 1 0.1 -0.0999999
v 1 0.1 -0.3
v 1 0.1 -0.4
v 1 0.2 -0.0999999
v 1 0.2 -0.3
v 1 0.3 -0.0999999
v 1 0.3 -0.3
v 1 0.9 -0.0999999
v 1 0.9 -0.3
v 1 1 -0.0999999
v 1 1 -0.3
v 1 1.2 -0.0999999
v 1 1.2 -0.3
v 1 1.9 0.1
v 1 1.9 0
v 1 1.9 -0.4
v 1 1.9 -0.5
v 1 2 0.2
v 1 2 0.1
v 1 2 0
v 1 2 -0.4
v 1 2 -0.5
v 1 2 -0.6
v 1 2.1 0.8
v 1 2.1 0.2
v 1 2.1 0.1
v 1 2.1 -0.5
v 1 2.1 -0.6
v 1 2.2 1.2
v 1 2.2 1.1
v 1 2.2 0.9
v 1 2.2 0.8
v 1 2.2 0.2
v 1 2.4 1.2
v 1 2.4 1.1
v 1 2.4 0.9
v 1 2.4 0.8
v 1 2.4 0.2
v 1 2.5 0.8
v 1 2.5 0.2
v 1 2.5 0.1
v 1 2.5 -0.5
v 1 2.5 -0.6
v 1 2.6 0.2
v 1 2.6 0.1
v 1 2.6 0
v 1 2.6 -0.4
v 1 2.6 -0.5
v 1 2.6 -0.6
v 1 2.7 0.1
v 1 2.7 0
v 1 2.7 -0.4
v 1 2.7 -0.5
v 1.1 1.9 0
v 1.1 1.9 -0.4
v 1.1 2 0.1
v 1.1 2 0
v 1.1 2 -0.4
v 1.1 2 -0.5
v 1.1 2.1 0.2
v 1.1 2.1 0.1
v 1.1 2.1 0
v 1.1 2.1 -0.4
v 1.1 2.1 -0.5
v 1.1 2.1 -0.6
v 1.1 2.2 0.9
v 1.1 2.2 0.2
v 1.1 2.4 0.9
v 1.1 2.4 0.2
v 1.1 2.5 0.2
v 1.1 2.5 0.1
v 1.1 2.5 0
v 1.1 2.5 -0.4
v 1.1 2.5 -0.5
v 1.1 2.5 -0.6
v 1.1 2.6 0.1
v 1.1 2.6 0
v 1.1 2.6 -0.4
v 1.1 2.6 -0.5
v 1.1 2.7 0
v 1.1 2.7 -0.4
v 1.2 2 0
v 1.2 2 -0.4
v 1.2 2.1 0.1
v 1.2 2.1 0
v 1.2 2.1 -0.4
v 1.2 2.1 -0.5
v 1.2 2.5 0.1
v 1.2 2.5 0
v 1.2 2.5 -0.4
v 1.2 2.5 -0.5
v 1.2 2.6 0
v 1.2 2.6 -0.4
v -1 2.2 1.2
v -1 2.4 1.2
v -0.9 2.1 1.2
v -0.9 2.2 1.2
v -0.9 2.4 1.2
v -0.9 2.5 1.2
v -0.7 2.1 1.2
v -0.7 2.2 1.2
v -0.7 2.4 1.2
v -0.7 2.5 1.2
v -0.6 2.2 1.2
v -0.6 2.4 1.2
v 0.6 2.2 1.2
v 0.6 2.4 1.2
v 0.7 2.1 1.2
v 0.7 2.2 1.2
v 0.7 2.4 1.2
v 0.7 2.5 1.2
v 0.9 2.1 1.2
v 0.9 2.2 1.2
v 0.9 2.4 1.2
v 0.9 2.5 1.2
v 1 2.2 1.2
v 1 2.4 1.2
v -0.9 2.2 1.1
v -0.9 2.4 1.1
v -0.7 2.2 1.1
v -0.7 2.4 1.1
v 0.7 2.2 1.1
v 0.7 2.4 1.1
v 0.9 2.2 1.1
v 0.9 2.4 1.1
v -1.1 2.2 0.9
v -1.1 2.4 0.9
v -1 2.2 0.9
v -1 2.4 0.9
v -0.9 2 0.9
v -0.9 2.1 0.9
v -0.9 2.5 0.9
v -0.9 2.6 0.9
v -0.7 2 0.9
v -0.7 2.1 0.9
v -0.7 2.5 0.9
v -0.7 2.6 0.9
v -0.6 2.2 0.9
v -0.6 2.4 0.9
v -0.5 2.2 0.9
v -0.5 2.4 0.9
v 0.5 2.2 0.9
v 0.5 2.4 0.9
v 0.6 2.2 0.9
v 0.6 2.4 0.9
v 0.7 2 0.9
v 0.7 2.1 0.9
v 0.7 2.5 0.9
v 0.7 2.6 0.9
v 0.9 2 0.9
v 0.9 2.1 0.9
v 0.9 2.5 0.9
v 0.9 2.6 0.9
v 1 2.2 0.9
v 1 2.4 0.9
v 1.1 2.2 0.9
v 1.1 2.4 0.9
v -1 2.1 0.8
v -1 2.2 0.8
v -1 2.4 0.8
v -1 2.5 0.8
v -0.9 2.1 0.8
v -0.9 2.2 0.8
v -0.9 2.4 0.8
v -0.9 2.5 0.8
v -0.7 2.1 0.8
v -0.7 2.2 0.8
v -0.7 2.4 0.8
v -0.7 2.5 0.8
v -0.6 2.1 0.8
v -0.6 2.2 0.8
v -0.6 2.4 0.8
v -0.6 2.5 0.8
v -0.2 0 0.8
v -0.2 0.1 0.8
v -0.1 0.1 0.8
v -0.1 0.2 0.8
v -0.1 0.3 0.8
v -0.1 0.8 0.8
v -0.1 1 0.8
v -0.1 1.2 0.8
v 0.0999999 0.1 0.8
v 0.0999999 0.2 0.8
v 0.0999999 0.3 0.8
v 0.0999999 0.8 0.8
v 0.0999999 1 0.8
v 0.0999999 1.2 0.8
v 0.2 0 0.8
v 0.2 0.1 0.8
v 0.6 2.1 0.8
v 0.6 2.2 0.8
v 0.6 2.4 0.8
v 0.6 2.5 0.8
v 0.7 2.1 0.8
v 0.7 2.2 0.8
v 0.7 2.4 0.8
v 0.7 2.5 0.8
v 0.9 2.1 0.8
v 0.9 2.2 0.8
v 0.9 2.4 0.8
v 0.9 2.5 0.8
v 1 2.1 0.8
v 1 2.2 0.8
v 1 2.4 0.8
v 1 2.5 0.8
v -0.2 0.1 0.7
v -0.2 0.2 0.7
v -0.2 0.4 0.7
v -0.2 0.7 0.7
v -0.2 1 0.7
v -0.2 1.2 0.7
v -0.1 0.1 0.7
v -0.1 0.2 0.7
v -0.1 0.4 0.7
v -0.1 0.7 0.7
v -0.1 0.8 0.7
v -0.1 1 0.7
v -0.1 1.2 0.7
v -0.1 1.3 0.7
v 0.0999999 0.1 0.7
v 0.0999999 0.2 0.7
v 0.0999999 0.4 0.7
v 0.0999999 0.7 0.7
v 0.0999999 0.8 0.7
v 0.0999999 1 0.7
v 0.0999999 1.2 0.7
v 0.0999999 1.3 0.7
v 0.2 0.1 0.7
v 0.2 0.2 0.7
v 0.2 0.4 0.7
v 0.2 0.7 0.7
v 0.2 1 0.7
v 0.2 1.2 0.7
v -0.2 0.3 0.6
v -0.2 0.4 0.6
v -0.2 0.7 0.6
v -0.2 0.8 0.6
v -0.1 0.3 0.6
v -0.1 0.4 0.6
v -0.1 0.7 0.6
v -0.1 0.8 0.6
v 0.0999999 0.3 0.6
v 0.0999999 0.4 0.6
v 0.0999999 0.7 0.6
v 0.0999999 0.8 0.6
v 0.2 0.3 0.6
v 0.2 0.4 0.6
v 0.2 0.7 0.6
v 0.2 0.8 0.6
v -0.4 2.2 0.3
v -0.4 2.4 0.3
v -0.3 2.1 0.3
v -0.3 2.2 0.3
v -0.3 2.4 0.3
v -0.3 2.5 0.3
v -0.2 2 0.3
v -0.2 2.1 0.3
v -0.2 2.2 0.3
v -0.2 2.4 0.3
v -0.2 2.5 0.3
v -0.2 2.6 0.3
v -0.1 1.9 0.3
v -0.1 2 0.3
v -0.1 2.1 0.3
v -0.1 2.2 0.3
v -0.1 2.4 0.3
v -0.1 2.5 0.3
v 0.0999999 1.9 0.3
v 0.0999999 2 0.3
v 0.0999999 2.1 0.3
v 0.0999999 2.2 0.3
v 0.0999999 2.4 0.3
v 0.0999999 2.5 0.3
v 0.2 2 0.3
v 0.2 2.1 0.3
v 0.2 2.2 0.3
v 0.2 2.4 0.3
v 0.2 2.5 0.3
v 0.2 2.6 0.3
v 0.3 2.1 0.3
v 0.3 2.2 0.3
v 0.3 2.4 0.3
v 0.3 2.5 0.3
v 0.4 2.2 0.3
v 0.4 2.4 0.3
v -1.1 2.1 0.2
v -1.1 2.2 0.2
v -1.1 2.4 0.2
v -1.1 2.5 0.2
v -1 2 0.2
v -1 2.1 0.2
v -1 2.2 0.2
v -1 2.4 0.2
v -1 2.5 0.2
v -1 2.6 0.2
v -0.9 2 0.2
v -0.9 2.1 0.2
v -0.9 2.5 0.2
v -0.9 2.6 0.2
v -0.7 2 0.2
v -0.7 2.1 0.2
v -0.7 2.5 0.2
v -0.7 2.6 0.2
v -0.6 2 0.2
v -0.6 2.1 0.2
v -0.6 2.2 0.2
v -0.6 2.4 0.2
v -0.6 2.5 0.2
v -0.6 2.6 0.2
v -0.5 2.1 0.2
v -0.5 2.2 0.2
v -0.5 2.4 0.2
v -0.5 2.5 0.2
v -0.4 2.1 0.2
v -0.4 2.2 0.2
v -0.4 2.4 0.2
v -0.4 2.5 0.2
v -0.3 2 0.2
v -0.3 2.1 0.2
v -0.3 2.2 0.2
v -0.3 2.4 0.2
v -0.3 2.5 0.2
v -0.3 2.6 0.2
v -0.2 1 0.2
v -0.2 1.3 0.2
v -0.2 1.9 0.2
v -0.2 2 0.2
v -0.2 2.1 0.2
v -0.2 2.2 0.2
v -0.2 2.4 0.2
v -0.2 2.5 0.2
v -0.2 2.6 0.2
v -0.2 2.7 0.2
v -0.1 0.9 0.2
v -0.1 1 0.2
v -0.1 1.2 0.2
v -0.1 1.8 0.2
v -0.1 1.9 0.2
v -0.1 2 0.2
v -0.1 2.1 0.2
v -0.1 2.2 0.2
v -0.1 2.4 0.2
v -0.1 2.5 0.2
v 0.0999999 0.9 0.2
v 0.0999999 1 0.2
v 0.0999999 1.2 0.2
v 0.0999999 1.8 0.2
v 0.0999999 1.9 0.2
v 0.0999999 2 0.2
v 0.0999999 2.1 0.2
v 0.0999999 2.2 0.2
v 0.0999999 2.4 0.2
v 0.0999999 2.5 0.2
v 0.2 1 0.2
v 0.2 1.3 0.2
v 0.2 1.9 0.2
v 0.2 2 0.2
v 0.2 2.1 0.2
v 0.2 2.2 0.2
v 0.2 2.4 0.2
v 0.2 2.5 0.2
v 0.2 2.6 0.2
v 0.2 2.7 0.2
v 0.3 2 0.2
v 0.3 2.1 0.2
v 0.3 2.2 0.2
v 0.3 2.4 0.2
v 0.3 2.5 0.2
v 0.3 2.6 0.2
v 0.4 2.1 0.2
v 0.4 2.2 0.2
v 0.4 2.4 0.2
v 0.4 2.5 0.2
v 0.5 2.1 0.2
v 0.5 2.2 0.2
v 0.5 2.4 0.2
v 0.5 2.5 0.2
v 0.6 2 0.2
v 0.6 2.1 0.2
v 0.6 2.2 0.2
v 0.6 2.4 0.2
v 0.6 2.5 0.2
v 0.6 2.6 0.2
v 0.7 2 0.2
v 0.7 2.1 0.2
v 0.7 2.5 0.2
v 0.7 2.6 0.2
v 0.9 2 0.2
v 0.9 2.1 0.2
v 0.9 2.5 0.2
v 0.9 2.6 0.2
v 1 2 0.2
v 1 2.1 0.2
v 1 2.2 0.2
v 1 2.4 0.2
v 1 2.5 0.2
v 1 2.6 0.2
v 1.1 2.1 0.2
v 1.1 2.2 0.2
v 1.1 2.4 0.2
v 1.1 2.5 0.2
v -1.2 2.1 0.1
v -1.2 2.5 0.1
v -1.1 2 0.1
v -1.1 2.1 0.1
v -1.1 2.5 0.1
v -1.1 2.6 0.1
v -1 1.9 0.1
v -1 2 0.1
v -1 2.1 0.1
v -1 2.5 0.1
v -1 2.6 0.1
v -1 2.7 0.1
v -0.6 1.9 0.1
v -0.6 2 0.1
v -0.6 2.1 0.1
v -0.6 2.5 0.1
v -0.6 2.6 0.1
v -0.6 2.7 0.1
v -0.5 2 0.1
v -0.5 2.1 0.1
v -0.5 2.5 0.1
v -0.5 2.6 0.1
v -0.4 2 0.1
v -0.4 2.1 0.1
v -0.4 2.5 0.1
v -0.4 2.6 0.1
v -0.3 1 0.1
v -0.3 1.3 0.1
v -0.3 1.9 0.1
v -0.3 2 0.1
v -0.3 2.1 0.1
v -0.3 2.5 0.1
v -0.3 2.6 0.1
v -0.3 2.7 0.1
v -0.2 0.9 0.1
v -0.2 1 0.1
v -0.2 1.3 0.1
v -0.2 1.4 0.1
v -0.2 1.8 0.1
v -0.2 1.9 0.1
v -0.2 2 0.1
v -0.2 2.6 0.1
v -0.2 2.7 0.1
v -0.1 0.9 0.1
v -0.1 1 0.1
v -0.1 1.8 0.1
v -0.1 1.9 0.1
v 0.0999999 0.9 0.1
v 0.0999999 1 0.1
v 0.0999999 1.8 0.1
v 0.0999999 1.9 0.1
v 0.2 0.9 0.1
v 0.2 1 0.1
v 0.2 1.3 0.1
v 0.2 1.4 0.1
v 0.2 1.8 0.1
v 0.2 1.9 0.1
v 0.2 2 0.1
v 0.2 2.6 0.1
v 0.2 2.7 0.1
v 0.3 1 0.1
v 0.3 1.3 0.1
v 0.3 1.9 0.1
v 0.3 2 0.1
v 0.3 2.1 0.1
v 0.3 2.5 0.1
v 0.3 2.6 0.1
v 0.3 2.7 0.1
v 0.4 2 0.1
v 0.4 2.1 0.1
v 0.4 2.5 0.1
v 0.4 2.6 0.1
v 0.5 2 0.1
v 0.5 2.1 0.1
v 0.5 2.5 0.1
v 0.5 2.6 0.1
v 0.6 1.9 0.1
v 0.6 2 0.1
v 0.6 2.1 0.1
v 0.6 2.5 0.1
v 0.6 2.6 0.1
v 0.6 2.7 0.1
v 1 1.9 0.1
v 1 2 0.1
v 1 2.1 0.1
v 1 2.5 0.1
v 1 2.6 0.1
v 1 2.7 0.1
v 1.1 2 0.1
v 1.1 2.1 0.1
v 1.1 2.5 0.1
v 1.1 2.6 0.1
v 1.2 2.1 0.1
v 1.2 2.5 0.1
v -1.2 2 0
v -1.2 2.1 0
v -1.2 2.5 0
v -1.2 2.6 0
v -1.1 1.9 0
v -1.1 2 0
v -1.1 2.1 0
v -1.1 2.5 0
v -1.1 2.6 0
v -1.1 2.7 0
v -1 0 0
v -1 0.1 0
v -1 1.9 0
v -1 2 0
v -1 2.6 0
v -1 2.7 0
v -0.9 0.1 0
v -0.9 0.2 0
v -0.9 0.4 0
v -0.9 0.8 0
v -0.9 1 0
v -0.9 1.2 0
v -0.8 0.3 0
v -0.8 0.4 0
v -0.8 0.8 0
v -0.8 0.9 0
v -0.7 0.1 0
v -0.7 0.2 0
v -0.7 0.3 0
v -0.7 0.9 0
v -0.7 1 0
v -0.7 1.2 0
v -0.6 0 0
v -0.6 0.1 0
v -0.6 1.9 0
v -0.6 2 0
v -0.6 2.6 0
v -0.6 2.7 0
v -0.5 1.9 0
v -0.5 2 0
v -0.5 2.1 0
v -0.5 2.5 0
v -0.5 2.6 0
v -0.5 2.7 0
v -0.4 1 0
v -0.4 1.3 0
v -0.4 2 0
v -0.4 2.1 0
v -0.4 2.5 0
v -0.4 2.6 0
v -0.3 0.9 0
v -0.3 1 0
v -0.3 1.3 0
v -0.3 1.4 0
v -0.2 0.9 0
v -0.2 1 0
v -0.2 1.3 0
v -0.2 1.4 0
v 0.2 0.9 0
v 0.2 1 0
v 0.2 1.3 0
v 0.2 1.4 0
v 0.3 0.9 0
v 0.3 1 0
v 0.3 1.3 0
v 0.3 1.4 0
v 0.4 1 0
v 0.4 1.3 0
v 0.4 2 0
v 0.4 2.1 0
v 0.4 2.5 0
v 0.4 2.6 0
v 0.5 1.9 0
v 0.5 2 0
v 0.5 2.1 0
v 0.5 2.5 0
v 0.5 2.6 0
v 0.5 2.7 0
v 0.6 0 0
v 0.6 0.1 0
v 0.6 1.9 0
v 0.6 2 0
v 0.6 2.6 0
v 0.6 2.7 0
v 0.7 0.1 0
v 0.7 0.2 0
v 0.7 0.3 0
v 0.7 0.9 0
v 0.7 1 0
v 0.7 1.2 0
v 0.8 0.3 0
v 0.8 0.4 0
v 0.8 0.8 0
v 0.8 0.9 0
v 0.9 0.1 0
v 0.9 0.2 0
v 0.9 0.4 0
v 0.9 0.8 0
v 0.9 1 0
v 0.9 1.2 0
v 1 0 0
v 1 0.1 0
v 1 1.9 0
v 1 2 0
v 1 2.6 0
v 1 2.7 0
v 1.1 1.9 0
v 1.1 2 0
v 1.1 2.1 0
v 1.1 2.5 0
v 1.1 2.6 0
v 1.1 2.7 0
v 1.2 2 0
v 1.2 2.1 0
v 1.2 2.5 0
v 1.2 2.6 0
v -1 0.1 -0.0999999
v -1 0.2 -0.0999999
v -1 0.3 -0.0999999
v -1 0.9 -0.0999999
v -1 1 -0.0999999
v -1 1.2 -0.0999999
v -0.9 0.1 -0.0999999
v -0.9 0.2 -0.0999999
v -0.9 0.3 -0.0999999
v -0.9 0.4 -0.0999999
v -0.9 0.8 -0.0999999
v -0.9 0.9 -0.0999999
v -0.9 1 -0.0999999
v -0.9 1.2 -0.0999999
v -0.9 1.3 -0.0999999
v -0.8 0.3 -0.0999999
v -0.8 0.4 -0.0999999
v -0.8 0.8 -0.0999999
v -0.8 0.9 -0.0999999
v -0.7 0.1 -0.0999999
v -0.7 0.2 -0.0999999
v -0.7 0.9 -0.0999999
v -0.7 1 -0.0999999
v -0.7 1.2 -0.0999999
v -0.7 1.3 -0.0999999
v -0.6 0.1 -0.0999999
v -0.6 0.2 -0.0999999
v -0.4 0.9 -0.0999999
v -0.4 1 -0.0999999
v -0.4 1.2 -0.0999999
v -0.3 0.9 -0.0999999
v -0.3 1 -0.0999999
v -0.1 1.4 -0.0999999
v -0.1 1.8 -0.0999999
v 0.0999999 1.4 -0.0999999
v 0.0999999 1.8 -0.0999999
v 0.3 0.9 -0.0999999
v 0.3 1 -0.0999999
v 0.4 0.9 -0.0999999
v 0.4 1 -0.0999999
v 0.4 1.2 -0.0999999
v 0.6 0.1 -0.0999999
v 0.6 0.2 -0.0999999
v 0.7 0.1 -0.0999999
v 0.7 0.2 -0.0999999
v 0.7 0.9 -0.0999999
v 0.7 1 -0.0999999
v 0.7 1.2 -0.0999999
v 0.7 1.3 -0.0999999
v 0.8 0.3 -0.0999999
v 0.8 0.4 -0.0999999
v 0.8 0.8 -0.0999999
v 0.8 0.9 -0.0999999
v 0.9 0.1 -0.0999999
v 0.9 0.2 -0.0999999
v 0.9 0.3 -0.0999999
v 0.9 0.4 -0.0999999
v 0.9 0.8 -0.0999999
v 0.9 0.9 -0.0999999
v 0.9 1 -0.0999999
v 0.9 1.2 -0.0999999
v 0.9 1.3 -0.0999999
v 1 0.1 -0.0999999
v 1 0.2 -0.0999999
v 1 0.3 -0.0999999
v 1 0.9 -0.0999999
v 1 1 -0.0999999
v 1 1.2 -0.0999999
v -0.2 0 -0.8
v -0.2 0.1 -0.8
v -0.1 0.1 -0.8
v -0.1 0.2 -0.8
v 0.0999999 0.1 -0.8
v 0.0999999 0.2 -0.8
v 0.2 0 -0.8
v 0.2 0.1 -0.8
v -0.2 0.1 -0.9
v -0.2 0.2 -0.9
v -0.2 0.3 -0.9
v -0.2 0.8 -0.9
v -0.2 1 -0.9
v -0.2 1.2 -0.9
v -0.1 0.1 -0.9
v -0.1 0.2 -0.9
v -0.1 0.3 -0.9
v -0.1 0.8 -0.9
v -0.1 1 -0.9
v -0.1 1.2 -0.9
v -0.1 1.3 -0.9
v 0.0999999 0.1 -0.9
v 0.0999999 0.2 -0.9
v 0.0999999 0.3 -0.9
v 0.0999999 0.8 -0.9
v 0.0999999 1 -0.9
v 0.0999999 1.2 -0.9
v 0.0999999 1.3 -0.9
v 0.2 0.1 -0.9
v 0.2 0.2 -0.9
v 0.2 0.3 -0.9
v 0.2 0.8 -0.9
v 0.2 1 -0.9
v 0.2 1.2 -0.9
v -0.2 0.1 0.5
v -0.2 0.2 0.5
v -0.2 0.3 0.5
v -0.2 0.8 0.5
v -0.2 1 0.5
v -0.2 1.2 0.5
v -0.1 0.1 0.5
v -0.1 0.2 0.5
v -0.1 0.3 0.5
v -0.1 0.8 0.5
v -0.1 1 0.5
v -0.1 1.2 0.5
v -0.1 1.3 0.5
v 0.0999999 0.1 0.5
v 0.0999999 0.2 0.5
v 0.0999999 0.3 0.5
v 0.0999999 0.8 0.5
v 0.0999999 1 0.5
v 0.0999999 1.2 0.5
v 0.0999999 1.3 0.5
v 0.2 0.1 0.5
v 0.2 0.2 0.5
v 0.2 0.3 0.5
v 0.2 0.8 0.5
v 0.2 1 0.5
v 0.2 1.2 0.5
v -0.2 0 0.4
v -0.2 0.1 0.4
v -0.1 0.1 0.4
v -0.1 0.2 0.4
v 0.0999999 0.1 0.4
v 0.0999999 0.2 0.4
v 0.2 0 0.4
v 0.2 0.1 0.4
v -1 0.1 -0.3
v -1 0.2 -0.3
v -1 0.3 -0.3
v -1 0.9 -0.3
v -1 1 -0.3
v -1 1.2 -0.3
v -0.9 0.1 -0.3
v -0.9 0.2 -0.3
v -0.9 0.3 -0.3
v -0.9 0.4 -0.3
v -0.9 0.8 -0.3
v -0.9 0.9 -0.3
v -0.9 1 -0.3
v -0.9 1.2 -0.3
v -0.9 1.3 -0.3
v -0.8 0.3 -0.3
v -0.8 0.4 -0.3
v -0.8 0.8 -0.3
v -0.8 0.9 -0.3
v -0.7 0.1 -0.3
v -0.7 0.2 -0.3
v -0.7 0.9 -0.3
v -0.7 1 -0.3
v -0.7 1.2 -0.3
v -0.7 1.3 -0.3
v -0.6 0.1 -0.3
v -0.6 0.2 -0.3
v -0.4 0.9 -0.3
v -0.4 1 -0.3
v -0.4 1.2 -0.3
v -0.4 2 -0.3
v -0.4 2.1 -0.3
v -0.4 2.5 -0.3
v -0.4 2.6 -0.3
v -0.3 0.9 -0.3
v -0.3 1 -0.3
v -0.3 1.9 -0.3
v -0.3 2 -0.3
v -0.3 2.1 -0.3
v -0.3 2.5 -0.3
v -0.3 2.6 -0.3
v -0.3 2.7 -0.3
v -0.2 1.8 -0.3
v -0.2 1.9 -0.3
v -0.2 2 -0.3
v -0.2 2.6 -0.3
v -0.2 2.7 -0.3
v -0.1 1.4 -0.3
v -0.1 1.8 -0.3
v -0.1 1.9 -0.3
v 0.0999999 1.4 -0.3
v 0.0999999 1.8 -0.3
v 0.0999999 1.9 -0.3
v 0.2 1.8 -0.3
v 0.2 1.9 -0.3
v 0.2 2 -0.3
v 0.2 2.6 -0.3
v 0.2 2.7 -0.3
v 0.3 0.9 -0.3
v 0.3 1 -0.3
v 0.3 1.9 -0.3
v 0.3 2 -0.3
v 0.3 2.1 -0.3
v 0.3 2.5 -0.3
v 0.3 2.6 -0.3
v 0.3 2.7 -0.3
v 0.4 0.9 -0.3
v 0.4 1 -0.3
v 0.4 1.2 -0.3
v 0.4 2 -0.3
v 0.4 2.1 -0.3
v 0.4 2.5 -0.3
v 0.4 2.6 -0.3
v 0.6 0.1 -0.3
v 0.6 0.2 -0.3
v 0.7 0.1 -0.3
v 0.7 0.2 -0.3
v 0.7 0.9 -0.3
v 0.7 1 -0.3
v 0.7 1.2 -0.3
v 0.7 1.3 -0.3
v 0.8 0.3 -0.3
v 0.8 0.4 -0.3
v 0.8 0.8 -0.3
v 0.8 0.9 -0.3
v 0.9 0.1 -0.3
v 0.9 0.2 -0.3
v 0.9 0.3 -0.3
v 0.9 0.4 -0.3
v 0.9 0.8 -0.3
v 0.9 0.9 -0.3
v 0.9 1 -0.3
v 0.9 1.2 -0.3
v 0.9 1.3 -0.3
v 1 0.1 -0.3
v 1 0.2 -0.3
v 1 0.3 -0.3
v 1 0.9 -0.3
v 1 1 -0.3
v 1 1.2 -0.3
v -1.2 2 -0.4
v -1.2 2.1 -0.4
v -1.2 2.5 -0.4
v -1.2 2.6 -0.4
v -1.1 1.9 -0.4
v -1.1 2 -0.4
v -1.1 2.1 -0.4
v -1.1 2.5 -0.4
v -1.1 2.6 -0.4
v -1.1 2.7 -0.4
v -1 0 -0.4
v -1 0.1 -0.4
v -1 1.9 -0.4
v -1 2 -0.4
v -1 2.6 -0.4
v -1 2.7 -0.4
v -0.9 0.1 -0.4
v -0.9 0.2 -0.4
v -0.9 0.4 -0.4
v -0.9 0.8 -0.4
v -0.9 1 -0.4
v -0.9 1.2 -0.4
v -0.8 0.3 -0.4
v -0.8 0.4 -0.4
v -0.8 0.8 -0.4
v -0.8 0.9 -0.4
v -0.7 0.1 -0.4
v -0.7 0.2 -0.4
v -0.7 0.3 -0.4
v -0.7 0.9 -0.4
v -0.7 1 -0.4
v -0.7 1.2 -0.4
v -0.6 0 -0.4
v -0.6 0.1 -0.4
v -0.6 1.9 -0.4
v -0.6 2 -0.4
v -0.6 2.6 -0.4
v -0.6 2.7 -0.4
v -0.5 1.9 -0.4
v -0.5 2 -0.4
v -0.5 2.1 -0.4
v -0.5 2.5 -0.4
v -0.5 2.6 -0.4
v -0.5 2.7 -0.4
v -0.4 1 -0.4
v -0.4 1.3 -0.4
v -0.4 2 -0.4
v -0.4 2.1 -0.4
v -0.4 2.2 -0.4
v -0.4 2.4 -0.4
v -0.4 2.5 -0.4
v -0.4 2.6 -0.4
v -0.3 0.9 -0.4
v -0.3 1 -0.4
v -0.3 1.3 -0.4
v -0.3 1.4 -0.4
v -0.3 2 -0.4
v -0.3 2.1 -0.4
v -0.3 2.2 -0.4
v -0.3 2.4 -0.4
v -0.3 2.5 -0.4
v -0.3 2.6 -0.4
v -0.2 0.9 -0.4
v -0.2 1 -0.4
v -0.2 1.3 -0.4
v -0.2 1.4 -0.4
v -0.2 1.9 -0.4
v -0.2 2 -0.4
v -0.2 2.1 -0.4
v -0.2 2.5 -0.4
v -0.2 2.6 -0.4
v -0.2 2.7 -0.4
v -0.1 1.8 -0.4
v -0.1 1.9 -0.4
v -0.1 2 -0.4
v 0.0999999 1.8 -0.4
v 0.0999999 1.9 -0.4
v 0.0999999 2 -0.4
v 0.2 0.9 -0.4
v 0.2 1 -0.4
v 0.2 1.3 -0.4
v 0.2 1.4 -0.4
v 0.2 1.9 -0.4
v 0.2 2 -0.4
v 0.2 2.1 -0.4
v 0.2 2.5 -0.4
v 0.2 2.6 -0.4
v 0.2 2.7 -0.4
v 0.3 0.9 -0.4
v 0.3 1 -0.4
v 0.3 1.3 -0.4
v 0.3 1.4 -0.4
v 0.3 2 -0.4
v 0.3 2.1 -0.4
v 0.3 2.2 -0.4
v 0.3 2.4 -0.4
v 0.3 2.5 -0.4
v 0.3 2.6 -0.4
v 0.4 1 -0.4
v 0.4 1.3 -0.4
v 0.4 2 -0.4
v 0.4 2.1 -0.4
v 0.4 2.2 -0.4
v 0.4 2.4 -0.4
v 0.4 2.5 -0.4
v 0.4 2.6 -0.4
v 0.5 1.9 -0.4
v 0.5 2 -0.4
v 0.5 2.1 -0.4
v 0.5 2.5 -0.4
v 0.5 2.6 -0.4
v 0.5 2.7 -0.4
v 0.6 0 -0.4
v 0.6 0.1 -0.4
v 0.6 1.9 -0.4
v 0.6 2 -0.4
v 0.6 2.6 -0.4
v 0.6 2.7 -0.4
v 0.7 0.1 -0.4
v 0.7 0.2 -0.4
v 0.7 0.3 -0.4
v 0.7 0.9 -0.4
v 0.7 1 -0.4
v 0.7 1.2 -0.4
v 0.8 0.3 -0.4
v 0.8 0.4 -0.4
v 0.8 0.8 -0.4
v 0.8 0.9 -0.4
v 0.9 0.1 -0.4
v 0.9 0.2 -0.4
v 0.9 0.4 -0.4
v 0.9 0.8 -0.4
v 0.9 1 -0.4
v 0.9 1.2 -0.4
v 1 0 -0.4
v 1 0.1 -0.4
v 1 1.9 -0.4
v 1 2 -0.4
v 1 2.6 -0.4
v 1 2.7 -0.4
v 1.1 1.9 -0.4
v 1.1 2 -0.4
v 1.1 2.1 -0.4
v 1.1 2.5 -0.4
v 1.1 2.6 -0.4
v 1.1 2.7 -0.4
v 1.2 2 -0.4
v 1.2 2.1 -0.4
v 1.2 2.5 -0.4
v 1.2 2.6 -0.4
v -1.2 2.1 -0.5
v -1.2 2.5 -0.5
v -1.1 2 -0.5
v -1.1 2.1 -0.5
v -1.1 2.5 -0.5
v -1.1 2.6 -0.5
v -1 1.9 -0.5
v -1 2 -0.5
v -1 2.1 -0.5
v -1 2.5 -0.5
v -1 2.6 -0.5
v -1 2.7 -0.5
v -0.6 1.9 -0.5
v -0.6 2 -0.5
v -0.6 2.1 -0.5
v -0.6 2.5 -0.5
v -0.6 2.6 -0.5
v -0.6 2.7 -0.5
v -0.5 2 -0.5
v -0.5 2.1 -0.5
v -0.5 2.5 -0.5
v -0.5 2.6 -0.5
v -0.4 2.1 -0.5
v -0.4 2.2 -0.5
v -0.4 2.4 -0.5
v -0.4 2.5 -0.5
v -0.3 1 -0.5
v -0.3 1.3 -0.5
v -0.3 2.1 -0.5
v -0.3 2.2 -0.5
v -0.3 2.4 -0.5
v -0.3 2.5 -0.5
v -0.2 0.9 -0.5
v -0.2 1 -0.5
v -0.2 1.3 -0.5
v -0.2 1.4 -0.5
v -0.2 2 -0.5
v -0.2 2.1 -0.5
v -0.2 2.5 -0.5
v -0.2 2.6 -0.5
v -0.1 0.9 -0.5
v -0.1 1 -0.5
v -0.1 1.9 -0.5
v -0.1 2 -0.5
v 0.0999999 0.9 -0.5
v 0.0999999 1 -0.5
v 0.0999999 1.9 -0.5
v 0.0999999 2 -0.5
v 0.2 0.9 -0.5
v 0.2 1 -0.5
v 0.2 1.3 -0.5
v 0.2 1.4 -0.5
v 0.2 2 -0.5
v 0.2 2.1 -0.5
v 0.2 2.5 -0.5
v 0.2 2.6 -0.5
v 0.3 1 -0.5
v 0.3 1.3 -0.5
v 0.3 2.1 -0.5
v 0.3 2.2 -0.5
v 0.3 2.4 -0.5
v 0.3 2.5 -0.5
v 0.4 2.1 -0.5
v 0.4 2.2 -0.5
v 0.4 2.4 -0.5
v 0.4 2.5 -0.5
v 0.5 2 -0.5
v 0.5 2.1 -0.5
v 0.5 2.5 -0.5
v 0.5 2.6 -0.5
v 0.6 1.9 -0.5
v 0.6 2 -0.5
v 0.6 2.1 -0.5
v 0.6 2.5 -0.5
v 0.6 2.6 -0.5
v 0.6 2.7 -0.5
v 1 1.9 -0.5
v 1 2 -0.5
v 1 2.1 -0.5
v 1 2.5 -0.5
v 1 2.6 -0.5
v 1 2.7 -0.5
v 1.1 2 -0.5
v 1.1 2.1 -0.5
v 1.1 2.5 -0.5
v 1.1 2.6 -0.5
v 1.2 2.1 -0.5
v 1.2 2.5 -0.5
v -1.1 2.1 -0.6
v -1.1 2.5 -0.6
v -1 2 -0.6
v -1 2.1 -0.6
v -1 2.5 -0.6
v -1 2.6 -0.6
v -0.6 2 -0.6
v -0.6 2.1 -0.6
v -0.6 2.5 -0.6
v -0.6 2.6 -0.6
v -0.5 2.1 -0.6
v -0.5 2.5 -0.6
v -0.2 1 -0.6
v -0.2 1.3 -0.6
v -0.1 0.9 -0.6
v -0.1 1 -0.6
v -0.1 1.2 -0.6
v 0.0999999 0.9 -0.6
v 0.0999999 1 -0.6
v 0.0999999 1.2 -0.6
v 0.2 1 -0.6
v 0.2 1.3 -0.6
v 0.5 2.1 -0.6
v 0.5 2.5 -0.6
v 0.6 2 -0.6
v 0.6 2.1 -0.6
v 0.6 2.5 -0.6
v 0.6 2.6 -0.6
v 1 2 -0.6
v 1 2.1 -0.6
v 1 2.5 -0.6
v 1 2.6 -0.6
v 1.1 2.1 -0.6
v 1.1 2.5 -0.6
v -0.2 0.3 -1
v -0.2 0.4 -1
v -0.2 0.7 -1
v -0.2 0.8 -1
v -0.1 0.3 -1
v -0.1 0.4 -1
v -0.1 0.7 -1
v -0.1 0.8 -1
v 0.0999999 0.3 -1
v 0.0999999 0.4 -1
v 0.0999999 0.7 -1
v 0.0999999 0.8 -1
v 0.2 0.3 -1
v 0.2 0.4 -1
v 0.2 0.7 -1
v 0.2 0.8 -1
v -0.2 0.1 -1.1
v -0.2 0.2 -1.1
v -0.2 0.4 -1.1
v -0.2 0.7 -1.1
v -0.2 1 -1.1
v -0.2 1.2 -1.1
v -0.1 0.1 -1.1
v -0.1 0.2 -1.1
v -0.1 0.4 -1.1
v -0.1 0.7 -1.1
v -0.1 0.8 -1.1
v -0.1 1 -1.1
v -0.1 1.2 -1.1
v -0.1 1.3 -1.1
v 0.0999999 0.1 -1.1
v 0.0999999 0.2 -1.1
v 0.0999999 0.4 -1.1
v 0.0999999 0.7 -1.1
v 0.0999999 0.8 -1.1
v 0.0999999 1 -1.1
v 0.0999999 1.2 -1.1
v 0.0999999 1.3 -1.1
v 0.2 0.1 -1.1
v 0.2 0.2 -1.1
v 0.2 0.4 -1.1
v 0.2 0.7 -1.1
v 0.2 1 -1.1
v 0.2 1.2 -1.1
v -0.2 0 -1.2
v -0.2 0.1 -1.2
v -0.1 0.1 -1.2
v -0.1 0.2 -1.2
v -0.1 0.3 -1.2
v -0.1 0.8 -1.2
v -0.1 1 -1.2
v -0.1 1.2 -1.2
v 0.0999999 0.1 -1.2
v 0.0999999 0.2 -1.2
v 0.0999999 0.3 -1.2
v 0.0999999 0.8 -1.2
v 0.0999999 1 -1.2
v 0.0999999 1.2 -1.2
v 0.2 0 -1.2
v 0.2 0.1 -1.2
v -0.2 0 0.8
v 0.2 0 0.8
v -0.2 0 0.4
v 0.2 0 0.4
v -1 0 0
v -0.6 0 0
v 0.6 0 0
v 1 0 0
v -1 0 -0.4
v -0.6 0 -0.4
v 0.6 0 -0.4
v 1 0 -0.4
v -0.2 0 -0.8
v 0.2 0 -0.8
v -0.2 0 -1.2
v 0.2 0 -1.2
v -0.1 0.3 0.8
v 0.0999999 0.3 0.8
v -0.1 0.3 0.7
v 0.0999999 0.3 0.7
v -0.2 0.3 0.6
v -0.1 0.3 0.6
v 0.0999999 0.3 0.6
v 0.2 0.3 0.6
v -0.2 0.3 0.5
v -0.1 0.3 0.5
v 0.0999999 0.3 0.5
v 0.2 0.3 0.5
v -0.8 0.3 0
v -0.7 0.3 0
v 0.7 0.3 0
v 0.8 0.3 0
v -1 0.3 -0.0999999
v -0.9 0.3 -0.0999999
v -0.8 0.3 -0.0999999
v -0.7 0.3 -0.0999999
v 0.7 0.3 -0.0999999
v 0.8 0.3 -0.0999999
v 0.9 0.3 -0.0999999
v 1 0.3 -0.0999999
v -1 0.3 -0.3
v -0.9 0.3 -0.3
v -0.8 0.3 -0.3
v -0.7 0.3 -0.3
v 0.7 0.3 -0.3
v 0.8 0.3 -0.3
v 0.9 0.3 -0.3
v 1 0.3 -0.3
v -0.8 0.3 -0.4
v -0.7 0.3 -0.4
v 0.7 0.3 -0.4
v 0.8 0.3 -0.4
v -0.2 0.3 -0.9
v -0.1 0.3 -0.9
v 0.0999999 0.3 -0.9
v 0.2 0.3 -0.9
v -0.2 0.3 -1
v -0.1 0.3 -1
v 0.0999999 0.3 -1
v 0.2 0.3 -1
v -0.1 0.3 -1.1
v 0.0999999 0.3 -1.1
v -0.1 0.3 -1.2
v 0.0999999 0.3 -1.2
v -0.2 0.4 0.7
v -0.1 0.4 0.7
v 0.0999999 0.4 0.7
v 0.2 0.4 0.7
v -0.2 0.4 0.6
v -0.1 0.4 0.6
v 0.0999999 0.4 0.6
v 0.2 0.4 0.6
v -0.9 0.4 0
v -0.8 0.4 0
v 0.8 0.4 0
v 0.9 0.4 0
v -0.9 0.4 -0.0999999
v -0.8 0.4 -0.0999999
v 0.8 0.4 -0.0999999
v 0.9 0.4 -0.0999999
v -0.9 0.4 -0.3
v -0.8 0.4 -0.3
v 0.8 0.4 -0.3
v 0.9 0.4 -0.3
v -0.9 0.4 -0.4
v -0.8 0.4 -0.4
v 0.8 0.4 -0.4
v 0.9 0.4 -0.4
v -0.2 0.4 -1
v -0.1 0.4 -1
v 0.0999999 0.4 -1
v 0.2 0.4 -1
v -0.2 0.4 -1.1
v -0.1 0.4 -1.1
v 0.0999999 0.4 -1.1
v 0.2 0.4 -1.1
v -0.1 0.9 0.2
v 0.0999999 0.9 0.2
v -0.2 0.9 0.1
v -0.1 0.9 0.1
v 0.0999999 0.9 0.1
v 0.2 0.9 0.1
v -0.3 0.9 0
v -0.2 0.9 0
v 0.2 0.9 0
v 0.3 0.9 0
v -0.4 0.9 -0.0999999
v -0.3 0.9 -0.0999999
v 0.3 0.9 -0.0999999
v 0.4 0.9 -0.0999999
v -0.4 0.9 -0.3
v -0.3 0.9 -0.3
v 0.3 0.9 -0.3
v 0.4 0.9 -0.3
v -0.3 0.9 -0.4
v -0.2 0.9 -0.4
v 0.2 0.9 -0.4
v 0.3 0.9 -0.4
v -0.2 0.9 -0.5
v -0.1 0.9 -0.5
v 0.0999999 0.9 -0.5
v 0.2 0.9 -0.5
v -0.1 0.9 -0.6
v 0.0999999 0.9 -0.6
v -0.1 1 0.8
v 0.0999999 1 0.8
v -0.2 1 0.7
v -0.1 1 0.7
v 0.0999999 1 0.7
v 0.2 1 0.7
v -0.2 1 0.5
v -0.1 1 0.5
v 0.0999999 1 0.5
v 0.2 1 0.5
v -0.2 1 0.2
v -0.1 1 0.2
v 0.0999999 1 0.2
v 0.2 1 0.2
v -0.3 1 0.1
v -0.2 1 0.1
v -0.1 1 0.1
v 0.0999999 1 0.1
v 0.2 1 0.1
v 0.3 1 0.1
v -0.9 1 0
v -0.7 1 0
v -0.4 1 0
v -0.3 1 0
v -0.2 1 0
v 0.2 1 0
v 0.3 1 0
v 0.4 1 0
v 0.7 1 0
v 0.9 1 0
v -1 1 -0.0999999
v -0.9 1 -0.0999999
v -0.7 1 -0.0999999
v -0.4 1 -0.0999999
v -0.3 1 -0.0999999
v 0.3 1 -0.0999999
v 0.4 1 -0.0999999
v 0.7 1 -0.0999999
v 0.9 1 -0.0999999
v 1 1 -0.0999999
v -1 1 -0.3
v -0.9 1 -0.3
v -0.7 1 -0.3
v -0.4 1 -0.3
v -0.3 1 -0.3
v 0.3 1 -0.3
v 0.4 1 -0.3
v 0.7 1 -0.3
v 0.9 1 -0.3
v 1 1 -0.3
v -0.9 1 -0.4
v -0.7 1 -0.4
v -0.4 1 -0.4
v -0.3 1 -0.4
v -0.2 1 -0.4
v 0.2 1 -0.4
v 0.3 1 -0.4
v 0.4 1 -0.4
v 0.7 1 -0.4
v 0.9 1 -0.4
v -0.3 1 -0.5
v -0.2 1 -0.5
v -0.1 1 -0.5
v 0.0999999 1 -0.5
v 0.2 1 -0.5
v 0.3 1 -0.5
v -0.2 1 -0.6
v -0.1 1 -0.6
v 0.0999999 1 -0.6
v 0.2 1 -0.6
v -0.2 1 -0.9
v -0.1 1 -0.9
v 0.0999999 1 -0.9
v 0.2 1 -0.9
v -0.2 1 -1.1
v -0.1 1 -1.1
v 0.0999999 1 -1.1
v 0.2 1 -1.1
v -0.1 1 -1.2
v 0.0999999 1 -1.2
v -0.1 1.8 0.2
v 0.0999999 1.8 0.2
v -0.2 1.8 0.1
v -0.1 1.8 0.1
v 0.0999999 1.8 0.1
v 0.2 1.8 0.1
v -0.1 1.8 -0.0999999
v 0.0999999 1.8 -0.0999999
v -0.2 1.8 -0.3
v -0.1 1.8 -0.3
v 0.0999999 1.8 -0.3
v 0.2 1.8 -0.3
v -0.1 1.8 -0.4
v 0.0999999 1.8 -0.4
v -0.1 1.9 0.3
v 0.0999999 1.9 0.3
v -0.2 1.9 0.2
v -0.1 1.9 0.2
v 0.0999999 1.9 0.2
v 0.2 1.9 0.2
v -1 1.9 0.1
v -0.6 1.9 0.1
v -0.3 1.9 0.1
v -0.2 1.9 0.1
v -0.1 1.9 0.1
v 0.0999999 1.9 0.1
v 0.2 1.9 0.1
v 0.3 1.9 0.1
v 0.6 1.9 0.1
v 1 1.9 0.1
v -1.1 1.9 0
v -1 1.9 0
v -0.6 1.9 0
v -0.5 1.9 0
v 0.5 1.9 0
v 0.6 1.9 0
v 1 1.9 0
v 1.1 1.9 0
v -0.3 1.9 -0.3
v -0.2 1.9 -0.3
v -0.1 1.9 -0.3
v 0.0999999 1.9 -0.3
v 0.2 1.9 -0.3
v 0.3 1.9 -0.3
v -1.1 1.9 -0.4
v -1 1.9 -0.4
v -0.6 1.9 -0.4
v -0.5 1.9 -0.4
v -0.2 1.9 -0.4
v -0.1 1.9 -0.4
v 0.0999999 1.9 -0.4
v 0.2 1.9 -0.4
v 0.5 1.9 -0.4
v 0.6 1.9 -0.4
v 1 1.9 -0.4
v 1.1 1.9 -0.4
v -1 1.9 -0.5
v -0.6 1.9 -0.5
v -0.1 1.9 -0.5
v 0.0999999 1.9 -0.5
v 0.6 1.9 -0.5
v 1 1.9 -0.5
v -0.9 2 0.9
v -0.7 2 0.9
v 0.7 2 0.9
v 0.9 2 0.9
v -0.2 2 0.3
v -0.1 2 0.3
v 0.0999999 2 0.3
v 0.2 2 0.3
v -1 2 0.2
v -0.9 2 0.2
v -0.7 2 0.2
v -0.6 2 0.2
v -0.3 2 0.2
v -0.2 2 0.2
v -0.1 2 0.2
v 0.0999999 2 0.2
v 0.2 2 0.2
v 0.3 2 0.2
v 0.6 2 0.2
v 0.7 2 0.2
v 0.9 2 0.2
v 1 2 0.2
v -1.1 2 0.1
v -1 2 0.1
v -0.6 2 0.1
v -0.5 2 0.1
v -0.4 2 0.1
v -0.3 2 0.1
v -0.2 2 0.1
v 0.2 2 0.1
v 0.3 2 0.1
v 0.4 2 0.1
v 0.5 2 0.1
v 0.6 2 0.1
v 1 2 0.1
v 1.1 2 0.1
v -1.2 2 0
v -1.1 2 0
v -1 2 0
v -0.6 2 0
v -0.5 2 0
v -0.4 2 0
v 0.4 2 0
v 0.5 2 0
v 0.6 2 0
v 1 2 0
v 1.1 2 0
v 1.2 2 0
v -0.4 2 -0.0999999
v -0.3 2 -0.0999999
v 0.3 2 -0.0999999
v 0.4 2 -0.0999999
v -0.4 2 -0.3
v -0.3 2 -0.3
v -0.2 2 -0.3
v 0.2 2 -0.3
v 0.3 2 -0.3
v 0.4 2 -0.3
v -1.2 2 -0.4
v -1.1 2 -0.4
v -1 2 -0.4
v -0.6 2 -0.4
v -0.5 2 -0.4
v -0.4 2 -0.4
v -0.3 2 -0.4
v -0.2 2 -0.4
v -0.1 2 -0.4
v 0.0999999 2 -0.4
v 0.2 2 -0.4
v 0.3 2 -0.4
v 0.4 2 -0.4
v 0.5 2 -0.4
v 0.6 2 -0.4
v 1 2 -0.4
v 1.1 2 -0.4
v 1.2 2 -0.4
v -1.1 2 -0.5
v -1 2 -0.5
v -0.6 2 -0.5
v -0.5 2 -0.5
v -0.2 2 -0.5
v -0.1 2 -0.5
v 0.0999999 2 -0.5
v 0.2 2 -0.5
v 0.5 2 -0.5
v 0.6 2 -0.5
v 1 2 -0.5
v 1.1 2 -0.5
v -1 2 -0.6
v -0.6 2 -0.6
v 0.6 2 -0.6
v 1 2 -0.6
v -0.9 2.1 1.2
v -0.7 2.1 1.2
v 0.7 2.1 1.2
v 0.9 2.1 1.2
v -0.9 2.1 1.1
v -0.7 2.1 1.1
v 0.7 2.1 1.1
v 0.9 2.1 1.1
v -0.9 2.1 0.9
v -0.7 2.1 0.9
v 0.7 2.1 0.9
v 0.9 2.1 0.9
v -1 2.1 0.8
v -0.9 2.1 0.8
v -0.7 2.1 0.8
v -0.6 2.1 0.8
v 0.6 2.1 0.8
v 0.7 2.1 0.8
v 0.9 2.1 0.8
v 1 2.1 0.8
v -0.3 2.1 0.3
v -0.2 2.1 0.3
v 0.2 2.1 0.3
v 0.3 2.1 0.3
v -1.1 2.1 0.2
v -1 2.1 0.2
v -0.9 2.1 0.2
v -0.7 2.1 0.2
v -0.6 2.1 0.2
v -0.5 2.1 0.2
v -0.4 2.1 0.2
v -0.3 2.1 0.2
v -0.2 2.1 0.2
v 0.2 2.1 0.2
v 0.3 2.1 0.2
v 0.4 2.1 0.2
v 0.5 2.1 0.2
v 0.6 2.1 0.2
v 0.7 2.1 0.2
v 0.9 2.1 0.2
v 1 2.1 0.2
v 1.1 2.1 0.2
v -1.2 2.1 0.1
v -1.1 2.1 0.1
v -1 2.1 0.1
v -0.6 2.1 0.1
v -0.5 2.1 0.1
v -0.4 2.1 0.1
v -0.3 2.1 0.1
v 0.3 2.1 0.1
v 0.4 2.1 0.1
v 0.5 2.1 0.1
v 0.6 2.1 0.1
v 1 2.1 0.1
v 1.1 2.1 0.1
v 1.2 2.1 0.1
v -1.2 2.1 0
v -1.1 2.1 0
v -0.5 2.1 0
v -0.4 2.1 0
v 0.4 2.1 0
v 0.5 2.1 0
v 1.1 2.1 0
v 1.2 2.1 0
v -0.4 2.1 -0.3
v -0.3 2.1 -0.3
v 0.3 2.1 -0.3
v 0.4 2.1 -0.3
v -1.2 2.1 -0.4
v -1.1 2.1 -0.4
v -0.5 2.1 -0.4
v -0.4 2.1 -0.4
v -0.3 2.1 -0.4
v -0.2 2.1 -0.4
v 0.2 2.1 -0.4
v 0.3 2.1 -0.4
v 0.4 2.1 -0.4
v 0.5 2.1 -0.4
v 1.1 2.1 -0.4
v 1.2 2.1 -0.4
v -1.2 2.1 -0.5
v -1.1 2.1 -0.5
v -1 2.1 -0.5
v -0.6 2.1 -0.5
v -0.5 2.1 -0.5
v -0.4 2.1 -0.5
v -0.3 2.1 -0.5
v -0.2 2.1 -0.5
v 0.2 2.1 -0.5
v 0.3 2.1 -0.5
v 0.4 2.1 -0.5
v 0.5 2.1 -0.5
v 0.6 2.1 -0.5
v 1 2.1 -0.5
v 1.1 2.1 -0.5
v 1.2 2.1 -0.5
v -1.1 2.1 -0.6
v -1 2.1 -0.6
v -0.6 2.1 -0.6
v -0.5 2.1 -0.6
v 0.5 2.1 -0.6
v 0.6 2.1 -0.6
v 1 2.1 -0.6
v 1.1 2.1 -0.6
v -1 2.2 1.2
v -0.9 2.2 1.2
v -0.7 2.2 1.2
v -0.6 2.2 1.2
v 0.6 2.2 1.2
v 0.7 2.2 1.2
v 0.9 2.2 1.2
v 1 2.2 1.2
v -1 2.2 1.1
v -0.9 2.2 1.1
v -0.7 2.2 1.1
v -0.6 2.2 1.1
v 0.6 2.2 1.1
v 0.7 2.2 1.1
v 0.9 2.2 1.1
v 1 2.2 1.1
v -1.1 2.2 0.9
v -1 2.2 0.9
v -0.6 2.2 0.9
v -0.5 2.2 0.9
v 0.5 2.2 0.9
v 0.6 2.2 0.9
v 1 2.2 0.9
v 1.1 2.2 0.9
v -1 2.2 0.8
v -0.9 2.2 0.8
v -0.7 2.2 0.8
v -0.6 2.2 0.8
v 0.6 2.2 0.8
v 0.7 2.2 0.8
v 0.9 2.2 0.8
v 1 2.2 0.8
v -0.4 2.2 0.3
v -0.3 2.2 0.3
v 0.3 2.2 0.3
v 0.4 2.2 0.3
v -1.1 2.2 0.2
v -1 2.2 0.2
v -0.6 2.2 0.2
v -0.5 2.2 0.2
v -0.4 2.2 0.2
v -0.3 2.2 0.2
v 0.3 2.2 0.2
v 0.4 2.2 0.2
v 0.5 2.2 0.2
v 0.6 2.2 0.2
v 1 2.2 0.2
v 1.1 2.2 0.2
v -0.4 2.2 -0.4
v -0.3 2.2 -0.4
v 0.3 2.2 -0.4
v 0.4 2.2 -0.4
v -0.4 2.2 -0.5
v -0.3 2.2 -0.5
v 0.3 2.2 -0.5
v 0.4 2.2 -0.5
v -0.9 2.4 1.2
v -0.7 2.4 1.2
v 0.7 2.4 1.2
v 0.9 2.4 1.2
v -0.9 2.4 1.1
v -0.7 2.4 1.1
v 0.7 2.4 1.1
v 0.9 2.4 1.1
v -0.2 2.4 0.3
v -0.1 2.4 0.3
v 0.0999999 2.4 0.3
v 0.2 2.4 0.3
v -0.2 2.4 0.2
v -0.1 2.4 0.2
v 0.0999999 2.4 0.2
v 0.2 2.4 0.2
v -0.1 2.5 0.3
v 0.0999999 2.5 0.3
v -0.1 2.5 0.2
v 0.0999999 2.5 0.2
v -0.2 0.1 0.8
v -0.1 0.1 0.8
v 0.0999999 0.1 0.8
v 0.2 0.1 0.8
v -0.2 0.1 0.7
v -0.1 0.1 0.7
v 0.0999999 0.1 0.7
v 0.2 0.1 0.7
v -0.2 0.1 0.5
v -0.1 0.1 0.5
v 0.0999999 0.1 0.5
v 0.2 0.1 0.5
v -0.2 0.1 0.4
v -0.1 0.1 0.4
v 0.0999999 0.1 0.4
v 0.2 0.1 0.4
v -1 0.1 0
v -0.9 0.1 0
v -0.7 0.1 0
v -0.6 0.1 0
v 0.6 0.1 0
v 0.7 0.1 0
v 0.9 0.1 0
v 1 0.1 0
v -1 0.1 -0.0999999
v -0.9 0.1 -0.0999999
v -0.7 0.1 -0.0999999
v -0.6 0.1 -0.0999999
v 0.6 0.1 -0.0999999
v 0.7 0.1 -0.0999999
v 0.9 0.1 -0.0999999
v 1 0.1 -0.0999999
v -1 0.1 -0.3
v -0.9 0.1 -0.3
v -0.7 0.1 -0.3
v -0.6 0.1 -0.3
v 0.6 0.1 -0.3
v 0.7 0.1 -0.3
v 0.9 0.1 -0.3
v 1 0.1 -0.3
v -1 0.1 -0.4
v -0.9 0.1 -0.4
v -0.7 0.1 -0.4
v -0.6 0.1 -0.4
v 0.6 0.1 -0.4
v 0.7 0.1 -0.4
v 0.9 0.1 -0.4
v 1 0.1 -0.4
v -0.2 0.1 -0.8
v -0.1 0.1 -0.8
v 0.0999999 0.1 -0.8
v 0.2 0.1 -0.8
v -0.2 0.1 -0.9
v -0.1 0.1 -0.9
v 0.0999999 0.1 -0.9
v 0.2 0.1 -0.9
v -0.2 0.1 -1.1
v -0.1 0.1 -1.1
v 0.0999999 0.1 -1.1
v 0.2 0.1 -1.1
v -0.2 0.1 -1.2
v -0.1 0.1 -1.2
v 0.0999999 0.1 -1.2
v 0.2 0.1 -1.2
v -0.1 0.2 0.8
v 0.0999999 0.2 0.8
v -0.2 0.2 0.7
v -0.1 0.2 0.7
v 0.0999999 0.2 0.7
v 0.2 0.2 0.7
v -0.2 0.2 0.5
v -0.1 0.2 0.5
v 0.0999999 0.2 0.5
v 0.2 0.2 0.5
v -0.1 0.2 0.4
v 0.0999999 0.2 0.4
v -0.9 0.2 0
v -0.7 0.2 0
v 0.7 0.2 0
v 0.9 0.2 0
v -1 0.2 -0.0999999
v -0.9 0.2 -0.0999999
v -0.7 0.2 -0.0999999
v -0.6 0.2 -0.0999999
v 0.6 0.2 -0.0999999
v 0.7 0.2 -0.0999999
v 0.9 0.2 -0.0999999
v 1 0.2 -0.0999999
v -1 0.2 -0.3
v -0.9 0.2 -0.3
v -0.7 0.2 -0.3
v -0.6 0.2 -0.3
v 0.6 0.2 -0.3
v 0.7 0.2 -0.3
v 0.9 0.2 -0.3
v 1 0.2 -0.3
v -0.9 0.2 -0.4
v -0.7 0.2 -0.4
v 0.7 0.2 -0.4
v 0.9 0.2 -0.4
v -0.1 0.2 -0.8
v 0.0999999 0.2 -0.8
v -0.2 0.2 -0.9
v -0.1 0.2 -0.9
v 0.0999999 0.2 -0.9
v 0.2 0.2 -0.9
v -0.2 0.2 -1.1
v -0.1 0.2 -1.1
v 0.0999999 0.2 -1.1
v 0.2 0.2 -1.1
v -0.1 0.2 -1.2
v 0.0999999 0.2 -1.2
v -0.2 0.7 0.7
v -0.1 0.7 0.7
v 0.0999999 0.7 0.7
v 0.2 0.7 0.7
v -0.2 0.7 0.6
v -0.1 0.7 0.6
v 0.0999999 0.7 0.6
v 0.2 0.7 0.6
v -0.2 0.7 -1
v -0.1 0.7 -1
v 0.0999999 0.7 -1
v 0.2 0.7 -1
v -0.2 0.7 -1.1
v -0.1 0.7 -1.1
v 0.0999999 0.7 -1.1
v 0.2 0.7 -1.1
v -0.1 0.8 0.8
v 0.0999999 0.8 0.8
v -0.1 0.8 0.7
v 0.0999999 0.8 0.7
v -0.2 0.8 0.6
v -0.1 0.8 0.6
v 0.0999999 0.8 0.6
v 0.2 0.8 0.6
v -0.2 0.8 0.5
v -0.1 0.8 0.5
v 0.0999999 0.8 0.5
v 0.2 0.8 0.5
v -0.9 0.8 0
v -0.8 0.8 0
v 0.8 0.8 0
v 0.9 0.8 0
v -0.9 0.8 -0.0999999
v -0.8 0.8 -0.0999999
v 0.8 0.8 -0.0999999
v 0.9 0.8 -0.0999999
v -0.9 0.8 -0.3
v -0.8 0.8 -0.3
v 0.8 0.8 -0.3
v 0.9 0.8 -0.3
v -0.9 0.8 -0.4
v -0.8 0.8 -0.4
v 0.8 0.8 -0.4
v 0.9 0.8 -0.4
v -0.2 0.8 -0.9
v -0.1 0.8 -0.9
v 0.0999999 0.8 -0.9
v 0.2 0.8 -0.9
v -0.2 0.8 -1
v -0.1 0.8 -1
v 0.0999999 0.8 -1
v 0.2 0.8 -1
v -0.1 0.8 -1.1
v 0.0999999 0.8 -1.1
v -0.1 0.8 -1.2
v 0.0999999 0.8 -1.2
v -0.8 0.9 0
v -0.7 0.9 0
v 0.7 0.9 0
v 0.8 0.9 0
v -1 0.9 -0.0999999
v -0.9 0.9 -0.0999999
v -0.8 0.9 -0.0999999
v -0.7 0.9 -0.0999999
v 0.7 0.9 -0.0999999
v 0.8 0.9 -0.0999999
v 0.9 0.9 -0.0999999
v 1 0.9 -0.0999999
v -1 0.9 -0.3
v -0.9 0.9 -0.3
v -0.8 0.9 -0.3
v -0.7 0.9 -0.3
v 0.7 0.9 -0.3
v 0.8 0.9 -0.3
v 0.9 0.9 -0.3
v 1 0.9 -0.3
v -0.8 0.9 -0.4
v -0.7 0.9 -0.4
v 0.7 0.9 -0.4
v 0.8 0.9 -0.4
v -0.1 1.2 0.8
v 0.0999999 1.2 0.8
v -0.2 1.2 0.7
v -0.1 1.2 0.7
v 0.0999999 1.2 0.7
v 0.2 1.2 0.7
v -0.2 1.2 0.5
v -0.1 1.2 0.5
v 0.0999999 1.2 0.5
v 0.2 1.2 0.5
v -0.1 1.2 0.2
v 0.0999999 1.2 0.2
v -0.9 1.2 0
v -0.7 1.2 0
v 0.7 1.2 0
v 0.9 1.2 0
v -1 1.2 -0.0999999
v -0.9 1.2 -0.0999999
v -0.7 1.2 -0.0999999
v -0.4 1.2 -0.0999999
v 0.4 1.2 -0.0999999
v 0.7 1.2 -0.0999999
v 0.9 1.2 -0.0999999
v 1 1.2 -0.0999999
v -1 1.2 -0.3
v -0.9 1.2 -0.3
v -0.7 1.2 -0.3
v -0.4 1.2 -0.3
v 0.4 1.2 -0.3
v 0.7 1.2 -0.3
v 0.9 1.2 -0.3
v 1 1.2 -0.3
v -0.9 1.2 -0.4
v -0.7 1.2 -0.4
v 0.7 1.2 -0.4
v 0.9 1.2 -0.4
v -0.1 1.2 -0.6
v 0.0999999 1.2 -0.6
v -0.2 1.2 -0.9
v -0.1 1.2 -0.9
v 0.0999999 1.2 -0.9
v 0.2 1.2 -0.9
v -0.2 1.2 -1.1
v -0.1 1.2 -1.1
v 0.0999999 1.2 -1.1
v 0.2 1.2 -1.1
v -0.1 1.2 -1.2
v 0.0999999 1.2 -1.2
v -0.1 1.3 0.7
v 0.0999999 1.3 0.7
v -0.1 1.3 0.5
v 0.0999999 1.3 0.5
v -0.2 1.3 0.2
v 0.2 1.3 0.2
v -0.3 1.3 0.1
v -0.2 1.3 0.1
v 0.2 1.3 0.1
v 0.3 1.3 0.1
v -0.4 1.3 0
v -0.3 1.3 0
v -0.2 1.3 0
v 0.2 1.3 0
v 0.3 1.3 0
v 0.4 1.3 0
v -0.9 1.3 -0.0999999
v -0.7 1.3 -0.0999999
v 0.7 1.3 -0.0999999
v 0.9 1.3 -0.0999999
v -0.9 1.3 -0.3
v -0.7 1.3 -0.3
v 0.7 1.3 -0.3
v 0.9 1.3 -0.3
v -0.4 1.3 -0.4
v -0.3 1.3 -0.4
v -0.2 1.3 -0.4
v 0.2 1.3 -0.4
v 0.3 1.3 -0.4
v 0.4 1.3 -0.4
v -0.3 1.3 -0.5
v -0.2 1.3 -0.5
v 0.2 1.3 -0.5
v 0.3 1.3 -0.5
v -0.2 1.3 -0.6
v 0.2 1.3 -0.6
v -0.1 1.3 -0.9
v 0.0999999 1.3 -0.9
v -0.1 1.3 -1.1
v 0.0999999 1.3 -1.1
v -0.2 1.4 0.1
v 0.2 1.4 0.1
v -0.3 1.4 0
v -0.2 1.4 0
v 0.2 1.4 0
v 0.3 1.4 0
v -0.1 1.4 -0.0999999
v 0.0999999 1.4 -0.0999999
v -0.1 1.4 -0.3
v 0.0999999 1.4 -0.3
v -0.3 1.4 -0.4
v -0.2 1.4 -0.4
v 0.2 1.4 -0.4
v 0.3 1.4 -0.4
v -0.2 1.4 -0.5
v 0.2 1.4 -0.5
v -0.1 2.1 0.3
v 0.0999999 2.1 0.3
v -0.1 2.1 0.2
v 0.0999999 2.1 0.2
v -0.9 2.2 1.2
v -0.7 2.2 1.2
v 0.7 2.2 1.2
v 0.9 2.2 1.2
v -0.9 2.2 1.1
v -0.7 2.2 1.1
v 0.7 2.2 1.1
v 0.9 2.2 1.1
v -0.2 2.2 0.3
v -0.1 2.2 0.3
v 0.0999999 2.2 0.3
v 0.2 2.2 0.3
v -0.2 2.2 0.2
v -0.1 2.2 0.2
v 0.0999999 2.2 0.2
v 0.2 2.2 0.2
v -1 2.4 1.2
v -0.9 2.4 1.2
v -0.7 2.4 1.2
v -0.6 2.4 1.2
v 0.6 2.4 1.2
v 0.7 2.4 1.2
v 0.9 2.4 1.2
v 1 2.4 1.2
v -1 2.4 1.1
v -0.9 2.4 1.1
v -0.7 2.4 1.1
v -0.6 2.4 1.1
v 0.6 2.4 1.1
v 0.7 2.4 1.1
v 0.9 2.4 1.1
v 1 2.4 1.1
v -1.1 2.4 0.9
v -1 2.4 0.9
v -0.6 2.4 0.9
v -0.5 2.4 0.9
v 0.5 2.4 0.9
v 0.6 2.4 0.9
v 1 2.4 0.9
v 1.1 2.4 0.9
v -1 2.4 0.8
v -0.9 2.4 0.8
v -0.7 2.4 0.8
v -0.6 2.4 0.8
v 0.6 2.4 0.8
v 0.7 2.4 0.8
v 0.9 2.4 0.8
v 1 2.4 0.8
v -0.4 2.4 0.3
v -0.3 2.4 0.3
v 0.3 2.4 0.3
v 0.4 2.4 0.3
v -1.1 2.4 0.2
v -1 2.4 0.2
v -0.6 2.4 0.2
v -0.5 2.4 0.2
v -0.4 2.4 0.2
v -0.3 2.4 0.2
v 0.3 2.4 0.2
v 0.4 2.4 0.2
v 0.5 2.4 0.2
v 0.6 2.4 0.2
v 1 2.4 0.2
v 1.1 2.4 0.2
v -0.4 2.4 -0.4
v -0.3 2.4 -0.4
v 0.3 2.4 -0.4
v 0.4 2.4 -0.4
v -0.4 2.4 -0.5
v -0.3 2.4 -0.5
v 0.3 2.4 -0.5
v 0.4 2.4 -0.5
v -0.9 2.5 1.2
v -0.7 2.5 1.2
v 0.7 2.5 1.2
v 0.9 2.5 1.2
v -0.9 2.5 1.1
v -0.7 2.5 1.1
v 0.7 2.5 1.1
v 0.9 2.5 1.1
v -0.9 2.5 0.9
v -0.7 2.5 0.9
v 0.7 2.5 0.9
v 0.9 2.5 0.9
v -1 2.5 0.8
v -0.9 2.5 0.8
v -0.7 2.5 0.8
v -0.6 2.5 0.8
v 0.6 2.5 0.8
v 0.7 2.5 0.8
v 0.9 2.5 0.8
v 1 2.5 0.8
v -0.3 2.5 0.3
v -0.2 2.5 0.3
v 0.2 2.5 0.3
v 0.3 2.5 0.3
v -1.1 2.5 0.2
v -1 2.5 0.2
v -0.9 2.5 0.2
v -0.7 2.5 0.2
v -0.6 2.5 0.2
v -0.5 2.5 0.2
v -0.4 2.5 0.2
v -0.3 2.5 0.2
v -0.2 2.5 0.2
v 0.2 2.5 0.2
v 0.3 2.5 0.2
v 0.4 2.5 0.2
v 0.5 2.5 0.2
v 0.6 2.5 0.2
v 0.7 2.5 0.2
v 0.9 2.5 0.2
v 1 2.5 0.2
v 1.1 2.5 0.2
v -1.2 2.5 0.1
v -1.1 2.5 0.1
v -1 2.5 0.1
v -0.6 2.5 0.1
v -0.5 2.5 0.1
v -0.4 2.5 0.1
v -0.3 2.5 0.1
v 0.3 2.5 0.1
v 0.4 2.5 0.1
v 0.5 2.5 0.1
v 0.6 2.5 0.1
v 1 2.5 0.1
v 1.1 2.5 0.1
v 1.2 2.5 0.1
v -1.2 2.5 0
v -1.1 2.5 0
v -0.5 2.5 0
v -0.4 2.5 0
v 0.4 2.5 0
v 0.5 2.5 0
v 1.1 2.5 0
v 1.2 2.5 0
v -0.4 2.5 -0.3
v -0.3 2.5 -0.3
v 0.3 2.5 -0.3
v 0.4 2.5 -0.3
v -1.2 2.5 -0.4
v -1.1 2.5 -0.4
v -0.5 2.5 -0.4
v -0.4 2.5 -0.4
v -0.3 2.5 -0.4
v -0.2 2.5 -0.4
v 0.2 2.5 -0.4
v 0.3 2.5 -0.4
v 0.4 2.5 -0.4
v 0.5 2.5 -0.4
v 1.1 2.5 -0.4
v 1.2 2.5 -0.4
v -1.2 2.5 -0.5
v -1.1 2.5 -0.5
v -1 2.5 -0.5
v -0.6 2.5 -0.5
v -0.5 2.5 -0.5
v -0.4 2.5 -0.5
v -0.3 2.5 -0.5
v -0.2 2.5 -0.5
v 0.2 2.5 -0.5
v 0.3 2.5 -0.5
v 0.4 2.5 -0.5
v 0.5 2.5 -0.5
v 0.6 2.5 -0.5
v 1 2.5 -0.5
v 1.1 2.5 -0.5
v 1.2 2.5 -0.5
v -1.1 2.5 -0.6
v -1 2.5 -0.6
v -0.6 2.5 -0.6
v -0.5 2.5 -0.6
v 0.5 2.5 -0.6
v 0.6 2.5 -0.6
v 1 2.5 -0.6
v 1.1 2.5 -0.6
v -0.9 2.6 0.9
v -0.7 2.6 0.9
v 0.7 2.6 0.9
v 0.9 2.6 0.9
v -0.2 2.6 0.3
v 0.2 2.6 0.3
v -1 2.6 0.2
v -0.9 2.6 0.2
v -0.7 2.6 0.2
v -0.6 2.6 0.2
v -0.3 2.6 0.2
v -0.2 2.6 0.2
v 0.2 2.6 0.2
v 0.3 2.6 0.2
v 0.6 2.6 0.2
v 0.7 2.6 0.2
v 0.9 2.6 0.2
v 1 2.6 0.2
v -1.1 2.6 0.1
v -1 2.6 0.1
v -0.6 2.6 0.1
v -0.5 2.6 0.1
v -0.4 2.6 0.1
v -0.3 2.6 0.1
v -0.2 2.6 0.1
v 0.2 2.6 0.1
v 0.3 2.6 0.1
v 0.4 2.6 0.1
v 0.5 2.6 0.1
v 0.6 2.6 0.1
v 1 2.6 0.1
v 1.1 2.6 0.1
v -1.2 2.6 0
v -1.1 2.6 0
v -1 2.6 0
v -0.6 2.6 0
v -0.5 2.6 0
v -0.4 2.6 0
v 0.4 2.6 0
v 0.5 2.6 0
v 0.6 2.6 0
v 1 2.6 0
v 1.1 2.6 0
v 1.2 2.6 0
v -0.4 2.6 -0.0999999
v -0.3 2.6 -0.0999999
v 0.3 2.6 -0.0999999
v 0.4 2.6 -0.0999999
v -0.4 2.6 -0.3
v -0.3 2.6 -0.3
v -0.2 2.6 -0.3
v 0.2 2.6 -0.3
v 0.3 2.6 -0.3
v 0.4 2.6 -0.3
v -1.2 2.6 -0.4
v -1.1 2.6 -0.4
v -1 2.6 -0.4
v -0.6 2.6 -0.4
v -0.5 2.6 -0.4
v -0.4 2.6 -0.4
v -0.3 2.6 -0.4
v -0.2 2.6 -0.4
v 0.2 2.6 -0.4
v 0.3 2.6 -0.4
v 0.4 2.6 -0.4
v 0.5 2.6 -0.4
v 0.6 2.6 -0.4
v 1 2.6 -0.4
v 1.1 2.6 -0.4
v 1.2 2.6 -0.4
v -1.1 2.6 -0.5
v -1 2.6 -0.5
v -0.6 2.6 -0.5
v -0.5 2.6 -0.5
v -0.2 2.6 -0.5
v 0.2 2.6 -0.5
v 0.5 2.6 -0.5
v 0.6 2.6 -0.5
v 1 2.6 -0.5
v 1.1 2.6 -0.5
v -1 2.6 -0.6
v -0.6 2.6 -0.6
v 0.6 2.6 -0.6
v 1 2.6 -0.6
v -0.2 2.7 0.2
v 0.2 2.7 0.2
v -1 2.7 0.1
v -0.6 2.7 0.1
v -0.3 2.7 0.1
v -0.2 2.7 0.1
v 0.2 2.7 0.1
v 0.3 2.7 0.1
v 0.6 2.7 0.1
v 1 2.7 0.1
v -1.1 2.7 0
v -1 2.7 0
v -0.6 2.7 0
v -0.5 2.7 0
v 0.5 2.7 0
v 0.6 2.7 0
v 1 2.7 0
v 1.1 2.7 0
v -0.3 2.7 -0.0999999
v -0.2 2.7 -0.0999999
v 0.2 2.7 -0.0999999
v 0.3 2.7 -0.0999999
v -0.2 2.7 -0.2
v 0.2 2.7 -0.2
v -0.3 2.7 -0.3
v -0.2 2.7 -0.3
v 0.2 2.7 -0.3
v 0.3 2.7 -0.3
v -1.1 2.7 -0.4
v -1 2.7 -0.4
v -0.6 2.7 -0.4
v -0.5 2.7 -0.4
v -0.2 2.7 -0.4
v 0.2 2.7 -0.4
v 0.5 2.7 -0.4
v 0.6 2.7 -0.4
v 1 2.7 -0.4
v 1.1 2.7 -0.4
v -1 2.7 -0.5
v -0.6 2.7 -0.5
v 0.6 2.7 -0.5
v 1 2.7 -0.5

# faces
f 4/2/1 2/2/1 1/2/1
f 5/2/1 2/2/1 4/2/1
f 7/2/1 4/2/1 3/2/1
f 7/2/1 6/2/1 5/2/1
f 7/2/1 5/2/1 4/2/1
f 8/2/1 6/2/1 7/2/1
f 9/2/1 6/2/1 8/2/1
f 10/2/1 6/2/1 9/2/1
f 11/2/1 9/2/1 8/2/1
f 12/2/1 9/2/1 11/2/1
f 16/2/1 14/2/1 13/2/1
f 17/2/1 14/2/1 16/2/1
f 20/2/1 16/2/1 15/2/1
f 21/2/1 16/2/1 20/2/1
f 22/2/1 18/2/1 17/2/1
f 23/2/1 18/2/1 22/2/1
f 26/2/1 20/2/1 19/2/1
f 27/3/1 26/3/1 25/3/1
f 28/2/1 20/2/1 26/2/1
f 28/3/1 26/3/1 27/3/1
f 29/2/1 20/2/1 28/2/1
f 30/2/1 20/2/1 29/2/1
f 33/2/1 24/2/1 23/2/1
f 34/2/1 24/2/1 33/2/1
f 35/2/1 31/2/1 30/2/1
f 36/2/1 31/2/1 35/2/1
f 37/2/1 33/2/1 32/2/1
f 38/2/1 33/2/1 37/2/1
f 39/2/1 37/2/1 36/2/1
f 40/2/1 37/2/1 39/2/1
f 43/3/1 42/3/1 41/3/1
f 44/3/1 42/3/1 43/3/1
f 45/3/1 42/3/1 44/3/1
f 46/3/1 42/3/1 45/3/1
f 47/3/1 45/3/1 44/3/1
f 48/3/1 45/3/1 47/3/1
f 51/2/1 50/2/1 49/2/1
f 52/2/1 50/2/1 51/2/1
f 55/2/1 54/2/1 53/2/1
f 56/2/1 54/2/1 55/2/1
f 62/2/1 58/2/1 57/2/1
f 63/2/1 58/2/1 62/2/1
f 64/2/1 60/2/1 59/2/1
f 65/2/1 60/2/1 64/2/1
f 68/2/1 62/2/1 61/2/1
f 69/2/1 62/2/1 68/2/1
f 70/2/1 66/2/1 65/2/1
f 71/2/1 66/2/1 70/2/1
f 75/3/1 68/3/1 67/3/1
f 76/3/1 68/3/1 75/3/1
f 77/4/1 73/4/1 72/4/1
f 78/3/1 74/3/1 73/3/1
f 78/4/1 73/4/1 77/4/1
f 79/3/1 74/3/1 78/3/1
f 82/3/1 81/3/1 80/3/1
f 83/3/1 81/3/1 82/3/1
f 87/2/1 84/2/1 83/2/1
f 88/2/1 84/2/1 87/2/1
f 91/2/1 86/2/1 85/2/1
f 92/2/1 86/2/1 91/2/1
f 93/2/1 89/2/1 88/2/1
f 94/2/1 89/2/1 93/2/1
f 95/2/1 91/2/1 90/2/1
f 96/2/1 91/2/1 95/2/1
f 101/3/1 98/3/1 97/3/1
f 102/3/1 98/3/1 101/3/1
f 103/3/1 100/3/1 99/3/1
f 104/3/1 100/3/1 103/3/1
f 109/2/1 106/2/1 105/2/1
f 110/2/1 106/2/1 109/2/1
f 111/2/1 108/2/1 107/2/1
f 112/2/1 108/2/1 111/2/1
f 116/5/1 114/5/1 113/5/1
f 117/5/1 114/5/1 116/5/1
f 119/2/1 116/2/1 115/2/1
f 120/2/1 116/2/1 119/2/1
f 121/2/1 118/2/1 117/2/1
f 122/2/1 118/2/1 121/2/1
f 123/2/1 121/2/1 120/2/1
f 124/2/1 121/2/1 123/2/1
f 129/3/1 126/3/1 125/3/1
f 130/3/1 126/3/1 129/3/1
f 131/3/1 126/3/1 130/3/1
f 132/4/1 128/4/1 127/4/1
f 133/3/1 129/3/1 128/3/1
f 133/4/1 128/4/1 132/4/1
f 133/3/1 130/3/1 129/3/1
f 134/3/1 130/3/1 133/3/1
f 138/4/1 136/4/1 135/4/1
f 139/3/1 137/3/1 136/3/1
f 139/4/1 136/4/1 138/4/1
f 140/3/1 137/3/1 139/3/1
f 141/3/1 137/3/1 140/3/1
f 143/3/1 141/3/1 140/3/1
f 143/3/1 142/3/1 141/3/1
f 144/3/1 142/3/1 143/3/1
f 149/2/1 146/2/1 145/2/1
f 150/2/1 146/2/1 149/2/1
f 151/2/1 148/2/1 147/2/1
f 152/2/1 148/2/1 151/2/1
f 157/2/1 154/2/1 153/2/1
f 158/2/1 154/2/1 157/2/1
f 159/2/1 156/2/1 155/2/1
f 160/2/1 156/2/1 159/2/1
f 163/4/1 162/4/1 161/4/1
f 164/4/1 162/4/1 163/4/1
f 168/2/1 166/2/1 165/2/1
f 169/2/1 166/2/1 168/2/1
f 171/2/1 168/2/1 167/2/1
f 172/2/1 170/2/1 169/2/1
f 173/2/1 171/2/1 167/2/1
f 173/2/1 172/2/1 171/2/1
f 174/2/1 170/2/1 172/2/1
f 174/2/1 172/2/1 173/2/1
f 178/2/1 176/2/1 175/2/1
f 179/2/1 176/2/1 178/2/1
f 181/2/1 178/2/1 177/2/1
f 182/2/1 181/2/1 180/2/1
f 183/2/1 178/2/1 181/2/1
f 183/2/1 181/2/1 182/2/1
f 184/2/1 178/2/1 183/2/1
f 185/2/1 178/2/1 184/2/1
f 187/2/1 186/2/1 185/2/1
f 188/2/1 186/2/1 187/2/1
f 194/2/1 190/2/1 189/2/1
f 195/2/1 190/2/1 194/2/1
f 196/2/1 192/2/1 191/2/1
f 197/2/1 192/2/1 196/2/1
f 199/2/1 194/2/1 193/2/1
f 200/2/1 194/2/1 199/2/1
f 201/2/1 198/2/1 197/2/1
f 202/2/1 198/2/1 201/2/1
f 203/2/1 201/2/1 200/2/1
f 204/2/1 201/2/1 203/2/1
f 208/3/1 206/3/1 205/3/1
f 209/3/1 206/3/1 208/3/1
f 210/3/1 206/3/1 209/3/1
f 213/3/1 208/3/1 207/3/1
f 214/3/1 208/3/1 213/3/1
f 215/4/1 211/4/1 210/4/1
f 216/4/1 211/4/1 215/4/1
f 218/3/1 213/3/1 212/3/1
f 219/3/1 213/3/1 218/3/1
f 220/4/1 217/4/1 216/4/1
f 221/4/1 217/4/1 220/4/1
f 226/3/1 223/3/1 222/3/1
f 227/3/1 223/3/1 226/3/1
f 230/4/1 225/4/1 224/4/1
f 231/4/1 225/4/1 230/4/1
f 232/3/1 228/3/1 227/3/1
f 233/3/1 228/3/1 232/3/1
f 235/4/1 230/4/1 229/4/1
f 236/4/1 230/4/1 235/4/1
f 237/3/1 234/3/1 233/3/1
f 238/4/1 235/4/1 234/4/1
f 238/3/1 234/3/1 237/3/1
f 239/4/1 235/4/1 238/4/1
f 244/3/1 241/3/1 240/3/1
f 245/3/1 241/3/1 244/3/1
f 246/3/1 241/3/1 245/3/1
f 247/3/1 241/3/1 246/3/1
f 248/3/1 243/3/1 242/3/1
f 249/3/1 243/3/1 248/3/1
f 250/3/1 243/3/1 249/3/1
f 251/3/1 243/3/1 250/3/1
f 252/3/1 246/3/1 245/3/1
f 253/3/1 246/3/1 252/3/1
f 254/3/1 250/3/1 249/3/1
f 255/3/1 250/3/1 254/3/1
f 261/2/1 257/2/1 256/2/1
f 262/2/1 259/2/1 258/2/1
f 264/2/1 261/2/1 260/2/1
f 265/2/1 257/2/1 261/2/1
f 265/2/1 261/2/1 264/2/1
f 266/2/1 263/2/1 262/2/1
f 266/2/1 262/2/1 258/2/1
f 267/2/1 263/2/1 266/2/1
f 268/2/1 257/2/1 265/2/1
f 269/2/1 257/2/1 268/2/1
f 270/2/1 266/2/1 258/2/1
f 271/2/1 266/2/1 270/2/1
f 279/2/1 273/2/1 272/2/1
f 280/2/1 273/2/1 279/2/1
f 281/2/1 275/2/1 274/2/1
f 282/2/1 275/2/1 281/2/1
f 286/2/1 277/2/1 276/2/1
f 287/2/1 277/2/1 286/2/1
f 288/2/1 285/2/1 284/2/1
f 289/2/1 285/2/1 288/2/1
f 290/2/1 279/2/1 278/2/1
f 291/2/1 279/2/1 290/2/1
f 294/2/1 283/2/1 282/2/1
f 295/2/1 283/2/1 294/2/1
f 296/2/1 292/2/1 291/2/1
f 297/2/1 292/2/1 296/2/1
f 298/2/1 294/2/1 293/2/1
f 299/2/1 294/2/1 298/2/1
f 303/3/1 301/3/1 300/3/1
f 304/3/1 301/3/1 303/3/1
f 307/3/1 303/3/1 302/3/1
f 308/3/1 303/3/1 307/3/1
f 309/4/1 305/4/1 304/4/1
f 310/4/1 305/4/1 309/4/1
f 312/3/1 307/3/1 306/3/1
f 313/3/1 307/3/1 312/3/1
f 314/4/1 311/4/1 310/4/1
f 315/4/1 311/4/1 314/4/1
f 320/3/1 317/3/1 316/3/1
f 321/3/1 317/3/1 320/3/1
f 324/4/1 319/4/1 318/4/1
f 325/4/1 319/4/1 324/4/1
f 326/3/1 322/3/1 321/3/1
f 327/3/1 322/3/1 326/3/1
f 328/4/1 324/4/1 323/4/1
f 329/4/1 324/4/1 328/4/1
f 338/3/1 331/3/1 330/3/1
f 339/3/1 331/3/1 338/3/1
f 340/3/1 333/3/1 332/3/1
f 341/3/1 333/3/1 340/3/1
f 342/3/1 335/3/1 334/3/1
f 343/3/1 335/3/1 342/3/1
f 344/3/1 337/3/1 336/3/1
f 345/3/1 337/3/1 344/3/1
f 352/2/1 347/2/1 346/2/1
f 352/5/1 348/5/1 347/5/1
f 353/5/1 348/5/1 352/5/1
f 354/5/1 350/5/1 349/5/1
f 355/2/1 351/2/1 350/2/1
f 355/5/1 350/5/1 354/5/1
f 356/2/1 352/2/1 346/2/1
f 359/2/1 351/2/1 355/2/1
f 360/2/1 356/2/1 346/2/1
f 361/5/1 357/5/1 356/5/1
f 361/2/1 356/2/1 360/2/1
f 362/5/1 357/5/1 361/5/1
f 365/5/1 359/5/1 358/5/1
f 366/2/1 351/2/1 359/2/1
f 366/5/1 359/5/1 365/5/1
f 367/2/1 351/2/1 366/2/1
f 373/5/1 363/5/1 362/5/1
f 373/5/1 362/5/1 361/5/1
f 374/5/1 363/5/1 373/5/1
f 375/2/1 369/2/1 368/2/1
f 376/2/1 369/2/1 375/2/1
f 377/2/1 371/2/1 370/2/1
f 378/2/1 371/2/1 377/2/1
f 379/5/1 365/5/1 364/5/1
f 379/5/1 366/5/1 365/5/1
f 380/5/1 366/5/1 379/5/1
f 382/2/1 373/2/1 372/2/1
f 383/2/1 373/2/1 382/2/1
f 384/5/1 375/5/1 374/5/1
f 385/5/1 375/5/1 384/5/1
f 386/5/1 379/5/1 378/5/1
f 387/5/1 379/5/1 386/5/1
f 388/2/1 381/2/1 380/2/1
f 389/2/1 381/2/1 388/2/1
f 390/2/1 384/2/1 383/2/1
f 391/2/1 384/2/1 390/2/1
f 392/2/1 388/2/1 387/2/1
f 393/2/1 388/2/1 392/2/1
f 398/5/1 395/5/1 394/5/1
f 399/5/1 395/5/1 398/5/1
f 402/3/1 397/3/1 396/3/1
f 403/3/1 397/3/1 402/3/1
f 404/4/1 400/4/1 399/4/1
f 405/4/1 400/4/1 404/4/1
f 407/3/1 402/3/1 401/3/1
f 408/3/1 402/3/1 407/3/1
f 409/4/1 406/4/1 405/4/1
f 410/4/1 406/4/1 409/4/1
f 413/3/1 412/3/1 411/3/1
f 414/3/1 412/3/1 413/3/1
f 417/3/1 416/3/1 415/3/1
f 418/3/1 416/3/1 417/3/1
f 421/3/1 420/3/1 419/3/1
f 422/3/1 420/3/1 421/3/1
f 425/2/1 424/2/1 423/2/1
f 426/2/1 424/2/1 425/2/1
f 428/2/1 427/2/1 426/2/1
f 429/2/1 427/2/1 428/2/1
f 433/2/1 431/2/1 430/2/1
f 434/2/1 431/2/1 433/2/1
f 435/2/1 433/2/1 432/2/1
f 436/2/1 433/2/1 435/2/1
f 440/2/1 438/2/1 437/2/1
f 441/2/1 438/2/1 440/2/1
f 444/2/1 440/2/1 439/2/1
f 445/2/1 440/2/1 444/2/1
f 446/2/1 442/2/1 441/2/1
f 447/2/1 442/2/1 446/2/1
f 450/2/1 444/2/1 443/2/1
f 451/3/1 450/3/1 449/3/1
f 452/2/1 444/2/1 450/2/1
f 452/3/1 450/3/1 451/3/1
f 453/2/1 444/2/1 452/2/1
f 454/2/1 444/2/1 453/2/1
f 457/2/1 448/2/1 447/2/1
f 458/2/1 448/2/1 457/2/1
f 459/2/1 455/2/1 454/2/1
f 460/2/1 455/2/1 459/2/1
f 461/2/1 457/2/1 456/2/1
f 462/2/1 457/2/1 461/2/1
f 463/2/1 461/2/1 460/2/1
f 464/2/1 461/2/1 463/2/1
f 467/3/1 466/3/1 465/3/1
f 468/3/1 466/3/1 467/3/1
f 469/3/1 466/3/1 468/3/1
f 470/3/1 466/3/1 469/3/1
f 471/3/1 469/3/1 468/3/1
f 472/3/1 469/3/1 471/3/1
f 478/2/1 474/2/1 473/2/1
f 479/2/1 474/2/1 478/2/1
f 480/2/1 476/2/1 475/2/1
f 481/2/1 476/2/1 480/2/1
f 484/2/1 478/2/1 477/2/1
f 485/2/1 478/2/1 484/2/1
f 486/2/1 482/2/1 481/2/1
f 487/2/1 482/2/1 486/2/1
f 491/3/1 484/3/1 483/3/1
f 492/3/1 484/3/1 491/3/1
f 493/4/1 489/4/1 488/4/1
f 494/3/1 490/3/1 489/3/1
f 494/4/1 489/4/1 493/4/1
f 495/3/1 490/3/1 494/3/1
f 498/3/1 497/3/1 496/3/1
f 499/3/1 497/3/1 498/3/1
f 503/2/1 500/2/1 499/2/1
f 504/2/1 500/2/1 503/2/1
f 507/2/1 502/2/1 501/2/1
f 508/2/1 502/2/1 507/2/1
f 509/2/1 505/2/1 504/2/1
f 510/2/1 505/2/1 509/2/1
f 511/2/1 507/2/1 506/2/1
f 512/2/1 507/2/1 511/2/1
f 517/3/1 514/3/1 513/3/1
f 518/3/1 514/3/1 517/3/1
f 519/3/1 516/3/1 515/3/1
f 520/3/1 516/3/1 519/3/1
f 525/2/1 522/2/1 521/2/1
f 526/5/1 523/5/1 522/5/1
f 526/2/1 522/2/1 525/2/1
f 527/2/1 524/2/1 523/2/1
f 527/5/1 523/5/1 526/5/1
f 528/2/1 524/2/1 527/2/1
f 530/5/1 527/5/1 526/5/1
f 531/5/1 527/5/1 530/5/1
f 533/2/1 530/2/1 529/2/1
f 534/2/1 530/2/1 533/2/1
f 535/2/1 532/2/1 531/2/1
f 536/2/1 532/2/1 535/2/1
f 537/2/1 535/2/1 534/2/1
f 538/2/1 535/2/1 537/2/1
f 543/3/1 540/3/1 539/3/1
f 544/3/1 540/3/1 543/3/1
f 545/3/1 540/3/1 544/3/1
f 546/4/1 542/4/1 541/4/1
f 547/3/1 543/3/1 542/3/1
f 547/4/1 542/4/1 546/4/1
f 547/3/1 544/3/1 543/3/1
f 548/3/1 544/3/1 547/3/1
f 552/4/1 550/4/1 549/4/1
f 553/3/1 551/3/1 550/3/1
f 553/4/1 550/4/1 552/4/1
f 554/3/1 551/3/1 553/3/1
f 555/3/1 551/3/1 554/3/1
f 557/3/1 555/3/1 554/3/1
f 557/3/1 556/3/1 555/3/1
f 558/3/1 556/3/1 557/3/1
f 561/4/1 560/4/1 559/4/1
f 562/4/1 560/4/1 561/4/1
f 563/4/2 564/4/2 565/4/2
f 565/4/2 564/4/2 566/4/2
f 567/3/2 568/3/2 571/3/2
f 571/3/2 568/3/2 572/3/2
f 569/3/2 570/3/2 573/3/2
f 573/3/2 570/3/2 574/3/2
f 575/2/2 576/2/2 579/2/2
f 576/5/2 577/5/2 580/5/2
f 579/2/2 576/2/2 580/2/2
f 577/2/2 578/2/2 581/2/2
f 580/5/2 577/5/2 581/5/2
f 581/2/2 578/2/2 582/2/2
f 580/5/2 581/5/2 584/5/2
f 584/5/2 581/5/2 585/5/2
f 583/2/2 584/2/2 587/2/2
f 587/2/2 584/2/2 588/2/2
f 585/2/2 586/2/2 589/2/2
f 589/2/2 586/2/2 590/2/2
f 588/2/2 589/2/2 591/2/2
f 591/2/2 589/2/2 592/2/2
f 593/3/2 594/3/2 597/3/2
f 597/3/2 594/3/2 598/3/2
f 598/3/2 594/3/2 599/3/2
f 595/4/2 596/4/2 600/4/2
f 596/3/2 597/3/2 601/3/2
f 600/4/2 596/4/2 601/4/2
f 597/3/2 598/3/2 601/3/2
f 601/3/2 598/3/2 602/3/2
f 603/4/2 604/4/2 606/4/2
f 604/3/2 605/3/2 607/3/2
f 606/4/2 604/4/2 607/4/2
f 607/3/2 605/3/2 608/3/2
f 608/3/2 605/3/2 609/3/2
f 608/3/2 609/3/2 611/3/2
f 609/3/2 610/3/2 611/3/2
f 611/3/2 610/3/2 612/3/2
f 613/3/2 614/3/2 615/3/2
f 615/3/2 614/3/2 616/3/2
f 616/3/2 614/3/2 617/3/2
f 617/3/2 614/3/2 618/3/2
f 616/3/2 617/3/2 619/3/2
f 619/3/2 617/3/2 620/3/2
f 621/2/2 622/2/2 626/2/2
f 626/2/2 622/2/2 627/2/2
f 623/2/2 624/2/2 628/2/2
f 628/2/2 624/2/2 629/2/2
f 625/2/2 626/2/2 632/2/2
f 632/2/2 626/2/2 633/2/2
f 629/2/2 630/2/2 634/2/2
f 634/2/2 630/2/2 635/2/2
f 631/3/2 632/3/2 639/3/2
f 639/3/2 632/3/2 640/3/2
f 636/4/2 637/4/2 641/4/2
f 637/3/2 638/3/2 642/3/2
f 641/4/2 637/4/2 642/4/2
f 642/3/2 638/3/2 643/3/2
f 644/3/2 645/3/2 646/3/2
f 646/3/2 645/3/2 647/3/2
f 647/2/2 648/2/2 651/2/2
f 651/2/2 648/2/2 652/2/2
f 649/2/2 650/2/2 655/2/2
f 655/2/2 650/2/2 656/2/2
f 652/2/2 653/2/2 657/2/2
f 657/2/2 653/2/2 658/2/2
f 654/2/2 655/2/2 659/2/2
f 659/2/2 655/2/2 660/2/2
f 661/2/2 662/2/2 664/2/2
f 664/2/2 662/2/2 665/2/2
f 663/2/2 664/2/2 668/2/2
f 668/2/2 664/2/2 669/2/2
f 665/2/2 666/2/2 670/2/2
f 670/2/2 666/2/2 671/2/2
f 667/2/2 668/2/2 674/2/2
f 673/3/2 674/3/2 675/3/2
f 674/2/2 668/2/2 676/2/2
f 675/3/2 674/3/2 676/3/2
f 676/2/2 668/2/2 677/2/2
f 677/2/2 668/2/2 678/2/2
f 671/2/2 672/2/2 681/2/2
f 681/2/2 672/2/2 682/2/2
f 678/2/2 679/2/2 683/2/2
f 683/2/2 679/2/2 684/2/2
f 680/2/2 681/2/2 685/2/2
f 685/2/2 681/2/2 686/2/2
f 684/2/2 685/2/2 687/2/2
f 687/2/2 685/2/2 688/2/2
f 689/2/2 690/2/2 691/2/2
f 691/2/2 690/2/2 692/2/2
f 692/2/2 693/2/2 694/2/2
f 694/2/2 693/2/2 695/2/2
f 696/2/2 697/2/2 699/2/2
f 699/2/2 697/2/2 700/2/2
f 698/2/2 699/2/2 701/2/2
f 701/2/2 699/2/2 702/2/2
f 703/3/2 704/3/2 705/3/2
f 705/3/2 704/3/2 706/3/2
f 707/3/2 708/3/2 709/3/2
f 709/3/2 708/3/2 710/3/2
f 711/3/2 712/3/2 713/3/2
f 713/3/2 712/3/2 714/3/2
f 715/3/2 716/3/2 723/3/2
f 723/3/2 716/3/2 724/3/2
f 717/3/2 718/3/2 725/3/2
f 725/3/2 718/3/2 726/3/2
f 719/3/2 720/3/2 727/3/2
f 727/3/2 720/3/2 728/3/2
f 721/3/2 722/3/2 729/3/2
f 729/3/2 722/3/2 730/3/2
f 731/2/2 732/2/2 737/2/2
f 732/5/2 733/5/2 737/5/2
f 737/5/2 733/5/2 738/5/2
f 734/5/2 735/5/2 739/5/2
f 735/2/2 736/2/2 740/2/2
f 739/5/2 735/5/2 740/5/2
f 731/2/2 737/2/2 741/2/2
f 740/2/2 736/2/2 744/2/2
f 731/2/2 741/2/2 745/2/2
f 741/5/2 742/5/2 746/5/2
f 745/2/2 741/2/2 746/2/2
f 746/5/2 742/5/2 747/5/2
f 743/5/2 744/5/2 750/5/2
f 744/2/2 736/2/2 751/2/2
f 750/5/2 744/5/2 751/5/2
f 751/2/2 736/2/2 752/2/2
f 747/5/2 748/5/2 758/5/2
f 746/5/2 747/5/2 758/5/2
f 758/5/2 748/5/2 759/5/2
f 753/2/2 754/2/2 760/2/2
f 760/2/2 754/2/2 761/2/2
f 755/2/2 756/2/2 762/2/2
f 762/2/2 756/2/2 763/2/2
f 749/5/2 750/5/2 764/5/2
f 750/5/2 751/5/2 764/5/2
f 764/5/2 751/5/2 765/5/2
f 757/2/2 758/2/2 767/2/2
f 767/2/2 758/2/2 768/2/2
f 759/5/2 760/5/2 769/5/2
f 769/5/2 760/5/2 770/5/2
f 763/5/2 764/5/2 771/5/2
f 771/5/2 764/5/2 772/5/2
f 765/2/2 766/2/2 773/2/2
f 773/2/2 766/2/2 774/2/2
f 768/2/2 769/2/2 775/2/2
f 775/2/2 769/2/2 776/2/2
f 772/2/2 773/2/2 777/2/2
f 777/2/2 773/2/2 778/2/2
f 779/5/2 780/5/2 783/5/2
f 783/5/2 780/5/2 784/5/2
f 781/3/2 782/3/2 787/3/2
f 787/3/2 782/3/2 788/3/2
f 784/4/2 785/4/2 789/4/2
f 789/4/2 785/4/2 790/4/2
f 786/3/2 787/3/2 792/3/2
f 792/3/2 787/3/2 793/3/2
f 790/4/2 791/4/2 794/4/2
f 794/4/2 791/4/2 795/4/2
f 796/3/2 797/3/2 800/3/2
f 800/3/2 797/3/2 801/3/2
f 801/3/2 797/3/2 802/3/2
f 802/3/2 797/3/2 803/3/2
f 798/3/2 799/3/2 804/3/2
f 804/3/2 799/3/2 805/3/2
f 805/3/2 799/3/2 806/3/2
f 806/3/2 799/3/2 807/3/2
f 801/3/2 802/3/2 808/3/2
f 808/3/2 802/3/2 809/3/2
f 805/3/2 806/3/2 810/3/2
f 810/3/2 806/3/2 811/3/2
f 812/2/2 813/2/2 817/2/2
f 814/2/2 815/2/2 818/2/2
f 816/2/2 817/2/2 820/2/2
f 817/2/2 813/2/2 821/2/2
f 820/2/2 817/2/2 821/2/2
f 818/2/2 819/2/2 822/2/2
f 814/2/2 818/2/2 822/2/2
f 822/2/2 819/2/2 823/2/2
f 821/2/2 813/2/2 824/2/2
f 824/2/2 813/2/2 825/2/2
f 814/2/2 822/2/2 826/2/2
f 826/2/2 822/2/2 827/2/2
f 828/2/2 829/2/2 835/2/2
f 835/2/2 829/2/2 836/2/2
f 830/2/2 831/2/2 837/2/2
f 837/2/2 831/2/2 838/2/2
f 832/2/2 833/2/2 842/2/2
f 842/2/2 833/2/2 843/2/2
f 840/2/2 841/2/2 844/2/2
f 844/2/2 841/2/2 845/2/2
f 834/2/2 835/2/2 846/2/2
f 846/2/2 835/2/2 847/2/2
f 838/2/2 839/2/2 850/2/2
f 850/2/2 839/2/2 851/2/2
f 847/2/2 848/2/2 852/2/2
f 852/2/2 848/2/2 853/2/2
f 849/2/2 850/2/2 854/2/2
f 854/2/2 850/2/2 855/2/2
f 856/3/2 857/3/2 859/3/2
f 859/3/2 857/3/2 860/3/2
f 858/3/2 859/3/2 863/3/2
f 863/3/2 859/3/2 864/3/2
f 860/4/2 861/4/2 865/4/2
f 865/4/2 861/4/2 866/4/2
f 862/3/2 863/3/2 868/3/2
f 868/3/2 863/3/2 869/3/2
f 866/4/2 867/4/2 870/4/2
f 870/4/2 867/4/2 871/4/2
f 872/3/2 873/3/2 876/3/2
f 876/3/2 873/3/2 877/3/2
f 874/4/2 875/4/2 880/4/2
f 880/4/2 875/4/2 881/4/2
f 877/3/2 878/3/2 882/3/2
f 882/3/2 878/3/2 883/3/2
f 879/4/2 880/4/2 884/4/2
f 884/4/2 880/4/2 885/4/2
f 886/2/2 887/2/2 891/2/2
f 891/2/2 887/2/2 892/2/2
f 888/2/2 889/2/2 893/2/2
f 893/2/2 889/2/2 894/2/2
f 890/2/2 891/2/2 896/2/2
f 896/2/2 891/2/2 897/2/2
f 894/2/2 895/2/2 898/2/2
f 898/2/2 895/2/2 899/2/2
f 897/2/2 898/2/2 900/2/2
f 900/2/2 898/2/2 901/2/2
f 902/3/2 903/3/2 905/3/2
f 905/3/2 903/3/2 906/3/2
f 906/3/2 903/3/2 907/3/2
f 904/3/2 905/3/2 910/3/2
f 910/3/2 905/3/2 911/3/2
f 907/4/2 908/4/2 912/4/2
f 912/4/2 908/4/2 913/4/2
f 909/3/2 910/3/2 915/3/2
f 915/3/2 910/3/2 916/3/2
f 913/4/2 914/4/2 917/4/2
f 917/4/2 914/4/2 918/4/2
f 919/3/2 920/3/2 923/3/2
f 923/3/2 920/3/2 924/3/2
f 921/4/2 922/4/2 927/4/2
f 927/4/2 922/4/2 928/4/2
f 924/3/2 925/3/2 929/3/2
f 929/3/2 925/3/2 930/3/2
f 926/4/2 927/4/2 932/4/2
f 932/4/2 927/4/2 933/4/2
f 930/3/2 931/3/2 934/3/2
f 931/4/2 932/4/2 935/4/2
f 934/3/2 931/3/2 935/3/2
f 935/4/2 932/4/2 936/4/2
f 937/2/2 938/2/2 940/2/2
f 940/2/2 938/2/2 941/2/2
f 939/2/2 940/2/2 943/2/2
f 941/2/2 942/2/2 944/2/2
f 939/2/2 943/2/2 945/2/2
f 943/2/2 944/2/2 945/2/2
f 944/2/2 942/2/2 946/2/2
f 945/2/2 944/2/2 946/2/2
f 947/2/2 948/2/2 950/2/2
f 950/2/2 948/2/2 951/2/2
f 949/2/2 950/2/2 953/2/2
f 952/2/2 953/2/2 954/2/2
f 953/2/2 950/2/2 955/2/2
f 954/2/2 953/2/2 955/2/2
f 955/2/2 950/2/2 956/2/2
f 956/2/2 950/2/2 957/2/2
f 957/2/2 958/2/2 959/2/2
f 959/2/2 958/2/2 960/2/2
f 961/4/2 962/4/2 963/4/2
f 963/4/2 962/4/2 964/4/2
f 965/2/2 966/2/2 969/2/2
f 969/2/2 966/2/2 970/2/2
f 967/2/2 968/2/2 971/2/2
f 971/2/2 968/2/2 972/2/2
f 973/2/2 974/2/2 977/2/2
f 977/2/2 974/2/2 978/2/2
f 975/2/2 976/2/2 979/2/2
f 979/2/2 976/2/2 980/2/2
f 981/3/2 982/3/2 985/3/2
f 985/3/2 982/3/2 986/3/2
f 983/3/2 984/3/2 987/3/2
f 987/3/2 984/3/2 988/3/2
f 989/2/2 990/2/2 993/2/2
f 993/2/2 990/2/2 994/2/2
f 991/2/2 992/2/2 995/2/2
f 995/2/2 992/2/2 996/2/2
f 997/5/2 998/5/2 1000/5/2
f 1000/5/2 998/5/2 1001/5/2
f 999/2/2 1000/2/2 1003/2/2
f 1003/2/2 1000/2/2 1004/2/2
f 1001/2/2 1002/2/2 1005/2/2
f 1005/2/2 1002/2/2 1006/2/2
f 1004/2/2 1005/2/2 1007/2/2
f 1007/2/2 1005/2/2 1008/2/2
f 1009/3/2 1010/3/2 1013/3/2
f 1013/3/2 1010/3/2 1014/3/2
f 1014/3/2 1010/3/2 1015/3/2
f 1011/4/2 1012/4/2 1016/4/2
f 1012/3/2 1013/3/2 1017/3/2
f 1016/4/2 1012/4/2 1017/4/2
f 1013/3/2 1014/3/2 1017/3/2
f 1017/3/2 1014/3/2 1018/3/2
f 1019/4/2 1020/4/2 1022/4/2
f 1020/3/2 1021/3/2 1023/3/2
f 1022/4/2 1020/4/2 1023/4/2
f 1023/3/2 1021/3/2 1024/3/2
f 1024/3/2 1021/3/2 1025/3/2
f 1024/3/2 1025/3/2 1027/3/2
f 1025/3/2 1026/3/2 1027/3/2
f 1027/3/2 1026/3/2 1028/3/2
f 1029/3/2 1030/3/2 1031/3/2
f 1031/3/2 1030/3/2 1032/3/2
f 1032/3/2 1030/3/2 1033/3/2
f 1033/3/2 1030/3/2 1034/3/2
f 1032/3/2 1033/3/2 1035/3/2
f 1035/3/2 1033/3/2 1036/3/2
f 1037/2/2 1038/2/2 1039/2/2
f 1039/2/2 1038/2/2 1040/2/2
f 1041/2/2 1042/2/2 1043/2/2
f 1043/2/2 1042/2/2 1044/2/2
f 1045/2/2 1046/2/2 1050/2/2
f 1050/2/2 1046/2/2 1051/2/2
f 1047/2/2 1048/2/2 1052/2/2
f 1052/2/2 1048/2/2 1053/2/2
f 1049/2/2 1050/2/2 1056/2/2
f 1056/2/2 1050/2/2 1057/2/2
f 1053/2/2 1054/2/2 1058/2/2
f 1058/2/2 1054/2/2 1059/2/2
f 1055/3/2 1056/3/2 1063/3/2
f 1063/3/2 1056/3/2 1064/3/2
f 1060/4/2 1061/4/2 1065/4/2
f 1061/3/2 1062/3/2 1066/3/2
f 1065/4/2 1061/4/2 1066/4/2
f 1066/3/2 1062/3/2 1067/3/2
f 1068/3/2 1069/3/2 1070/3/2
f 1070/3/2 1069/3/2 1071/3/2
f 1071/2/2 1072/2/2 1075/2/2
f 1075/2/2 1072/2/2 1076/2/2
f 1073/2/2 1074/2/2 1079/2/2
f 1079/2/2 1074/2/2 1080/2/2
f 1076/2/2 1077/2/2 1081/2/2
f 1081/2/2 1077/2/2 1082/2/2
f 1078/2/2 1079/2/2 1083/2/2
f 1083/2/2 1079/2/2 1084/2/2
f 1085/2/2 1086/2/2 1088/2/2
f 1088/2/2 1086/2/2 1089/2/2
f 1087/2/2 1088/2/2 1092/2/2
f 1092/2/2 1088/2/2 1093/2/2
f 1089/2/2 1090/2/2 1094/2/2
f 1094/2/2 1090/2/2 1095/2/2
f 1091/2/2 1092/2/2 1098/2/2
f 1097/3/2 1098/3/2 1099/3/2
f 1098/2/2 1092/2/2 1100/2/2
f 1099/3/2 1098/3/2 1100/3/2
f 1100/2/2 1092/2/2 1101/2/2
f 1101/2/2 1092/2/2 1102/2/2
f 1095/2/2 1096/2/2 1105/2/2
f 1105/2/2 1096/2/2 1106/2/2
f 1102/2/2 1103/2/2 1107/2/2
f 1107/2/2 1103/2/2 1108/2/2
f 1104/2/2 1105/2/2 1109/2/2
f 1109/2/2 1105/2/2 1110/2/2
f 1108/2/2 1109/2/2 1111/2/2
f 1111/2/2 1109/2/2 1112/2/2
f 1113/2/2 1114/2/2 1116/2/2
f 1116/2/2 1114/2/2 1117/2/2
f 1115/2/2 1116/2/2 1119/2/2
f 1117/2/2 1118/2/2 1119/2/2
f 1116/2/2 1117/2/2 1119/2/2
f 1119/2/2 1118/2/2 1120/2/2
f 1120/2/2 1118/2/2 1121/2/2
f 1121/2/2 1118/2/2 1122/2/2
f 1120/2/2 1121/2/2 1123/2/2
f 1123/2/2 1121/2/2 1124/2/2
f 1128/4/3 1126/4/3 1125/4/3
f 1129/4/3 1126/4/3 1128/4/3
f 1131/4/3 1128/4/3 1127/4/3
f 1132/4/3 1128/4/3 1131/4/3
f 1133/4/3 1130/4/3 1129/4/3
f 1134/4/3 1130/4/3 1133/4/3
f 1135/4/3 1133/4/3 1132/4/3
f 1136/4/3 1133/4/3 1135/4/3
f 1140/4/3 1138/4/3 1137/4/3
f 1141/4/3 1138/4/3 1140/4/3
f 1143/4/3 1140/4/3 1139/4/3
f 1144/4/3 1140/4/3 1143/4/3
f 1145/4/3 1142/4/3 1141/4/3
f 1146/4/3 1142/4/3 1145/4/3
f 1147/4/3 1145/4/3 1144/4/3
f 1148/4/3 1145/4/3 1147/4/3
f 1151/6/3 1150/6/3 1149/6/3
f 1152/6/3 1150/6/3 1151/6/3
f 1155/6/3 1154/6/3 1153/6/3
f 1156/6/3 1154/6/3 1155/6/3
f 1159/3/3 1158/3/3 1157/3/3
f 1160/3/3 1158/3/3 1159/3/3
f 1165/3/3 1162/3/3 1161/3/3
f 1166/3/3 1162/3/3 1165/3/3
f 1167/3/3 1164/3/3 1163/3/3
f 1168/3/3 1164/3/3 1167/3/3
f 1171/3/3 1170/3/3 1169/3/3
f 1172/3/3 1170/3/3 1171/3/3
f 1175/3/3 1174/3/3 1173/3/3
f 1176/3/3 1174/3/3 1175/3/3
f 1181/3/3 1178/3/3 1177/3/3
f 1182/3/3 1178/3/3 1181/3/3
f 1183/3/3 1180/3/3 1179/3/3
f 1184/3/3 1180/3/3 1183/3/3
f 1187/3/3 1186/3/3 1185/3/3
f 1188/3/3 1186/3/3 1187/3/3
f 1193/3/3 1190/3/3 1189/3/3
f 1194/3/3 1190/3/3 1193/3/3
f 1195/3/3 1192/3/3 1191/3/3
f 1196/3/3 1192/3/3 1195/3/3
f 1201/3/3 1198/3/3 1197/3/3
f 1202/3/3 1198/3/3 1201/3/3
f 1203/3/3 1200/3/3 1199/3/3
f 1204/3/3 1200/3/3 1203/3/3
f 1207/3/3 1206/3/3 1205/3/3
f 1213/3/3 1207/3/3 1205/3/3
f 1213/3/3 1208/3/3 1207/3/3
f 1214/3/3 1208/3/3 1213/3/3
f 1215/2/3 1210/2/3 1209/2/3
f 1216/2/3 1210/2/3 1215/2/3
f 1217/2/3 1212/2/3 1211/2/3
f 1218/2/3 1212/2/3 1217/2/3
f 1219/3/3 1213/3/3 1205/3/3
f 1220/3/3 1213/3/3 1219/3/3
f 1225/3/3 1222/3/3 1221/3/3
f 1226/3/3 1222/3/3 1225/3/3
f 1227/3/3 1224/3/3 1223/3/3
f 1228/3/3 1224/3/3 1227/3/3
f 1233/3/3 1230/3/3 1229/3/3
f 1234/3/3 1230/3/3 1233/3/3
f 1235/3/3 1232/3/3 1231/3/3
f 1236/3/3 1232/3/3 1235/3/3
f 1243/3/3 1238/3/3 1237/3/3
f 1244/3/3 1238/3/3 1243/3/3
f 1245/2/3 1240/2/3 1239/2/3
f 1246/2/3 1240/2/3 1245/2/3
f 1248/2/3 1242/2/3 1241/2/3
f 1249/2/3 1242/2/3 1248/2/3
f 1255/5/3 1248/5/3 1247/5/3
f 1256/5/3 1248/5/3 1255/5/3
f 1257/2/3 1250/2/3 1249/2/3
f 1258/2/3 1250/2/3 1257/2/3
f 1259/3/3 1252/3/3 1251/3/3
f 1260/3/3 1252/3/3 1259/3/3
f 1261/2/3 1254/2/3 1253/2/3
f 1262/2/3 1254/2/3 1261/2/3
f 1263/2/3 1257/2/3 1256/2/3
f 1264/2/3 1257/2/3 1263/2/3
f 1269/2/3 1266/2/3 1265/2/3
f 1270/2/3 1266/2/3 1269/2/3
f 1271/2/3 1268/2/3 1267/2/3
f 1272/2/3 1268/2/3 1271/2/3
f 1277/2/3 1274/2/3 1273/2/3
f 1278/2/3 1274/2/3 1277/2/3
f 1279/2/3 1276/2/3 1275/2/3
f 1280/2/3 1276/2/3 1279/2/3
f 1284/2/3 1282/2/3 1281/2/3
f 1285/2/3 1282/2/3 1284/2/3
f 1288/3/3 1284/3/3 1283/3/3
f 1288/3/3 1286/3/3 1285/3/3
f 1288/3/3 1285/3/3 1284/3/3
f 1289/3/3 1286/3/3 1288/3/3
f 1290/3/3 1286/3/3 1289/3/3
f 1291/3/3 1286/3/3 1290/3/3
f 1294/3/3 1288/3/3 1287/3/3
f 1294/3/3 1289/3/3 1288/3/3
f 1295/3/3 1289/3/3 1294/3/3
f 1296/3/3 1289/3/3 1295/3/3
f 1297/3/3 1291/3/3 1290/3/3
f 1297/3/3 1292/3/3 1291/3/3
f 1298/3/3 1292/3/3 1297/3/3
f 1299/3/3 1295/3/3 1294/3/3
f 1299/3/3 1294/3/3 1293/3/3
f 1300/3/3 1295/3/3 1299/3/3
f 1301/3/3 1295/3/3 1300/3/3
f 1304/3/3 1292/3/3 1298/3/3
f 1305/3/3 1302/3/3 1301/3/3
f 1305/3/3 1301/3/3 1300/3/3
f 1306/3/3 1302/3/3 1305/3/3
f 1307/3/3 1302/3/3 1306/3/3
f 1308/3/3 1304/3/3 1303/3/3
f 1309/3/3 1292/3/3 1304/3/3
f 1309/3/3 1304/3/3 1308/3/3
f 1310/3/3 1292/3/3 1309/3/3
f 1311/3/3 1307/3/3 1306/3/3
f 1311/3/3 1308/3/3 1307/3/3
f 1311/3/3 1309/3/3 1308/3/3
f 1312/3/3 1309/3/3 1311/3/3
f 1313/3/3 1309/3/3 1312/3/3
f 1314/3/3 1309/3/3 1313/3/3
f 1315/2/3 1313/2/3 1312/2/3
f 1316/2/3 1313/2/3 1315/2/3
f 1322/2/3 1318/2/3 1317/2/3
f 1323/2/3 1318/2/3 1322/2/3
f 1324/2/3 1320/2/3 1319/2/3
f 1325/2/3 1320/2/3 1324/2/3
f 1327/2/3 1322/2/3 1321/2/3
f 1328/2/3 1322/2/3 1327/2/3
f 1329/2/3 1326/2/3 1325/2/3
f 1330/2/3 1326/2/3 1329/2/3
f 1335/2/3 1332/2/3 1331/2/3
f 1336/2/3 1332/2/3 1335/2/3
f 1339/2/3 1334/2/3 1333/2/3
f 1340/2/3 1334/2/3 1339/2/3
f 1341/2/3 1337/2/3 1336/2/3
f 1342/2/3 1337/2/3 1341/2/3
f 1343/2/3 1339/2/3 1338/2/3
f 1344/2/3 1339/2/3 1343/2/3
f 1350/2/3 1346/2/3 1345/2/3
f 1351/2/3 1346/2/3 1350/2/3
f 1352/2/3 1348/2/3 1347/2/3
f 1353/2/3 1348/2/3 1352/2/3
f 1358/3/3 1350/3/3 1349/3/3
f 1359/3/3 1350/3/3 1358/3/3
f 1362/3/3 1354/3/3 1353/3/3
f 1363/3/3 1354/3/3 1362/3/3
f 1366/2/3 1356/2/3 1355/2/3
f 1367/2/3 1356/2/3 1366/2/3
f 1369/3/3 1358/3/3 1357/3/3
f 1370/3/3 1358/3/3 1369/3/3
f 1372/7/3 1361/7/3 1360/7/3
f 1373/7/3 1361/7/3 1372/7/3
f 1375/2/3 1366/2/3 1365/2/3
f 1376/2/3 1366/2/3 1375/2/3
f 1377/2/3 1356/2/3 1367/2/3
f 1378/3/3 1369/3/3 1368/3/3
f 1379/3/3 1369/3/3 1378/3/3
f 1381/6/3 1372/6/3 1371/6/3
f 1382/1/3 1373/1/3 1372/1/3
f 1382/6/3 1372/6/3 1381/6/3
f 1383/6/3 1374/6/3 1373/6/3
f 1383/1/3 1373/1/3 1382/1/3
f 1384/6/3 1374/6/3 1383/6/3
f 1385/2/3 1377/2/3 1376/2/3
f 1386/2/3 1356/2/3 1377/2/3
f 1386/2/3 1377/2/3 1385/2/3
f 1387/3/3 1380/3/3 1379/3/3
f 1388/3/3 1380/3/3 1387/3/3
f 1390/7/3 1383/7/3 1382/7/3
f 1391/7/3 1383/7/3 1390/7/3
f 1393/3/3 1364/3/3 1363/3/3
f 1394/3/3 1364/3/3 1393/3/3
f 1395/3/3 1389/3/3 1388/3/3
f 1396/3/3 1389/3/3 1395/3/3
f 1399/3/3 1393/3/3 1392/3/3
f 1400/3/3 1393/3/3 1399/3/3
f 1401/2/3 1397/2/3 1396/2/3
f 1402/2/3 1397/2/3 1401/2/3
f 1403/2/3 1399/2/3 1398/2/3
f 1404/2/3 1399/2/3 1403/2/3
f 1410/2/3 1406/2/3 1405/2/3
f 1411/2/3 1406/2/3 1410/2/3
f 1412/2/3 1408/2/3 1407/2/3
f 1413/2/3 1408/2/3 1412/2/3
f 1415/2/3 1410/2/3 1409/2/3
f 1416/2/3 1410/2/3 1415/2/3
f 1417/2/3 1414/2/3 1413/2/3
f 1418/2/3 1414/2/3 1417/2/3
f 1423/2/3 1420/2/3 1419/2/3
f 1424/2/3 1420/2/3 1423/2/3
f 1427/2/3 1422/2/3 1421/2/3
f 1428/2/3 1422/2/3 1427/2/3
f 1429/2/3 1425/2/3 1424/2/3
f 1430/2/3 1425/2/3 1429/2/3
f 1431/2/3 1427/2/3 1426/2/3
f 1432/2/3 1427/2/3 1431/2/3
f 1436/2/3 1434/2/3 1433/2/3
f 1437/2/3 1434/2/3 1436/2/3
f 1440/2/3 1436/2/3 1435/2/3
f 1441/2/3 1436/2/3 1440/2/3
f 1442/2/3 1438/2/3 1437/2/3
f 1443/2/3 1438/2/3 1442/2/3
f 1445/2/3 1440/2/3 1439/2/3
f 1446/2/3 1440/2/3 1445/2/3
f 1449/2/3 1444/2/3 1443/2/3
f 1450/2/3 1444/2/3 1449/2/3
f 1451/2/3 1447/2/3 1446/2/3
f 1452/2/3 1447/2/3 1451/2/3
f 1453/2/3 1449/2/3 1448/2/3
f 1454/2/3 1449/2/3 1453/2/3
f 1456/2/3 1453/2/3 1452/2/3
f 1457/2/3 1453/2/3 1456/2/3
f 1462/2/3 1456/2/3 1455/2/3
f 1463/2/3 1456/2/3 1462/2/3
f 1464/2/3 1458/2/3 1457/2/3
f 1465/2/3 1458/2/3 1464/2/3
f 1468/2/3 1460/2/3 1459/2/3
f 1469/2/3 1460/2/3 1468/2/3
f 1472/3/3 1462/3/3 1461/3/3
f 1473/3/3 1462/3/3 1472/3/3
f 1474/3/3 1466/3/3 1465/3/3
f 1475/3/3 1466/3/3 1474/3/3
f 1476/2/3 1468/2/3 1467/2/3
f 1477/2/3 1468/2/3 1476/2/3
f 1478/3/3 1472/3/3 1471/3/3
f 1479/3/3 1472/3/3 1478/3/3
f 1484/2/3 1481/2/3 1480/2/3
f 1485/2/3 1481/2/3 1484/2/3
f 1486/2/3 1470/2/3 1469/2/3
f 1487/2/3 1470/2/3 1486/2/3
f 1488/3/3 1483/3/3 1482/3/3
f 1489/3/3 1483/3/3 1488/3/3
f 1493/2/3 1486/2/3 1485/2/3
f 1494/2/3 1486/2/3 1493/2/3
f 1495/3/3 1490/3/3 1489/3/3
f 1496/3/3 1490/3/3 1495/3/3
f 1499/3/3 1492/3/3 1491/3/3
f 1500/3/3 1492/3/3 1499/3/3
f 1501/2/3 1497/2/3 1496/2/3
f 1502/2/3 1497/2/3 1501/2/3
f 1503/2/3 1499/2/3 1498/2/3
f 1504/2/3 1499/2/3 1503/2/3
f 1506/2/3 1503/2/3 1502/2/3
f 1507/2/3 1503/2/3 1506/2/3
f 1510/2/3 1506/2/3 1505/2/3
f 1511/2/3 1506/2/3 1510/2/3
f 1512/2/3 1508/2/3 1507/2/3
f 1513/2/3 1508/2/3 1512/2/3
f 1515/2/3 1510/2/3 1509/2/3
f 1516/2/3 1510/2/3 1515/2/3
f 1519/2/3 1514/2/3 1513/2/3
f 1520/2/3 1514/2/3 1519/2/3
f 1521/2/3 1517/2/3 1516/2/3
f 1522/2/3 1517/2/3 1521/2/3
f 1523/2/3 1519/2/3 1518/2/3
f 1524/2/3 1519/2/3 1523/2/3
f 1525/2/3 1523/2/3 1522/2/3
f 1526/2/3 1523/2/3 1525/2/3
f 1532/2/3 1528/2/3 1527/2/3
f 1533/2/3 1528/2/3 1532/2/3
f 1534/2/3 1530/2/3 1529/2/3
f 1535/2/3 1530/2/3 1534/2/3
f 1539/2/3 1532/2/3 1531/2/3
f 1540/2/3 1532/2/3 1539/2/3
f 1541/2/3 1536/2/3 1535/2/3
f 1542/2/3 1536/2/3 1541/2/3
f 1543/3/3 1538/3/3 1537/3/3
f 1550/2/3 1546/2/3 1545/2/3
f 1551/2/3 1546/2/3 1550/2/3
f 1553/3/3 1543/3/3 1537/3/3
f 1553/3/3 1544/3/3 1543/3/3
f 1554/3/3 1544/3/3 1553/3/3
f 1555/2/3 1552/2/3 1551/2/3
f 1555/2/3 1551/2/3 1550/2/3
f 1555/2/3 1550/2/3 1549/2/3
f 1556/2/3 1552/2/3 1555/2/3
f 1557/2/3 1548/2/3 1547/2/3
f 1558/2/3 1548/2/3 1557/2/3
f 1559/3/3 1553/3/3 1537/3/3
f 1560/3/3 1553/3/3 1559/3/3
f 1565/2/3 1562/2/3 1561/2/3
f 1566/2/3 1562/2/3 1565/2/3
f 1569/2/3 1564/2/3 1563/2/3
f 1570/2/3 1564/2/3 1569/2/3
f 1573/2/3 1567/2/3 1566/2/3
f 1574/2/3 1567/2/3 1573/2/3
f 1575/2/3 1569/2/3 1568/2/3
f 1576/2/3 1569/2/3 1575/2/3
f 1578/2/3 1572/2/3 1571/2/3
f 1579/2/3 1572/2/3 1578/2/3
f 1581/2/3 1578/2/3 1577/2/3
f 1582/2/3 1578/2/3 1581/2/3
f 1583/2/3 1580/2/3 1579/2/3
f 1584/2/3 1580/2/3 1583/2/3
f 1589/2/3 1586/2/3 1585/2/3
f 1590/2/3 1586/2/3 1589/2/3
f 1591/2/3 1588/2/3 1587/2/3
f 1592/2/3 1588/2/3 1591/2/3
f 1593/2/3 1591/2/3 1590/2/3
f 1594/2/3 1591/2/3 1593/2/3
f 1600/2/3 1596/2/3 1595/2/3
f 1601/2/3 1596/2/3 1600/2/3
f 1602/2/3 1598/2/3 1597/2/3
f 1603/2/3 1598/2/3 1602/2/3
f 1607/2/3 1600/2/3 1599/2/3
f 1608/2/3 1600/2/3 1607/2/3
f 1609/2/3 1604/2/3 1603/2/3
f 1610/2/3 1604/2/3 1609/2/3
f 1611/3/3 1606/3/3 1605/3/3
f 1617/2/3 1614/2/3 1613/2/3
f 1618/2/3 1614/2/3 1617/2/3
f 1619/2/3 1614/2/3 1618/2/3
f 1620/2/3 1614/2/3 1619/2/3
f 1621/3/3 1611/3/3 1605/3/3
f 1621/3/3 1612/3/3 1611/3/3
f 1622/3/3 1612/3/3 1621/3/3
f 1623/2/3 1619/2/3 1618/2/3
f 1624/2/3 1619/2/3 1623/2/3
f 1625/2/3 1616/2/3 1615/2/3
f 1626/2/3 1616/2/3 1625/2/3
f 1627/3/3 1621/3/3 1605/3/3
f 1628/3/3 1621/3/3 1627/3/3
f 1633/2/3 1630/2/3 1629/2/3
f 1634/2/3 1630/2/3 1633/2/3
f 1637/2/3 1632/2/3 1631/2/3
f 1638/2/3 1632/2/3 1637/2/3
f 1639/2/3 1635/2/3 1634/2/3
f 1640/2/3 1635/2/3 1639/2/3
f 1641/2/3 1637/2/3 1636/2/3
f 1642/2/3 1637/2/3 1641/2/3
f 1649/3/3 1644/3/3 1643/3/3
f 1650/3/3 1644/3/3 1649/3/3
f 1651/2/3 1646/2/3 1645/2/3
f 1652/2/3 1646/2/3 1651/2/3
f 1653/2/3 1646/2/3 1652/2/3
f 1654/2/3 1646/2/3 1653/2/3
f 1655/2/3 1648/2/3 1647/2/3
f 1656/2/3 1648/2/3 1655/2/3
f 1658/5/3 1652/5/3 1651/5/3
f 1659/5/3 1652/5/3 1658/5/3
f 1660/5/3 1654/5/3 1653/5/3
f 1660/5/3 1655/5/3 1654/5/3
f 1661/5/3 1655/5/3 1660/5/3
f 1664/5/3 1655/5/3 1661/5/3
f 1665/5/3 1655/5/3 1664/5/3
f 1666/2/3 1657/2/3 1656/2/3
f 1667/2/3 1657/2/3 1666/2/3
f 1668/3/3 1663/3/3 1662/3/3
f 1669/3/3 1663/3/3 1668/3/3
f 1671/5/3 1666/5/3 1665/5/3
f 1672/5/3 1666/5/3 1671/5/3
f 1673/2/3 1671/2/3 1670/2/3
f 1674/2/3 1671/2/3 1673/2/3
f 1677/5/3 1676/5/3 1675/5/3
f 1678/5/3 1676/5/3 1677/5/3
f 1681/2/3 1680/2/3 1679/2/3
f 1682/2/3 1680/2/3 1681/2/3
f 1686/3/3 1685/3/3 1684/3/3
f 1687/3/3 1685/3/3 1686/3/3
f 1689/5/3 1683/5/3 1682/5/3
f 1690/5/3 1683/5/3 1689/5/3
f 1695/5/3 1689/5/3 1688/5/3
f 1698/5/3 1693/5/3 1692/5/3
f 1699/5/3 1693/5/3 1698/5/3
f 1700/5/3 1695/5/3 1694/5/3
f 1701/5/3 1689/5/3 1695/5/3
f 1701/5/3 1695/5/3 1700/5/3
f 1702/5/3 1689/5/3 1701/5/3
f 1703/2/3 1691/2/3 1690/2/3
f 1704/2/3 1691/2/3 1703/2/3
f 1705/3/3 1697/3/3 1696/3/3
f 1706/3/3 1697/3/3 1705/3/3
f 1707/2/3 1700/2/3 1699/2/3
f 1707/2/3 1699/2/3 1698/2/3
f 1707/2/3 1701/2/3 1700/2/3
f 1708/2/3 1701/2/3 1707/2/3
f 1709/2/3 1703/2/3 1702/2/3
f 1710/2/3 1703/2/3 1709/2/3
f 1713/3/3 1712/3/3 1711/3/3
f 1715/3/3 1713/3/3 1711/3/3
f 1715/3/3 1714/3/3 1713/3/3
f 1716/3/3 1714/3/3 1715/3/3
f 1717/3/3 1715/3/3 1711/3/3
f 1718/3/3 1715/3/3 1717/3/3
f 1725/3/3 1720/3/3 1719/3/3
f 1726/3/3 1720/3/3 1725/3/3
f 1727/2/3 1722/2/3 1721/2/3
f 1728/2/3 1722/2/3 1727/2/3
f 1729/2/3 1724/2/3 1723/2/3
f 1730/2/3 1724/2/3 1729/2/3
f 1734/5/3 1728/5/3 1727/5/3
f 1734/5/3 1729/5/3 1728/5/3
f 1735/5/3 1729/5/3 1734/5/3
f 1736/5/3 1729/5/3 1735/5/3
f 1737/2/3 1731/2/3 1730/2/3
f 1738/2/3 1731/2/3 1737/2/3
f 1739/3/3 1733/3/3 1732/3/3
f 1740/3/3 1733/3/3 1739/3/3
f 1741/2/3 1735/2/3 1734/2/3
f 1742/2/3 1735/2/3 1741/2/3
f 1743/2/3 1737/2/3 1736/2/3
f 1744/2/3 1737/2/3 1743/2/3
f 1745/3/4 1746/3/4 1751/3/4
f 1751/3/4 1746/3/4 1752/3/4
f 1747/2/4 1748/2/4 1753/2/4
f 1753/2/4 1748/2/4 1754/2/4
f 1749/2/4 1750/2/4 1755/2/4
f 1755/2/4 1750/2/4 1756/2/4
f 1753/5/4 1754/5/4 1760/5/4
f 1754/5/4 1755/5/4 1760/5/4
f 1760/5/4 1755/5/4 1761/5/4
f 1761/5/4 1755/5/4 1762/5/4
f 1756/2/4 1757/2/4 1763/2/4
f 1763/2/4 1757/2/4 1764/2/4
f 1758/3/4 1759/3/4 1765/3/4
f 1765/3/4 1759/3/4 1766/3/4
f 1760/2/4 1761/2/4 1767/2/4
f 1767/2/4 1761/2/4 1768/2/4
f 1762/2/4 1763/2/4 1769/2/4
f 1769/2/4 1763/2/4 1770/2/4
f 1771/3/4 1772/3/4 1773/3/4
f 1771/3/4 1773/3/4 1775/3/4
f 1773/3/4 1774/3/4 1775/3/4
f 1775/3/4 1774/3/4 1776/3/4
f 1771/3/4 1775/3/4 1777/3/4
f 1777/3/4 1775/3/4 1778/3/4
f 1779/3/4 1780/3/4 1785/3/4
f 1785/3/4 1780/3/4 1786/3/4
f 1781/2/4 1782/2/4 1787/2/4
f 1787/2/4 1782/2/4 1788/2/4
f 1788/2/4 1782/2/4 1789/2/4
f 1789/2/4 1782/2/4 1790/2/4
f 1783/2/4 1784/2/4 1791/2/4
f 1791/2/4 1784/2/4 1792/2/4
f 1787/5/4 1788/5/4 1794/5/4
f 1794/5/4 1788/5/4 1795/5/4
f 1789/5/4 1790/5/4 1796/5/4
f 1790/5/4 1791/5/4 1796/5/4
f 1796/5/4 1791/5/4 1797/5/4
f 1797/5/4 1791/5/4 1800/5/4
f 1800/5/4 1791/5/4 1801/5/4
f 1792/2/4 1793/2/4 1802/2/4
f 1802/2/4 1793/2/4 1803/2/4
f 1798/3/4 1799/3/4 1804/3/4
f 1804/3/4 1799/3/4 1805/3/4
f 1801/5/4 1802/5/4 1807/5/4
f 1807/5/4 1802/5/4 1808/5/4
f 1806/2/4 1807/2/4 1813/2/4
f 1813/2/4 1807/2/4 1814/2/4
f 1809/3/4 1810/3/4 1816/3/4
f 1816/3/4 1810/3/4 1817/3/4
f 1811/4/4 1812/4/4 1818/4/4
f 1818/4/4 1812/4/4 1819/4/4
f 1815/3/4 1816/3/4 1822/3/4
f 1822/3/4 1816/3/4 1823/3/4
f 1819/4/4 1820/4/4 1824/4/4
f 1824/4/4 1820/4/4 1825/4/4
f 1821/3/4 1822/3/4 1827/3/4
f 1827/3/4 1822/3/4 1828/3/4
f 1826/5/4 1827/5/4 1829/5/4
f 1829/5/4 1827/5/4 1830/5/4
f 1830/3/4 1831/3/4 1832/3/4
f 1832/3/4 1831/3/4 1833/3/4
f 1833/3/4 1834/3/4 1839/3/4
f 1839/3/4 1834/3/4 1840/3/4
f 1835/4/4 1836/4/4 1843/4/4
f 1843/4/4 1836/4/4 1844/4/4
f 1837/2/4 1838/2/4 1845/2/4
f 1845/2/4 1838/2/4 1846/2/4
f 1840/3/4 1841/3/4 1848/3/4
f 1848/3/4 1841/3/4 1849/3/4
f 1842/4/4 1843/4/4 1850/4/4
f 1850/4/4 1843/4/4 1851/4/4
f 1852/3/4 1853/3/4 1854/3/4
f 1854/3/4 1853/3/4 1855/3/4
f 1846/5/4 1847/5/4 1857/5/4
f 1857/5/4 1847/5/4 1858/5/4
f 1856/5/4 1857/5/4 1863/5/4
f 1860/5/4 1861/5/4 1866/5/4
f 1866/5/4 1861/5/4 1867/5/4
f 1862/5/4 1863/5/4 1868/5/4
f 1863/5/4 1857/5/4 1869/5/4
f 1868/5/4 1863/5/4 1869/5/4
f 1869/5/4 1857/5/4 1870/5/4
f 1858/2/4 1859/2/4 1871/2/4
f 1871/2/4 1859/2/4 1872/2/4
f 1864/3/4 1865/3/4 1873/3/4
f 1873/3/4 1865/3/4 1874/3/4
f 1867/2/4 1868/2/4 1875/2/4
f 1866/2/4 1867/2/4 1875/2/4
f 1868/2/4 1869/2/4 1875/2/4
f 1875/2/4 1869/2/4 1876/2/4
f 1870/2/4 1871/2/4 1877/2/4
f 1877/2/4 1871/2/4 1878/2/4
f 1879/2/4 1880/2/4 1884/2/4
f 1884/2/4 1880/2/4 1885/2/4
f 1881/2/4 1882/2/4 1886/2/4
f 1886/2/4 1882/2/4 1887/2/4
f 1883/2/4 1884/2/4 1891/2/4
f 1891/2/4 1884/2/4 1892/2/4
f 1887/2/4 1888/2/4 1893/2/4
f 1893/2/4 1888/2/4 1894/2/4
f 1889/3/4 1890/3/4 1895/3/4
f 1897/2/4 1898/2/4 1902/2/4
f 1902/2/4 1898/2/4 1903/2/4
f 1889/3/4 1895/3/4 1905/3/4
f 1895/3/4 1896/3/4 1905/3/4
f 1905/3/4 1896/3/4 1906/3/4
f 1903/2/4 1904/2/4 1907/2/4
f 1902/2/4 1903/2/4 1907/2/4
f 1901/2/4 1902/2/4 1907/2/4
f 1907/2/4 1904/2/4 1908/2/4
f 1899/2/4 1900/2/4 1909/2/4
f 1909/2/4 1900/2/4 1910/2/4
f 1889/3/4 1905/3/4 1911/3/4
f 1911/3/4 1905/3/4 1912/3/4
f 1913/2/4 1914/2/4 1917/2/4
f 1917/2/4 1914/2/4 1918/2/4
f 1915/2/4 1916/2/4 1921/2/4
f 1921/2/4 1916/2/4 1922/2/4
f 1918/2/4 1919/2/4 1925/2/4
f 1925/2/4 1919/2/4 1926/2/4
f 1920/2/4 1921/2/4 1929/2/4
f 1929/2/4 1921/2/4 1930/2/4
f 1923/2/4 1924/2/4 1932/2/4
f 1932/2/4 1924/2/4 1933/2/4
f 1926/4/4 1927/4/4 1936/4/4
f 1936/4/4 1927/4/4 1937/4/4
f 1928/4/4 1929/4/4 1938/4/4
f 1938/4/4 1929/4/4 1939/4/4
f 1931/2/4 1932/2/4 1941/2/4
f 1941/2/4 1932/2/4 1942/2/4
f 1933/2/4 1934/2/4 1943/2/4
f 1943/2/4 1934/2/4 1944/2/4
f 1935/4/4 1936/4/4 1946/4/4
f 1946/4/4 1936/4/4 1947/4/4
f 1939/4/4 1940/4/4 1948/4/4
f 1948/4/4 1940/4/4 1949/4/4
f 1945/4/4 1946/4/4 1952/4/4
f 1952/4/4 1946/4/4 1953/4/4
f 1951/4/4 1952/4/4 1954/4/4
f 1954/4/4 1952/4/4 1955/4/4
f 1955/4/4 1956/4/4 1961/4/4
f 1961/4/4 1956/4/4 1962/4/4
f 1949/4/4 1950/4/4 1965/4/4
f 1965/4/4 1950/4/4 1966/4/4
f 1957/2/4 1958/2/4 1967/2/4
f 1967/2/4 1958/2/4 1968/2/4
f 1959/2/4 1960/2/4 1969/2/4
f 1969/2/4 1960/2/4 1970/2/4
f 1962/4/4 1963/4/4 1971/4/4
f 1971/4/4 1963/4/4 1972/4/4
f 1964/4/4 1965/4/4 1975/4/4
f 1975/4/4 1965/4/4 1976/4/4
f 1968/2/4 1969/2/4 1977/2/4
f 1977/2/4 1969/2/4 1978/2/4
f 1972/4/4 1973/4/4 1980/4/4
f 1980/4/4 1973/4/4 1981/4/4
f 1974/4/4 1975/4/4 1982/4/4
f 1982/4/4 1975/4/4 1983/4/4
f 1979/2/4 1980/2/4 1986/2/4
f 1986/2/4 1980/2/4 1987/2/4
f 1983/2/4 1984/2/4 1988/2/4
f 1988/2/4 1984/2/4 1989/2/4
f 1985/2/4 1986/2/4 1993/2/4
f 1993/2/4 1986/2/4 1994/2/4
f 1989/2/4 1990/2/4 1995/2/4
f 1995/2/4 1990/2/4 1996/2/4
f 1991/3/4 1992/3/4 1997/3/4
f 1999/2/4 2000/2/4 2003/2/4
f 2003/2/4 2000/2/4 2004/2/4
f 2004/2/4 2000/2/4 2005/2/4
f 2005/2/4 2000/2/4 2006/2/4
f 1991/3/4 1997/3/4 2007/3/4
f 1997/3/4 1998/3/4 2007/3/4
f 2007/3/4 1998/3/4 2008/3/4
f 2004/2/4 2005/2/4 2009/2/4
f 2009/2/4 2005/2/4 2010/2/4
f 2001/2/4 2002/2/4 2011/2/4
f 2011/2/4 2002/2/4 2012/2/4
f 1991/3/4 2007/3/4 2013/3/4
f 2013/3/4 2007/3/4 2014/3/4
f 2015/2/4 2016/2/4 2019/2/4
f 2019/2/4 2016/2/4 2020/2/4
f 2017/2/4 2018/2/4 2023/2/4
f 2023/2/4 2018/2/4 2024/2/4
f 2020/2/4 2021/2/4 2025/2/4
f 2025/2/4 2021/2/4 2026/2/4
f 2022/2/4 2023/2/4 2027/2/4
f 2027/2/4 2023/2/4 2028/2/4
f 2029/2/4 2030/2/4 2032/2/4
f 2032/2/4 2030/2/4 2033/2/4
f 2031/2/4 2032/2/4 2036/2/4
f 2036/2/4 2032/2/4 2037/2/4
f 2033/2/4 2034/2/4 2038/2/4
f 2038/2/4 2034/2/4 2039/2/4
f 2035/2/4 2036/2/4 2041/2/4
f 2041/2/4 2036/2/4 2042/2/4
f 2039/2/4 2040/2/4 2045/2/4
f 2045/2/4 2040/2/4 2046/2/4
f 2042/2/4 2043/2/4 2047/2/4
f 2047/2/4 2043/2/4 2048/2/4
f 2044/2/4 2045/2/4 2049/2/4
f 2049/2/4 2045/2/4 2050/2/4
f 2048/2/4 2049/2/4 2051/2/4
f 2051/2/4 2049/2/4 2052/2/4
f 2052/2/4 2049/2/4 2053/2/4
f 2053/2/4 2049/2/4 2054/2/4
f 2052/4/4 2053/4/4 2058/4/4
f 2058/4/4 2053/4/4 2059/4/4
f 2055/2/4 2056/2/4 2062/2/4
f 2062/2/4 2056/2/4 2063/2/4
f 2059/4/4 2060/4/4 2066/4/4
f 2057/4/4 2058/4/4 2066/4/4
f 2058/4/4 2059/4/4 2066/4/4
f 2066/4/4 2060/4/4 2067/4/4
f 2061/2/4 2062/2/4 2069/2/4
f 2069/2/4 2062/2/4 2070/2/4
f 2066/4/4 2067/4/4 2072/4/4
f 2067/4/4 2068/4/4 2072/4/4
f 2065/4/4 2066/4/4 2072/4/4
f 2071/4/4 2072/4/4 2075/4/4
f 2072/4/4 2068/4/4 2076/4/4
f 2075/4/4 2072/4/4 2076/4/4
f 2073/2/4 2074/2/4 2077/2/4
f 2077/2/4 2074/2/4 2078/2/4
f 2063/2/4 2064/2/4 2079/2/4
f 2079/2/4 2064/2/4 2080/2/4
f 2076/4/4 2068/4/4 2081/4/4
f 2081/4/4 2068/4/4 2082/4/4
f 2082/4/4 2068/4/4 2083/4/4
f 2083/4/4 2068/4/4 2084/4/4
f 2078/2/4 2079/2/4 2085/2/4
f 2085/2/4 2079/2/4 2086/2/4
f 2082/4/4 2083/4/4 2087/4/4
f 2087/4/4 2083/4/4 2088/4/4
f 2088/4/4 2083/4/4 2089/4/4
f 2089/4/4 2083/4/4 2090/4/4
f 2088/4/4 2089/4/4 2092/4/4
f 2092/4/4 2089/4/4 2093/4/4
f 2091/2/4 2092/2/4 2096/2/4
f 2093/2/4 2094/2/4 2096/2/4
f 2092/2/4 2093/2/4 2096/2/4
f 2096/2/4 2094/2/4 2097/2/4
f 2095/2/4 2096/2/4 2100/2/4
f 2100/2/4 2096/2/4 2101/2/4
f 2097/2/4 2098/2/4 2102/2/4
f 2102/2/4 2098/2/4 2103/2/4
f 2099/2/4 2100/2/4 2105/2/4
f 2105/2/4 2100/2/4 2106/2/4
f 2103/2/4 2104/2/4 2109/2/4
f 2109/2/4 2104/2/4 2110/2/4
f 2106/2/4 2107/2/4 2111/2/4
f 2111/2/4 2107/2/4 2112/2/4
f 2108/2/4 2109/2/4 2113/2/4
f 2113/2/4 2109/2/4 2114/2/4
f 2112/2/4 2113/2/4 2115/2/4
f 2115/2/4 2113/2/4 2116/2/4
f 2117/2/4 2118/2/4 2120/2/4
f 2120/2/4 2118/2/4 2121/2/4
f 2119/2/4 2120/2/4 2123/2/4
f 2121/2/4 2122/2/4 2123/2/4
f 2120/2/4 2121/2/4 2123/2/4
f 2123/2/4 2122/2/4 2124/2/4
f 2124/2/4 2122/2/4 2125/2/4
f 2125/2/4 2122/2/4 2126/2/4
f 2124/2/4 2125/2/4 2127/2/4
f 2127/2/4 2125/2/4 2128/2/4
f 2129/2/4 2130/2/4 2132/2/4
f 2132/2/4 2130/2/4 2133/2/4
f 2131/2/4 2132/2/4 2134/2/4
f 2134/2/4 2132/2/4 2135/2/4
f 2133/2/4 2130/2/4 2136/2/4
f 2135/2/4 2136/2/4 2137/2/4
f 2136/2/4 2130/2/4 2138/2/4
f 2137/2/4 2136/2/4 2138/2/4
f 2139/2/4 2140/2/4 2142/2/4
f 2142/2/4 2140/2/4 2143/2/4
f 2142/2/4 2143/2/4 2145/2/4
f 2143/2/4 2144/2/4 2145/2/4
f 2141/2/4 2142/2/4 2145/2/4
f 2145/2/4 2144/2/4 2146/2/4
f 2146/2/4 2144/2/4 2147/2/4
f 2147/2/4 2144/2/4 2148/2/4
f 2146/2/4 2147/2/4 2149/2/4
f 2149/2/4 2147/2/4 2150/2/4
f 2151/2/4 2152/2/4 2155/2/4
f 2155/2/4 2152/2/4 2156/2/4
f 2153/2/4 2154/2/4 2157/2/4
f 2157/2/4 2154/2/4 2158/2/4
f 2159/2/4 2160/2/4 2163/2/4
f 2163/2/4 2160/2/4 2164/2/4
f 2161/2/4 2162/2/4 2165/2/4
f 2165/2/4 2162/2/4 2166/2/4
f 2167/3/4 2168/3/4 2173/3/4
f 2173/3/4 2168/3/4 2174/3/4
f 2169/2/4 2170/2/4 2175/2/4
f 2175/2/4 2170/2/4 2176/2/4
f 2171/2/4 2172/2/4 2178/2/4
f 2178/2/4 2172/2/4 2179/2/4
f 2177/5/4 2178/5/4 2185/5/4
f 2185/5/4 2178/5/4 2186/5/4
f 2179/2/4 2180/2/4 2187/2/4
f 2187/2/4 2180/2/4 2188/2/4
f 2181/3/4 2182/3/4 2189/3/4
f 2189/3/4 2182/3/4 2190/3/4
f 2183/2/4 2184/2/4 2191/2/4
f 2191/2/4 2184/2/4 2192/2/4
f 2186/2/4 2187/2/4 2193/2/4
f 2193/2/4 2187/2/4 2194/2/4
f 2195/3/4 2196/3/4 2197/3/4
f 2195/3/4 2197/3/4 2203/3/4
f 2197/3/4 2198/3/4 2203/3/4
f 2203/3/4 2198/3/4 2204/3/4
f 2199/2/4 2200/2/4 2205/2/4
f 2205/2/4 2200/2/4 2206/2/4
f 2201/2/4 2202/2/4 2207/2/4
f 2207/2/4 2202/2/4 2208/2/4
f 2195/3/4 2203/3/4 2209/3/4
f 2209/3/4 2203/3/4 2210/3/4
f 2213/3/5 2212/3/5 2211/3/5
f 2214/3/5 2212/3/5 2213/3/5
f 2219/3/5 2216/3/5 2215/3/5
f 2220/3/5 2216/3/5 2219/3/5
f 2221/3/5 2218/3/5 2217/3/5
f 2222/3/5 2218/3/5 2221/3/5
f 2225/3/5 2224/3/5 2223/3/5
f 2226/3/5 2224/3/5 2225/3/5
f 2229/2/5 2228/2/5 2227/2/5
f 2230/2/5 2228/2/5 2229/2/5
f 2232/5/5 2230/5/5 2229/5/5
f 2233/5/5 2230/5/5 2232/5/5
f 2235/2/5 2232/2/5 2231/2/5
f 2236/5/5 2233/5/5 2232/5/5
f 2236/2/5 2232/2/5 2235/2/5
f 2237/2/5 2234/2/5 2233/2/5
f 2237/5/5 2233/5/5 2236/5/5
f 2238/2/5 2234/2/5 2237/2/5
f 2245/2/5 2240/2/5 2239/2/5
f 2246/2/5 2240/2/5 2245/2/5
f 2247/2/5 2242/2/5 2241/2/5
f 2248/2/5 2242/2/5 2247/2/5
f 2251/2/5 2244/2/5 2243/2/5
f 2252/5/5 2246/5/5 2245/5/5
f 2252/2/5 2244/2/5 2251/2/5
f 2252/5/5 2245/5/5 2244/5/5
f 2253/5/5 2246/5/5 2252/5/5
f 2254/5/5 2246/5/5 2253/5/5
f 2255/5/5 2249/5/5 2248/5/5
f 2255/5/5 2248/5/5 2247/5/5
f 2256/5/5 2249/5/5 2255/5/5
f 2257/2/5 2250/2/5 2249/2/5
f 2257/5/5 2249/5/5 2256/5/5
f 2258/2/5 2250/2/5 2257/2/5
f 2259/2/5 2254/2/5 2253/2/5
f 2260/2/5 2254/2/5 2259/2/5
f 2261/2/5 2256/2/5 2255/2/5
f 2262/2/5 2256/2/5 2261/2/5
f 2267/2/5 2264/2/5 2263/2/5
f 2268/5/5 2265/5/5 2264/5/5
f 2268/2/5 2264/2/5 2267/2/5
f 2269/2/5 2266/2/5 2265/2/5
f 2269/5/5 2265/5/5 2268/5/5
f 2270/2/5 2266/2/5 2269/2/5
f 2271/5/5 2269/5/5 2268/5/5
f 2272/5/5 2269/5/5 2271/5/5
f 2273/2/5 2272/2/5 2271/2/5
f 2274/2/5 2272/2/5 2273/2/5
f 2279/2/5 2276/2/5 2275/2/5
f 2280/2/5 2276/2/5 2279/2/5
f 2281/2/5 2278/2/5 2277/2/5
f 2282/2/5 2278/2/5 2281/2/5
f 2287/2/5 2284/2/5 2283/2/5
f 2288/2/5 2284/2/5 2287/2/5
f 2289/2/5 2286/2/5 2285/2/5
f 2290/2/5 2286/2/5 2289/2/5
f 2295/2/5 2292/2/5 2291/2/5
f 2296/2/5 2292/2/5 2295/2/5
f 2297/2/5 2294/2/5 2293/2/5
f 2298/2/5 2294/2/5 2297/2/5
f 2303/2/5 2300/2/5 2299/2/5
f 2304/2/5 2300/2/5 2303/2/5
f 2305/2/5 2302/2/5 2301/2/5
f 2306/2/5 2302/2/5 2305/2/5
f 2310/2/5 2308/2/5 2307/2/5
f 2311/2/5 2308/2/5 2310/2/5
f 2314/2/5 2310/2/5 2309/2/5
f 2314/2/5 2312/2/5 2311/2/5
f 2314/2/5 2311/2/5 2310/2/5
f 2315/2/5 2312/2/5 2314/2/5
f 2318/2/5 2314/2/5 2313/2/5
f 2318/2/5 2316/2/5 2315/2/5
f 2318/2/5 2315/2/5 2314/2/5
f 2319/2/5 2316/2/5 2318/2/5
f 2321/2/5 2318/2/5 2317/2/5
f 2321/2/5 2320/2/5 2319/2/5
f 2321/2/5 2319/2/5 2318/2/5
f 2322/2/5 2320/2/5 2321/2/5
f 2323/2/5 2320/2/5 2322/2/5
f 2324/2/5 2320/2/5 2323/2/5
f 2325/2/5 2323/2/5 2322/2/5
f 2326/2/5 2323/2/5 2325/2/5
f 2327/2/5 2323/2/5 2326/2/5
f 2328/2/5 2323/2/5 2327/2/5
f 2329/2/5 2327/2/5 2326/2/5
f 2330/2/5 2327/2/5 2329/2/5
f 2331/2/5 2327/2/5 2330/2/5
f 2332/2/5 2327/2/5 2331/2/5
f 2333/2/5 2331/2/5 2330/2/5
f 2334/2/5 2331/2/5 2333/2/5
f 2338/2/5 2336/2/5 2335/2/5
f 2339/2/5 2336/2/5 2338/2/5
f 2341/2/5 2338/2/5 2337/2/5
f 2342/2/5 2338/2/5 2341/2/5
f 2343/2/5 2340/2/5 2339/2/5
f 2344/2/5 2340/2/5 2343/2/5
f 2346/5/5 2343/5/5 2342/5/5
f 2347/5/5 2343/5/5 2346/5/5
f 2350/2/5 2346/2/5 2345/2/5
f 2351/2/5 2346/2/5 2350/2/5
f 2352/2/5 2348/2/5 2347/2/5
f 2353/2/5 2348/2/5 2352/2/5
f 2358/2/5 2350/2/5 2349/2/5
f 2359/2/5 2350/2/5 2358/2/5
f 2360/2/5 2354/2/5 2353/2/5
f 2361/2/5 2354/2/5 2360/2/5
f 2366/2/5 2356/2/5 2355/2/5
f 2367/2/5 2356/2/5 2366/2/5
f 2368/2/5 2358/2/5 2357/2/5
f 2369/2/5 2358/2/5 2368/2/5
f 2370/2/5 2362/2/5 2361/2/5
f 2371/2/5 2362/2/5 2370/2/5
f 2372/2/5 2364/2/5 2363/2/5
f 2373/2/5 2364/2/5 2372/2/5
f 2375/2/5 2366/2/5 2365/2/5
f 2376/2/5 2366/2/5 2375/2/5
f 2377/5/5 2368/5/5 2367/5/5
f 2378/5/5 2368/5/5 2377/5/5
f 2381/5/5 2372/5/5 2371/5/5
f 2382/5/5 2372/5/5 2381/5/5
f 2383/2/5 2374/2/5 2373/2/5
f 2384/2/5 2374/2/5 2383/2/5
f 2385/2/5 2377/2/5 2376/2/5
f 2386/2/5 2377/2/5 2385/2/5
f 2387/2/5 2379/2/5 2378/2/5
f 2388/2/5 2379/2/5 2387/2/5
f 2391/2/5 2381/2/5 2380/2/5
f 2392/2/5 2381/2/5 2391/2/5
f 2393/2/5 2383/2/5 2382/2/5
f 2394/2/5 2383/2/5 2393/2/5
f 2395/2/5 2389/2/5 2388/2/5
f 2396/2/5 2389/2/5 2395/2/5
f 2399/2/5 2391/2/5 2390/2/5
f 2400/2/5 2391/2/5 2399/2/5
f 2401/2/5 2397/2/5 2396/2/5
f 2402/2/5 2397/2/5 2401/2/5
f 2403/2/5 2399/2/5 2398/2/5
f 2404/2/5 2399/2/5 2403/2/5
f 2406/5/5 2403/5/5 2402/5/5
f 2407/5/5 2403/5/5 2406/5/5
f 2409/2/5 2406/2/5 2405/2/5
f 2410/2/5 2406/2/5 2409/2/5
f 2411/2/5 2408/2/5 2407/2/5
f 2412/2/5 2408/2/5 2411/2/5
f 2413/2/5 2411/2/5 2410/2/5
f 2414/2/5 2411/2/5 2413/2/5
f 2418/3/5 2416/3/5 2415/3/5
f 2419/3/5 2416/3/5 2418/3/5
f 2421/3/5 2418/3/5 2417/3/5
f 2421/3/5 2420/3/5 2419/3/5
f 2421/3/5 2419/3/5 2418/3/5
f 2422/3/5 2420/3/5 2421/3/5
f 2423/3/5 2421/3/5 2417/3/5
f 2424/3/5 2421/3/5 2423/3/5
f 2425/3/5 2420/3/5 2422/3/5
f 2426/3/5 2420/3/5 2425/3/5
f 2427/4/5 2425/4/5 2424/4/5
f 2428/4/5 2425/4/5 2427/4/5
f 2432/3/5 2430/3/5 2429/3/5
f 2433/3/5 2430/3/5 2432/3/5
f 2438/3/5 2432/3/5 2431/3/5
f 2439/3/5 2432/3/5 2438/3/5
f 2440/3/5 2434/3/5 2433/3/5
f 2441/3/5 2434/3/5 2440/3/5
f 2446/2/5 2436/2/5 2435/2/5
f 2447/2/5 2436/2/5 2446/2/5
f 2450/2/5 2444/2/5 2443/2/5
f 2451/2/5 2444/2/5 2450/2/5
f 2453/3/5 2438/3/5 2437/3/5
f 2454/3/5 2438/3/5 2453/3/5
f 2457/3/5 2442/3/5 2441/3/5
f 2458/3/5 2442/3/5 2457/3/5
f 2459/2/5 2448/2/5 2447/2/5
f 2459/2/5 2446/2/5 2445/2/5
f 2459/2/5 2447/2/5 2446/2/5
f 2460/2/5 2448/2/5 2459/2/5
f 2461/2/5 2448/2/5 2460/2/5
f 2462/2/5 2448/2/5 2461/2/5
f 2463/4/5 2455/4/5 2454/4/5
f 2464/4/5 2455/4/5 2463/4/5
f 2465/4/5 2457/4/5 2456/4/5
f 2466/4/5 2457/4/5 2465/4/5
f 2467/2/5 2452/2/5 2451/2/5
f 2467/2/5 2450/2/5 2449/2/5
f 2467/2/5 2451/2/5 2450/2/5
f 2468/2/5 2452/2/5 2467/2/5
f 2469/2/5 2452/2/5 2468/2/5
f 2470/2/5 2452/2/5 2469/2/5
f 2471/2/5 2461/2/5 2460/2/5
f 2472/2/5 2461/2/5 2471/2/5
f 2473/4/5 2465/4/5 2464/4/5
f 2474/4/5 2465/4/5 2473/4/5
f 2475/2/5 2469/2/5 2468/2/5
f 2476/2/5 2469/2/5 2475/2/5
f 2486/3/5 2478/3/5 2477/3/5
f 2487/3/5 2478/3/5 2486/3/5
f 2490/3/5 2482/3/5 2481/3/5
f 2491/3/5 2482/3/5 2490/3/5
f 2492/3/5 2484/3/5 2483/3/5
f 2493/3/5 2484/3/5 2492/3/5
f 2496/3/5 2480/3/5 2479/3/5
f 2497/3/5 2480/3/5 2496/3/5
f 2500/2/5 2488/2/5 2487/2/5
f 2500/2/5 2486/2/5 2485/2/5
f 2500/2/5 2487/2/5 2486/2/5
f 2501/2/5 2488/2/5 2500/2/5
f 2504/3/5 2490/3/5 2489/3/5
f 2505/3/5 2490/3/5 2504/3/5
f 2506/3/5 2494/3/5 2493/3/5
f 2507/3/5 2494/3/5 2506/3/5
f 2510/2/5 2498/2/5 2497/2/5
f 2510/2/5 2496/2/5 2495/2/5
f 2510/2/5 2497/2/5 2496/2/5
f 2511/2/5 2498/2/5 2510/2/5
f 2514/2/5 2500/2/5 2499/2/5
f 2515/2/5 2500/2/5 2514/2/5
f 2516/2/5 2502/2/5 2501/2/5
f 2517/2/5 2502/2/5 2516/2/5
f 2518/2/5 2504/2/5 2503/2/5
f 2519/2/5 2508/2/5 2507/2/5
f 2520/2/5 2510/2/5 2509/2/5
f 2521/2/5 2510/2/5 2520/2/5
f 2522/2/5 2512/2/5 2511/2/5
f 2523/2/5 2512/2/5 2522/2/5
f 2525/2/5 2518/2/5 2517/2/5
f 2525/2/5 2504/2/5 2518/2/5
f 2526/2/5 2504/2/5 2525/2/5
f 2527/2/5 2519/2/5 2507/2/5
f 2527/2/5 2520/2/5 2519/2/5
f 2528/2/5 2520/2/5 2527/2/5
f 2529/3/5 2526/3/5 2525/3/5
f 2529/2/5 2525/2/5 2517/2/5
f 2530/3/5 2526/3/5 2529/3/5
f 2533/3/5 2528/3/5 2527/3/5
f 2534/2/5 2520/2/5 2528/2/5
f 2534/3/5 2528/3/5 2533/3/5
f 2535/2/5 2514/2/5 2513/2/5
f 2536/2/5 2514/2/5 2535/2/5
f 2539/2/5 2529/2/5 2517/2/5
f 2540/2/5 2529/2/5 2539/2/5
f 2541/4/5 2531/4/5 2530/4/5
f 2542/4/5 2531/4/5 2541/4/5
f 2545/4/5 2533/4/5 2532/4/5
f 2546/4/5 2533/4/5 2545/4/5
f 2547/2/5 2520/2/5 2534/2/5
f 2548/2/5 2520/2/5 2547/2/5
f 2551/2/5 2524/2/5 2523/2/5
f 2552/2/5 2524/2/5 2551/2/5
f 2553/2/5 2537/2/5 2536/2/5
f 2554/2/5 2537/2/5 2553/2/5
f 2555/2/5 2539/2/5 2538/2/5
f 2556/2/5 2539/2/5 2555/2/5
f 2557/4/5 2543/4/5 2542/4/5
f 2558/4/5 2543/4/5 2557/4/5
f 2559/4/5 2545/4/5 2544/4/5
f 2560/4/5 2545/4/5 2559/4/5
f 2561/2/5 2549/2/5 2548/2/5
f 2562/2/5 2549/2/5 2561/2/5
f 2563/2/5 2551/2/5 2550/2/5
f 2564/2/5 2551/2/5 2563/2/5
f 2565/2/5 2555/2/5 2554/2/5
f 2566/2/5 2555/2/5 2565/2/5
f 2567/2/5 2563/2/5 2562/2/5
f 2568/2/5 2563/2/5 2567/2/5
f 2573/4/5 2570/4/5 2569/4/5
f 2574/4/5 2570/4/5 2573/4/5
f 2575/4/5 2572/4/5 2571/4/5
f 2576/4/5 2572/4/5 2575/4/5
f 2577/3/5 2574/3/5 2573/3/5
f 2578/3/5 2574/3/5 2577/3/5
f 2579/3/5 2576/3/5 2575/3/5
f 2580/3/5 2576/3/5 2579/3/5
f 2594/3/5 2582/3/5 2581/3/5
f 2595/3/5 2582/3/5 2594/3/5
f 2596/3/5 2584/3/5 2583/3/5
f 2597/3/5 2584/3/5 2596/3/5
f 2600/3/5 2590/3/5 2589/3/5
f 2601/3/5 2590/3/5 2600/3/5
f 2602/3/5 2592/3/5 2591/3/5
f 2603/3/5 2592/3/5 2602/3/5
f 2606/3/5 2586/3/5 2585/3/5
f 2607/3/5 2586/3/5 2606/3/5
f 2608/3/5 2588/3/5 2587/3/5
f 2609/3/5 2588/3/5 2608/3/5
f 2612/2/5 2594/2/5 2593/2/5
f 2613/2/5 2594/2/5 2612/2/5
f 2614/2/5 2598/2/5 2597/2/5
f 2615/2/5 2598/2/5 2614/2/5
f 2616/2/5 2600/2/5 2599/2/5
f 2617/2/5 2600/2/5 2616/2/5
f 2618/2/5 2604/2/5 2603/2/5
f 2619/2/5 2604/2/5 2618/2/5
f 2620/2/5 2606/2/5 2605/2/5
f 2621/2/5 2606/2/5 2620/2/5
f 2622/2/5 2610/2/5 2609/2/5
f 2623/2/5 2610/2/5 2622/2/5
f 2625/2/5 2612/2/5 2611/2/5
f 2626/2/5 2612/2/5 2625/2/5
f 2627/2/5 2616/2/5 2615/2/5
f 2628/2/5 2616/2/5 2627/2/5
f 2629/2/5 2620/2/5 2619/2/5
f 2630/2/5 2620/2/5 2629/2/5
f 2631/2/5 2624/2/5 2623/2/5
f 2632/2/5 2624/2/5 2631/2/5
f 2640/4/5 2634/4/5 2633/4/5
f 2641/4/5 2634/4/5 2640/4/5
f 2644/4/5 2636/4/5 2635/4/5
f 2645/4/5 2636/4/5 2644/4/5
f 2649/2/5 2638/2/5 2637/2/5
f 2650/2/5 2638/2/5 2649/2/5
f 2653/2/5 2640/2/5 2639/2/5
f 2654/2/5 2640/2/5 2653/2/5
f 2655/4/5 2642/4/5 2641/4/5
f 2656/4/5 2642/4/5 2655/4/5
f 2657/4/5 2644/4/5 2643/4/5
f 2658/4/5 2644/4/5 2657/4/5
f 2659/2/5 2646/2/5 2645/2/5
f 2660/2/5 2646/2/5 2659/2/5
f 2663/2/5 2648/2/5 2647/2/5
f 2664/2/5 2648/2/5 2663/2/5
f 2665/2/5 2651/2/5 2650/2/5
f 2666/2/5 2651/2/5 2665/2/5
f 2667/2/5 2653/2/5 2652/2/5
f 2668/2/5 2653/2/5 2667/2/5
f 2669/2/5 2661/2/5 2660/2/5
f 2670/2/5 2661/2/5 2669/2/5
f 2671/2/5 2663/2/5 2662/2/5
f 2672/2/5 2663/2/5 2671/2/5
f 2681/4/5 2674/4/5 2673/4/5
f 2682/4/5 2674/4/5 2681/4/5
f 2683/4/5 2676/4/5 2675/4/5
f 2684/4/5 2676/4/5 2683/4/5
f 2685/4/5 2678/4/5 2677/4/5
f 2686/4/5 2678/4/5 2685/4/5
f 2687/4/5 2680/4/5 2679/4/5
f 2688/4/5 2680/4/5 2687/4/5
f 2690/3/5 2682/3/5 2681/3/5
f 2691/3/5 2684/3/5 2683/3/5
f 2694/3/5 2686/3/5 2685/3/5
f 2695/3/5 2688/3/5 2687/3/5
f 2697/3/5 2690/3/5 2689/3/5
f 2697/3/5 2682/3/5 2690/3/5
f 2698/3/5 2682/3/5 2697/3/5
f 2699/3/5 2692/3/5 2691/3/5
f 2699/3/5 2691/3/5 2683/3/5
f 2700/3/5 2692/3/5 2699/3/5
f 2701/3/5 2694/3/5 2693/3/5
f 2701/3/5 2686/3/5 2694/3/5
f 2702/3/5 2686/3/5 2701/3/5
f 2703/3/5 2695/3/5 2687/3/5
f 2703/3/5 2696/3/5 2695/3/5
f 2704/3/5 2696/3/5 2703/3/5
f 2709/3/5 2697/3/5 2689/3/5
f 2710/3/5 2697/3/5 2709/3/5
f 2711/3/5 2692/3/5 2700/3/5
f 2712/3/5 2692/3/5 2711/3/5
f 2713/2/5 2706/2/5 2705/2/5
f 2714/2/5 2706/2/5 2713/2/5
f 2715/2/5 2708/2/5 2707/2/5
f 2716/2/5 2708/2/5 2715/2/5
f 2717/3/5 2701/3/5 2693/3/5
f 2718/3/5 2701/3/5 2717/3/5
f 2719/3/5 2696/3/5 2704/3/5
f 2720/3/5 2696/3/5 2719/3/5
f 2725/4/5 2722/4/5 2721/4/5
f 2726/4/5 2722/4/5 2725/4/5
f 2727/4/5 2724/4/5 2723/4/5
f 2728/4/5 2724/4/5 2727/4/5
f 2733/4/5 2730/4/5 2729/4/5
f 2734/4/5 2730/4/5 2733/4/5
f 2735/4/5 2732/4/5 2731/4/5
f 2736/4/5 2732/4/5 2735/4/5
f 2741/3/5 2738/3/5 2737/3/5
f 2742/3/5 2738/3/5 2741/3/5
f 2743/3/5 2740/3/5 2739/3/5
f 2744/3/5 2740/3/5 2743/3/5
f 2747/3/5 2746/3/5 2745/3/5
f 2748/3/5 2746/3/5 2747/3/5
f 2749/3/6 2750/3/6 2753/3/6
f 2753/3/6 2750/3/6 2754/3/6
f 2751/3/6 2752/3/6 2755/3/6
f 2755/3/6 2752/3/6 2756/3/6
f 2757/3/6 2758/3/6 2761/3/6
f 2761/3/6 2758/3/6 2762/3/6
f 2759/3/6 2760/3/6 2763/3/6
f 2763/3/6 2760/3/6 2764/3/6
f 2765/3/6 2766/3/6 2773/3/6
f 2773/3/6 2766/3/6 2774/3/6
f 2767/3/6 2768/3/6 2775/3/6
f 2775/3/6 2768/3/6 2776/3/6
f 2769/3/6 2770/3/6 2777/3/6
f 2777/3/6 2770/3/6 2778/3/6
f 2771/3/6 2772/3/6 2779/3/6
f 2779/3/6 2772/3/6 2780/3/6
f 2781/3/6 2782/3/6 2789/3/6
f 2789/3/6 2782/3/6 2790/3/6
f 2783/3/6 2784/3/6 2791/3/6
f 2791/3/6 2784/3/6 2792/3/6
f 2785/3/6 2786/3/6 2793/3/6
f 2793/3/6 2786/3/6 2794/3/6
f 2787/3/6 2788/3/6 2795/3/6
f 2795/3/6 2788/3/6 2796/3/6
f 2797/3/6 2798/3/6 2801/3/6
f 2801/3/6 2798/3/6 2802/3/6
f 2799/3/6 2800/3/6 2803/3/6
f 2803/3/6 2800/3/6 2804/3/6
f 2805/3/6 2806/3/6 2809/3/6
f 2809/3/6 2806/3/6 2810/3/6
f 2807/3/6 2808/3/6 2811/3/6
f 2811/3/6 2808/3/6 2812/3/6
f 2813/3/6 2814/3/6 2816/3/6
f 2816/3/6 2814/3/6 2817/3/6
f 2815/3/6 2816/3/6 2819/3/6
f 2817/3/6 2818/3/6 2819/3/6
f 2816/3/6 2817/3/6 2819/3/6
f 2819/3/6 2818/3/6 2820/3/6
f 2820/3/6 2818/3/6 2821/3/6
f 2821/3/6 2818/3/6 2822/3/6
f 2820/3/6 2821/3/6 2823/3/6
f 2823/3/6 2821/3/6 2824/3/6
f 2825/3/6 2826/3/6 2830/3/6
f 2830/3/6 2826/3/6 2831/3/6
f 2827/3/6 2828/3/6 2834/3/6
f 2834/3/6 2828/3/6 2835/3/6
f 2831/3/6 2832/3/6 2837/3/6
f 2829/3/6 2830/3/6 2837/3/6
f 2830/3/6 2831/3/6 2837/3/6
f 2837/3/6 2832/3/6 2838/3/6
f 2838/3/6 2832/3/6 2839/3/6
f 2839/3/6 2832/3/6 2840/3/6
f 2835/3/6 2836/3/6 2841/3/6
f 2834/3/6 2835/3/6 2841/3/6
f 2833/3/6 2834/3/6 2841/3/6
f 2841/3/6 2836/3/6 2842/3/6
f 2842/3/6 2836/3/6 2843/3/6
f 2843/3/6 2836/3/6 2844/3/6
f 2838/3/6 2839/3/6 2845/3/6
f 2845/3/6 2839/3/6 2846/3/6
f 2842/3/6 2843/3/6 2847/3/6
f 2847/3/6 2843/3/6 2848/3/6
f 2849/3/6 2850/3/6 2852/3/6
f 2852/3/6 2850/3/6 2853/3/6
f 2851/3/6 2852/3/6 2855/3/6
f 2853/3/6 2854/3/6 2855/3/6
f 2852/3/6 2853/3/6 2855/3/6
f 2855/3/6 2854/3/6 2856/3/6
f 2856/3/6 2854/3/6 2857/3/6
f 2857/3/6 2854/3/6 2858/3/6
f 2856/3/6 2857/3/6 2859/3/6
f 2859/3/6 2857/3/6 2860/3/6
f 2861/2/6 2862/2/6 2865/2/6
f 2865/2/6 2862/2/6 2866/2/6
f 2863/2/6 2864/2/6 2867/2/6
f 2867/2/6 2864/2/6 2868/2/6
f 2869/2/6 2870/2/6 2873/2/6
f 2873/2/6 2870/2/6 2874/2/6
f 2871/2/6 2872/2/6 2875/2/6
f 2875/2/6 2872/2/6 2876/2/6
f 2877/2/6 2878/2/6 2879/2/6
f 2879/2/6 2878/2/6 2880/2/6
f 2881/2/6 2882/2/6 2885/2/6
f 2885/2/6 2882/2/6 2886/2/6
f 2883/2/6 2884/2/6 2887/2/6
f 2887/2/6 2884/2/6 2888/2/6
f 2889/2/6 2890/2/6 2893/2/6
f 2893/2/6 2890/2/6 2894/2/6
f 2891/2/6 2892/2/6 2895/2/6
f 2895/2/6 2892/2/6 2896/2/6
f 2897/2/6 2898/2/6 2901/2/6
f 2901/2/6 2898/2/6 2902/2/6
f 2899/2/6 2900/2/6 2903/2/6
f 2903/2/6 2900/2/6 2904/2/6
f 2905/2/6 2906/2/6 2909/2/6
f 2909/2/6 2906/2/6 2910/2/6
f 2907/2/6 2908/2/6 2911/2/6
f 2911/2/6 2908/2/6 2912/2/6
f 2913/2/6 2914/2/6 2915/2/6
f 2915/2/6 2914/2/6 2916/2/6
f 2917/2/6 2918/2/6 2923/2/6
f 2923/2/6 2918/2/6 2924/2/6
f 2919/2/6 2920/2/6 2925/2/6
f 2925/2/6 2920/2/6 2926/2/6
f 2921/2/6 2922/2/6 2929/2/6
f 2929/2/6 2922/2/6 2930/2/6
f 2927/2/6 2928/2/6 2935/2/6
f 2935/2/6 2928/2/6 2936/2/6
f 2931/2/6 2932/2/6 2937/2/6
f 2937/2/6 2932/2/6 2938/2/6
f 2933/2/6 2934/2/6 2939/2/6
f 2939/2/6 2934/2/6 2940/2/6
f 2941/2/6 2942/2/6 2944/2/6
f 2944/2/6 2942/2/6 2945/2/6
f 2943/2/6 2944/2/6 2947/2/6
f 2947/2/6 2944/2/6 2948/2/6
f 2945/2/6 2946/2/6 2949/2/6
f 2949/2/6 2946/2/6 2950/2/6
f 2948/5/6 2949/5/6 2951/5/6
f 2951/5/6 2949/5/6 2952/5/6
f 2953/2/6 2954/2/6 2958/2/6
f 2958/2/6 2954/2/6 2959/2/6
f 2955/2/6 2956/2/6 2962/2/6
f 2962/2/6 2956/2/6 2963/2/6
f 2957/2/6 2958/2/6 2965/2/6
f 2965/2/6 2958/2/6 2966/2/6
f 2959/5/6 2960/5/6 2967/5/6
f 2967/5/6 2960/5/6 2968/5/6
f 2961/5/6 2962/5/6 2969/5/6
f 2969/5/6 2962/5/6 2970/5/6
f 2963/2/6 2964/2/6 2971/2/6
f 2971/2/6 2964/2/6 2972/2/6
f 2966/2/6 2967/2/6 2973/2/6
f 2973/2/6 2967/2/6 2974/2/6
f 2970/2/6 2971/2/6 2975/2/6
f 2975/2/6 2971/2/6 2976/2/6
f 2977/5/6 2978/5/6 2980/5/6
f 2980/5/6 2978/5/6 2981/5/6
f 2979/2/6 2980/2/6 2983/2/6
f 2983/2/6 2980/2/6 2984/2/6
f 2981/2/6 2982/2/6 2985/2/6
f 2985/2/6 2982/2/6 2986/2/6
f 2984/2/6 2985/2/6 2987/2/6
f 2987/2/6 2985/2/6 2988/2/6
f 2989/2/6 2990/2/6 2991/2/6
f 2991/2/6 2990/2/6 2992/2/6
f 2993/2/6 2994/2/6 2996/2/6
f 2996/2/6 2994/2/6 2997/2/6
f 2995/2/6 2996/2/6 3000/2/6
f 3000/2/6 2996/2/6 3001/2/6
f 2997/2/6 2998/2/6 3002/2/6
f 3002/2/6 2998/2/6 3003/2/6
f 3005/2/6 3006/2/6 3009/2/6
f 3009/2/6 3006/2/6 3010/2/6
f 3007/2/6 3008/2/6 3011/2/6
f 3011/2/6 3008/2/6 3012/2/6
f 2999/2/6 3000/2/6 3013/2/6
f 3013/2/6 3000/2/6 3014/2/6
f 3003/2/6 3004/2/6 3017/2/6
f 3017/2/6 3004/2/6 3018/2/6
f 3014/2/6 3015/2/6 3019/2/6
f 3019/2/6 3015/2/6 3020/2/6
f 3016/2/6 3017/2/6 3021/2/6
f 3021/2/6 3017/2/6 3022/2/6
f 3020/2/6 3021/2/6 3023/2/6
f 3023/2/6 3021/2/6 3024/2/6
f 3025/2/6 3026/2/6 3027/2/6
f 3027/2/6 3026/2/6 3028/2/6
f 3029/2/6 3030/2/6 3032/2/6
f 3032/2/6 3030/2/6 3033/2/6
f 3031/2/6 3032/2/6 3035/2/6
f 3033/2/6 3034/2/6 3035/2/6
f 3032/2/6 3033/2/6 3035/2/6
f 3035/2/6 3034/2/6 3036/2/6
f 3031/2/6 3035/2/6 3037/2/6
f 3036/2/6 3034/2/6 3038/2/6
f 3031/2/6 3037/2/6 3039/2/6
f 3037/2/6 3038/2/6 3039/2/6
f 3039/2/6 3038/2/6 3040/2/6
f 3038/2/6 3034/2/6 3041/2/6
f 3040/2/6 3038/2/6 3041/2/6
f 3041/2/6 3034/2/6 3042/2/6
f 3040/2/6 3041/2/6 3043/2/6
f 3043/2/6 3041/2/6 3044/2/6
f 3045/3/6 3046/3/6 3047/3/6
f 3047/3/6 3046/3/6 3048/3/6
f 3049/4/6 3050/4/6 3053/4/6
f 3053/4/6 3050/4/6 3054/4/6
f 3051/4/6 3052/4/6 3055/4/6
f 3055/4/6 3052/4/6 3056/4/6
f 3057/3/6 3058/3/6 3061/3/6
f 3061/3/6 3058/3/6 3062/3/6
f 3059/3/6 3060/3/6 3063/3/6
f 3063/3/6 3060/3/6 3064/3/6
f 3065/4/6 3066/4/6 3073/4/6
f 3073/4/6 3066/4/6 3074/4/6
f 3067/4/6 3068/4/6 3075/4/6
f 3075/4/6 3068/4/6 3076/4/6
f 3069/4/6 3070/4/6 3077/4/6
f 3077/4/6 3070/4/6 3078/4/6
f 3071/4/6 3072/4/6 3079/4/6
f 3079/4/6 3072/4/6 3080/4/6
f 3073/3/6 3074/3/6 3082/3/6
f 3075/3/6 3076/3/6 3083/3/6
f 3077/3/6 3078/3/6 3086/3/6
f 3079/3/6 3080/3/6 3087/3/6
f 3081/3/6 3082/3/6 3089/3/6
f 3082/3/6 3074/3/6 3089/3/6
f 3089/3/6 3074/3/6 3090/3/6
f 3083/3/6 3084/3/6 3091/3/6
f 3075/3/6 3083/3/6 3091/3/6
f 3091/3/6 3084/3/6 3092/3/6
f 3085/3/6 3086/3/6 3093/3/6
f 3086/3/6 3078/3/6 3093/3/6
f 3093/3/6 3078/3/6 3094/3/6
f 3079/3/6 3087/3/6 3095/3/6
f 3087/3/6 3088/3/6 3095/3/6
f 3095/3/6 3088/3/6 3096/3/6
f 3081/3/6 3089/3/6 3101/3/6
f 3101/3/6 3089/3/6 3102/3/6
f 3092/3/6 3084/3/6 3103/3/6
f 3103/3/6 3084/3/6 3104/3/6
f 3097/2/6 3098/2/6 3105/2/6
f 3105/2/6 3098/2/6 3106/2/6
f 3099/2/6 3100/2/6 3107/2/6
f 3107/2/6 3100/2/6 3108/2/6
f 3085/3/6 3093/3/6 3109/3/6
f 3109/3/6 3093/3/6 3110/3/6
f 3096/3/6 3088/3/6 3111/3/6
f 3111/3/6 3088/3/6 3112/3/6
f 3113/4/6 3114/4/6 3117/4/6
f 3117/4/6 3114/4/6 3118/4/6
f 3115/4/6 3116/4/6 3119/4/6
f 3119/4/6 3116/4/6 3120/4/6
f 3121/4/6 3122/4/6 3125/4/6
f 3125/4/6 3122/4/6 3126/4/6
f 3123/4/6 3124/4/6 3127/4/6
f 3127/4/6 3124/4/6 3128/4/6
f 3125/3/6 3126/3/6 3129/3/6
f 3129/3/6 3126/3/6 3130/3/6
f 3127/3/6 3128/3/6 3131/3/6
f 3131/3/6 3128/3/6 3132/3/6
f 3133/3/6 3134/3/6 3146/3/6
f 3146/3/6 3134/3/6 3147/3/6
f 3135/3/6 3136/3/6 3148/3/6
f 3148/3/6 3136/3/6 3149/3/6
f 3141/3/6 3142/3/6 3152/3/6
f 3152/3/6 3142/3/6 3153/3/6
f 3143/3/6 3144/3/6 3154/3/6
f 3154/3/6 3144/3/6 3155/3/6
f 3137/3/6 3138/3/6 3158/3/6
f 3158/3/6 3138/3/6 3159/3/6
f 3139/3/6 3140/3/6 3160/3/6
f 3160/3/6 3140/3/6 3161/3/6
f 3145/2/6 3146/2/6 3164/2/6
f 3164/2/6 3146/2/6 3165/2/6
f 3149/2/6 3150/2/6 3166/2/6
f 3166/2/6 3150/2/6 3167/2/6
f 3151/2/6 3152/2/6 3168/2/6
f 3168/2/6 3152/2/6 3169/2/6
f 3155/2/6 3156/2/6 3170/2/6
f 3170/2/6 3156/2/6 3171/2/6
f 3157/2/6 3158/2/6 3172/2/6
f 3172/2/6 3158/2/6 3173/2/6
f 3161/2/6 3162/2/6 3174/2/6
f 3174/2/6 3162/2/6 3175/2/6
f 3163/2/6 3164/2/6 3177/2/6
f 3177/2/6 3164/2/6 3178/2/6
f 3167/2/6 3168/2/6 3179/2/6
f 3179/2/6 3168/2/6 3180/2/6
f 3171/2/6 3172/2/6 3181/2/6
f 3181/2/6 3172/2/6 3182/2/6
f 3175/2/6 3176/2/6 3183/2/6
f 3183/2/6 3176/2/6 3184/2/6
f 3185/4/6 3186/4/6 3192/4/6
f 3192/4/6 3186/4/6 3193/4/6
f 3187/4/6 3188/4/6 3196/4/6
f 3196/4/6 3188/4/6 3197/4/6
f 3189/2/6 3190/2/6 3201/2/6
f 3201/2/6 3190/2/6 3202/2/6
f 3191/2/6 3192/2/6 3205/2/6
f 3205/2/6 3192/2/6 3206/2/6
f 3193/4/6 3194/4/6 3207/4/6
f 3207/4/6 3194/4/6 3208/4/6
f 3195/4/6 3196/4/6 3209/4/6
f 3209/4/6 3196/4/6 3210/4/6
f 3197/2/6 3198/2/6 3211/2/6
f 3211/2/6 3198/2/6 3212/2/6
f 3199/2/6 3200/2/6 3215/2/6
f 3215/2/6 3200/2/6 3216/2/6
f 3202/2/6 3203/2/6 3217/2/6
f 3217/2/6 3203/2/6 3218/2/6
f 3204/2/6 3205/2/6 3219/2/6
f 3219/2/6 3205/2/6 3220/2/6
f 3212/2/6 3213/2/6 3221/2/6
f 3221/2/6 3213/2/6 3222/2/6
f 3214/2/6 3215/2/6 3223/2/6
f 3223/2/6 3215/2/6 3224/2/6
f 3225/3/6 3226/3/6 3232/3/6
f 3232/3/6 3226/3/6 3233/3/6
f 3229/3/6 3230/3/6 3236/3/6
f 3236/3/6 3230/3/6 3237/3/6
f 3227/3/6 3228/3/6 3240/3/6
f 3240/3/6 3228/3/6 3241/3/6
f 3233/2/6 3234/2/6 3244/2/6
f 3231/2/6 3232/2/6 3244/2/6
f 3232/2/6 3233/2/6 3244/2/6
f 3244/2/6 3234/2/6 3245/2/6
f 3235/3/6 3236/3/6 3248/3/6
f 3248/3/6 3236/3/6 3249/3/6
f 3237/3/6 3238/3/6 3250/3/6
f 3250/3/6 3238/3/6 3251/3/6
f 3240/2/6 3241/2/6 3254/2/6
f 3239/2/6 3240/2/6 3254/2/6
f 3241/2/6 3242/2/6 3254/2/6
f 3254/2/6 3242/2/6 3255/2/6
f 3243/2/6 3244/2/6 3258/2/6
f 3258/2/6 3244/2/6 3259/2/6
f 3245/2/6 3246/2/6 3260/2/6
f 3260/2/6 3246/2/6 3261/2/6
f 3247/2/6 3248/2/6 3262/2/6
f 3251/2/6 3252/2/6 3263/2/6
f 3253/2/6 3254/2/6 3264/2/6
f 3264/2/6 3254/2/6 3265/2/6
f 3255/2/6 3256/2/6 3266/2/6
f 3266/2/6 3256/2/6 3267/2/6
f 3261/2/6 3262/2/6 3269/2/6
f 3262/2/6 3248/2/6 3269/2/6
f 3269/2/6 3248/2/6 3270/2/6
f 3251/2/6 3263/2/6 3271/2/6
f 3263/2/6 3264/2/6 3271/2/6
f 3271/2/6 3264/2/6 3272/2/6
f 3269/4/6 3270/4/6 3273/4/6
f 3261/2/6 3269/2/6 3273/2/6
f 3273/4/6 3270/4/6 3274/4/6
f 3271/4/6 3272/4/6 3277/4/6
f 3272/2/6 3264/2/6 3278/2/6
f 3277/4/6 3272/4/6 3278/4/6
f 3257/2/6 3258/2/6 3279/2/6
f 3279/2/6 3258/2/6 3280/2/6
f 3261/2/6 3273/2/6 3283/2/6
f 3283/2/6 3273/2/6 3284/2/6
f 3274/4/6 3275/4/6 3285/4/6
f 3285/4/6 3275/4/6 3286/4/6
f 3276/4/6 3277/4/6 3287/4/6
f 3287/4/6 3277/4/6 3288/4/6
f 3278/2/6 3264/2/6 3289/2/6
f 3289/2/6 3264/2/6 3290/2/6
f 3267/2/6 3268/2/6 3293/2/6
f 3293/2/6 3268/2/6 3294/2/6
f 3280/2/6 3281/2/6 3295/2/6
f 3295/2/6 3281/2/6 3296/2/6
f 3282/2/6 3283/2/6 3297/2/6
f 3297/2/6 3283/2/6 3298/2/6
f 3286/4/6 3287/4/6 3299/4/6
f 3299/4/6 3287/4/6 3300/4/6
f 3290/2/6 3291/2/6 3301/2/6
f 3301/2/6 3291/2/6 3302/2/6
f 3292/2/6 3293/2/6 3303/2/6
f 3303/2/6 3293/2/6 3304/2/6
f 3296/2/6 3297/2/6 3305/2/6
f 3305/2/6 3297/2/6 3306/2/6
f 3302/2/6 3303/2/6 3307/2/6
f 3307/2/6 3303/2/6 3308/2/6
f 3309/3/6 3310/3/6 3314/3/6
f 3314/3/6 3310/3/6 3315/3/6
f 3311/2/6 3312/2/6 3320/2/6
f 3320/2/6 3312/2/6 3321/2/6
f 3317/2/6 3318/2/6 3324/2/6
f 3324/2/6 3318/2/6 3325/2/6
f 3313/3/6 3314/3/6 3327/3/6
f 3314/3/6 3315/3/6 3327/3/6
f 3315/3/6 3316/3/6 3327/3/6
f 3327/3/6 3316/3/6 3328/3/6
f 3328/3/6 3316/3/6 3329/3/6
f 3329/3/6 3316/3/6 3330/3/6
f 3327/4/6 3328/4/6 3331/4/6
f 3328/3/6 3329/3/6 3331/3/6
f 3329/4/6 3330/4/6 3332/4/6
f 3331/3/6 3329/3/6 3332/3/6
f 3327/4/6 3331/4/6 3333/4/6
f 3331/4/6 3332/4/6 3333/4/6
f 3333/4/6 3332/4/6 3334/4/6
f 3332/4/6 3330/4/6 3335/4/6
f 3334/4/6 3332/4/6 3335/4/6
f 3335/4/6 3330/4/6 3336/4/6
f 3321/2/6 3322/2/6 3337/2/6
f 3319/2/6 3320/2/6 3337/2/6
f 3320/2/6 3321/2/6 3337/2/6
f 3337/2/6 3322/2/6 3338/2/6
f 3338/2/6 3322/2/6 3339/2/6
f 3339/2/6 3322/2/6 3340/2/6
f 3334/4/6 3335/4/6 3341/4/6
f 3341/4/6 3335/4/6 3342/4/6
f 3325/2/6 3326/2/6 3343/2/6
f 3324/2/6 3325/2/6 3343/2/6
f 3323/2/6 3324/2/6 3343/2/6
f 3343/2/6 3326/2/6 3344/2/6
f 3344/2/6 3326/2/6 3345/2/6
f 3345/2/6 3326/2/6 3346/2/6
f 3338/2/6 3339/2/6 3347/2/6
f 3347/2/6 3339/2/6 3348/2/6
f 3344/2/6 3345/2/6 3349/2/6
f 3349/2/6 3345/2/6 3350/2/6
