# MagicaVoxel @ Ephtracy

# group
o Porter

# material
mtllib Porter.mtl
usemtl palette

# normals
vn -1 0 0
vn 1 0 0
vn 0 0 1
vn 0 0 -1
vn 0 -1 0
vn 0 1 0

# texcoords
vt 0.794922 0.5
vt 0.880859 0.5
vt 0.904297 0.5
vt 0.955078 0.5
vt 0.970703 0.5

# verts
v -1.1 2.5 0.2
v -1.1 2.5 -0.2
v -1.1 2.6 0.3
v -1.1 2.6 0.2
v -1.1 2.6 -0.2
v -1.1 2.6 -0.3
v -1.1 2.8 0.3
v -1.1 2.8 0.2
v -1.1 2.8 -0.2
v -1.1 2.8 -0.3
v -1.1 2.9 0.2
v -1.1 2.9 -0.2
v -1 1.4 0
v -1 1.4 -0.1
v -1 1.7 0.1
v -1 1.7 0
v -1 1.7 -0.1
v -1 1.9 0.1
v -1 1.9 0
v -1 2 0
v -1 2 -0.1
v -1 2.4 0.2
v -1 2.4 -0.2
v -1 2.5 0.3
v -1 2.5 0.2
v -1 2.5 -0.2
v -1 2.5 -0.3
v -1 2.6 0.4
v -1 2.6 0.3
v -1 2.6 0.2
v -1 2.6 -0.2
v -1 2.6 -0.3
v -1 2.6 -0.4
v -1 2.8 0.4
v -1 2.8 0.3
v -1 2.8 0.2
v -1 2.8 -0.2
v -1 2.8 -0.3
v -1 2.8 -0.4
v -1 2.9 0.3
v -1 2.9 0.2
v -1 2.9 -0.2
v -1 2.9 -0.3
v -1 3 0.2
v -1 3 -0.2
v -0.9 1.4 0.2
v -0.9 1.4 0.1
v -0.9 1.6 0.1
v -0.9 1.6 0
v -0.9 1.7 0.2
v -0.9 1.7 0.1
v -0.9 1.7 0
v -0.9 1.7 -0.1
v -0.9 1.7 -0.2
v -0.9 1.9 0.1
v -0.9 1.9 0
v -0.9 1.9 -0.1
v -0.9 1.9 -0.2
v -0.9 2 0.2
v -0.9 2 0.1
v -0.9 2 0
v -0.9 2 -0.1
v -0.9 2.4 0.1
v -0.9 2.4 -0.1
v -0.9 2.5 0.4
v -0.9 2.5 0.3
v -0.9 2.5 -0.3
v -0.9 2.5 -0.4
v -0.9 2.6 0.4
v -0.9 2.6 0.3
v -0.9 2.6 -0.3
v -0.9 2.6 -0.4
v -0.9 2.8 0.4
v -0.9 2.8 0.3
v -0.9 2.8 -0.3
v -0.9 2.8 -0.4
v -0.9 2.9 0.4
v -0.9 2.9 0.3
v -0.9 2.9 0.2
v -0.9 2.9 -0.2
v -0.9 2.9 -0.3
v -0.9 2.9 -0.4
v -0.9 3 0.3
v -0.9 3 0.2
v -0.9 3 -0.2
v -0.9 3 -0.3
v -0.9 3.1 0.2
v -0.9 3.1 -0.2
v -0.8 1.4 -0.1
v -0.8 1.4 -0.2
v -0.8 1.6 -0.1
v -0.8 1.7 -0.1
v -0.8 1.7 -0.2
v -0.8 1.9 -0.1
v -0.8 1.9 -0.2
v -0.8 2 -0.1
v -0.8 2 -0.2
v -0.7 1.4 0.1
v -0.7 1.4 0
v -0.7 1.6 0.1
v -0.7 1.6 0
v -0.7 2.4 0.3
v -0.7 2.4 0.1
v -0.7 2.4 -0.1
v -0.7 2.4 -0.3
v -0.7 2.5 0.3
v -0.7 2.5 -0.3
v -0.7 2.6 0.3
v -0.7 2.6 0.1
v -0.7 2.6 -0.1
v -0.7 2.6 -0.3
v -0.6 2.1 0.3
v -0.6 2.1 -0.3
v -0.6 2.4 0.4
v -0.6 2.4 0.3
v -0.6 2.4 -0.3
v -0.6 2.4 -0.4
v -0.6 2.6 0.4
v -0.6 2.6 0.3
v -0.6 2.6 -0.3
v -0.6 2.6 -0.4
v -0.6 2.7 0.3
v -0.6 2.7 -0.3
v -0.6 2.8 0.3
v -0.6 2.8 -0.3
v -0.5 1.3 0.1
v -0.5 1.3 -0.1
v -0.5 1.6 0.2
v -0.5 1.6 0.1
v -0.5 1.6 -0.1
v -0.5 1.6 -0.2
v -0.5 1.9 0.2
v -0.5 1.9 0.1
v -0.5 1.9 -0.1
v -0.5 1.9 -0.2
v -0.5 2 0.3
v -0.5 2 0.2
v -0.5 2 0.1
v -0.5 2 -0.1
v -0.5 2 -0.2
v -0.5 2 -0.3
v -0.5 2.1 0.3
v -0.5 2.1 -0.3
v -0.5 2.2 0.4
v -0.5 2.2 0.3
v -0.5 2.2 -0.3
v -0.5 2.2 -0.4
v -0.5 2.4 0.5
v -0.5 2.4 0.4
v -0.5 2.4 0.3
v -0.5 2.4 -0.3
v -0.5 2.4 -0.4
v -0.5 2.4 -0.5
v -0.5 2.7 0.4
v -0.5 2.7 -0.4
v -0.5 2.8 0.3
v -0.5 2.8 -0.3
v -0.5 2.9 0.5
v -0.5 2.9 0.4
v -0.5 2.9 0.3
v -0.5 2.9 -0.3
v -0.5 2.9 -0.4
v -0.5 2.9 -0.5
v -0.5 3 0.4
v -0.5 3 0.3
v -0.5 3 0.2
v -0.5 3 -0.2
v -0.5 3 -0.3
v -0.5 3 -0.4
v -0.5 3.1 0.3
v -0.5 3.1 0.2
v -0.5 3.1 -0.2
v -0.5 3.1 -0.3
v -0.4 0.6 0.1
v -0.4 0.6 -0.1
v -0.4 0.9 0.1
v -0.4 0.9 -0.1
v -0.4 1.4 0.3
v -0.4 1.4 0.2
v -0.4 1.4 -0.2
v -0.4 1.4 -0.3
v -0.4 1.6 0.2
v -0.4 1.6 -0.2
v -0.4 1.8 -0.2
v -0.4 1.8 -0.3
v -0.4 1.9 0.3
v -0.4 1.9 0.2
v -0.4 1.9 -0.2
v -0.4 2 0.4
v -0.4 2 0.3
v -0.4 2 0.2
v -0.4 2 -0.2
v -0.4 2 -0.3
v -0.4 2 -0.4
v -0.4 2.2 0.5
v -0.4 2.2 0.4
v -0.4 2.2 0.3
v -0.4 2.2 -0.3
v -0.4 2.2 -0.4
v -0.4 2.2 -0.5
v -0.4 2.4 0.5
v -0.4 2.4 0.4
v -0.4 2.4 -0.4
v -0.4 2.4 -0.5
v -0.4 2.9 0.5
v -0.4 2.9 0.4
v -0.4 2.9 0.3
v -0.4 2.9 -0.3
v -0.4 2.9 -0.4
v -0.4 2.9 -0.5
v -0.4 3 0.5
v -0.4 3 0.4
v -0.4 3 0.3
v -0.4 3 -0.3
v -0.4 3 -0.4
v -0.4 3 -0.5
v -0.4 3.1 0.4
v -0.4 3.1 0.3
v -0.4 3.1 -0.3
v -0.4 3.1 -0.4
v -0.4 3.2 0.3
v -0.4 3.2 -0.3
v -0.3 0.5 0.1
v -0.3 0.5 -0.1
v -0.3 0.6 0.1
v -0.3 0.6 -0.1
v -0.3 0.7 0.2
v -0.3 0.7 0.1
v -0.3 0.7 -0.1
v -0.3 0.7 -0.2
v -0.3 0.9 0.2
v -0.3 0.9 0.1
v -0.3 0.9 -0.1
v -0.3 0.9 -0.2
v -0.3 1.4 0.4
v -0.3 1.4 0.3
v -0.3 1.4 -0.3
v -0.3 1.4 -0.4
v -0.3 1.5 0.1
v -0.3 1.5 -0.1
v -0.3 1.8 0.4
v -0.3 1.8 0.3
v -0.3 1.8 -0.3
v -0.3 1.9 0.3
v -0.3 1.9 -0.3
v -0.3 1.9 -0.4
v -0.3 2 0.5
v -0.3 2 0.4
v -0.3 2 0.3
v -0.3 2 -0.3
v -0.3 2 -0.4
v -0.3 2 -0.5
v -0.3 2.2 0.5
v -0.3 2.2 0.4
v -0.3 2.2 -0.4
v -0.3 2.2 -0.5
v -0.3 3 0.5
v -0.3 3 0.4
v -0.3 3 -0.4
v -0.3 3 -0.5
v -0.3 3.1 0.5
v -0.3 3.1 0.4
v -0.3 3.1 0.3
v -0.3 3.1 -0.3
v -0.3 3.1 -0.4
v -0.3 3.1 -0.5
v -0.3 3.2 0.4
v -0.3 3.2 0.3
v -0.3 3.2 -0.3
v -0.3 3.2 -0.4
v -0.2 0.6 0.2
v -0.2 0.6 0.1
v -0.2 0.6 -0.1
v -0.2 0.6 -0.2
v -0.2 0.7 0.2
v -0.2 0.7 0.1
v -0.2 0.7 -0.1
v -0.2 0.7 -0.2
v -0.2 1.6 0.5
v -0.2 1.6 0.4
v -0.2 1.6 -0.4
v -0.2 1.6 -0.5
v -0.2 1.8 0.4
v -0.2 1.9 0.5
v -0.2 1.9 0.4
v -0.2 1.9 -0.4
v -0.2 1.9 -0.5
v -0.2 2 0.5
v -0.2 2 0.4
v -0.2 2 -0.4
v -0.2 2 -0.5
v -0.2 3.1 0.5
v -0.2 3.1 0.4
v -0.2 3.2 0.5
v -0.2 3.2 0.4
v -0.1 0.1 0.2
v -0.1 0.1 -0.2
v -0.1 0.2 0.4
v -0.1 0.2 0.2
v -0.1 0.2 -0.2
v -0.1 0.2 -0.4
v -0.1 0.3 0.5
v -0.1 0.3 0.4
v -0.1 0.3 0.2
v -0.1 0.3 -0.2
v -0.1 0.3 -0.4
v -0.1 0.3 -0.5
v -0.1 0.5 0.6
v -0.1 0.5 0.5
v -0.1 0.5 0.4
v -0.1 0.5 -0.4
v -0.1 0.5 -0.5
v -0.1 0.5 -0.6
v -0.1 0.9 0.6
v -0.1 0.9 0.5
v -0.1 0.9 0.4
v -0.1 0.9 -0.4
v -0.1 0.9 -0.5
v -0.1 0.9 -0.6
v -0.1 1.1 0.5
v -0.1 1.1 0.4
v -0.1 1.1 0.3
v -0.1 1.1 -0.3
v -0.1 1.1 -0.4
v -0.1 1.1 -0.5
v -0.1 1.2 0.4
v -0.1 1.2 0.3
v -0.1 1.2 0.1
v -0.1 1.2 -0.1
v -0.1 1.2 -0.3
v -0.1 1.2 -0.4
v -0.1 1.3 0.3
v -0.1 1.3 0.1
v -0.1 1.3 -0.1
v -0.1 1.3 -0.3
v -0.1 1.4 0.6
v -0.1 1.4 0.5
v -0.1 1.5 -0.5
v -0.1 1.5 -0.6
v -0.1 1.6 0.5
v -0.1 1.6 -0.5
v -0.1 1.8 0.6
v -0.1 1.8 0.5
v -0.1 1.8 -0.5
v -0.1 1.8 -0.6
v 0 0 0.2
v 0 0 -0.2
v 0 0.1 0.4
v 0 0.1 0.2
v 0 0.1 -0.2
v 0 0.1 -0.4
v 0 0.2 0.5
v 0 0.2 0.4
v 0 0.2 0.2
v 0 0.2 -0.2
v 0 0.2 -0.4
v 0 0.2 -0.5
v 0 0.3 0.6
v 0 0.3 0.5
v 0 0.3 0.4
v 0 0.3 0.2
v 0 0.3 -0.2
v 0 0.3 -0.4
v 0 0.3 -0.5
v 0 0.3 -0.6
v 0 0.5 0.7
v 0 0.5 0.6
v 0 0.5 0.5
v 0 0.5 0.4
v 0 0.5 -0.4
v 0 0.5 -0.5
v 0 0.5 -0.6
v 0 0.5 -0.7
v 0 0.6 0.2
v 0 0.6 0.1
v 0 0.6 -0.1
v 0 0.6 -0.2
v 0 0.7 0.2
v 0 0.7 0.1
v 0 0.7 -0.1
v 0 0.7 -0.2
v 0 0.8 0.1
v 0 0.8 -0.1
v 0 0.9 0.7
v 0 0.9 0.6
v 0 0.9 0.5
v 0 0.9 0.4
v 0 0.9 -0.4
v 0 0.9 -0.5
v 0 0.9 -0.6
v 0 0.9 -0.7
v 0 1.1 0.6
v 0 1.1 0.5
v 0 1.1 0.4
v 0 1.1 0.3
v 0 1.1 -0.3
v 0 1.1 -0.4
v 0 1.1 -0.5
v 0 1.1 -0.6
v 0 1.2 0.5
v 0 1.2 0.4
v 0 1.2 0.3
v 0 1.2 -0.3
v 0 1.2 -0.4
v 0 1.2 -0.5
v 0 1.3 0.6
v 0 1.3 0.5
v 0 1.3 0.4
v 0 1.3 0.3
v 0 1.3 -0.3
v 0 1.3 -0.4
v 0 1.4 0.6
v 0 1.4 0.5
v 0 1.4 0.3
v 0 1.4 -0.3
v 0 1.4 -0.5
v 0 1.4 -0.6
v 0 1.5 -0.5
v 0 1.5 -0.6
v 0 1.8 0.6
v 0 1.8 0.5
v 0 1.8 -0.5
v 0 1.8 -0.6
v 0 1.9 0.6
v 0 1.9 0.5
v 0 1.9 -0.5
v 0 1.9 -0.6
v 0.1 2.4 0.5
v 0.1 2.4 0.4
v 0.1 2.6 0.5
v 0.1 2.6 0.4
v 0.2 0.5 0.1
v 0.2 0.5 -0.1
v 0.2 0.6 0.1
v 0.2 0.6 -0.1
v 0.2 0.7 0.2
v 0.2 0.7 0.1
v 0.2 0.7 -0.1
v 0.2 0.7 -0.2
v 0.2 0.8 0.2
v 0.2 0.8 0.1
v 0.2 0.8 -0.1
v 0.2 0.8 -0.2
v 0.2 1.2 0.1
v 0.2 1.2 -0.1
v 0.2 1.3 0.1
v 0.2 1.3 -0.1
v 0.2 1.5 0.1
v 0.2 1.5 -0.1
v 0.2 2.6 0.5
v 0.2 2.6 0.4
v 0.2 2.8 0.5
v 0.2 2.8 0.4
v 0.3 0.8 0.2
v 0.3 0.8 0.1
v 0.3 0.8 -0.1
v 0.3 0.8 -0.2
v 0.3 0.9 0.2
v 0.3 0.9 0.1
v 0.3 0.9 -0.1
v 0.3 0.9 -0.2
v 0.3 1.4 0.4
v 0.3 1.4 0.3
v 0.3 1.4 -0.3
v 0.3 1.4 -0.4
v 0.3 1.6 0.4
v 0.3 1.6 0.3
v 0.3 1.6 -0.3
v 0.3 1.6 -0.4
v 0.3 2.8 0.5
v 0.3 2.8 0.4
v 0.3 3 0.5
v 0.3 3 0.4
v 0.4 1.4 0.3
v 0.4 1.4 0.2
v 0.4 1.4 -0.2
v 0.4 1.4 -0.3
v 0.4 1.6 0.3
v 0.4 1.6 0.2
v 0.4 1.6 -0.2
v 0.4 1.6 -0.3
v 0.5 1.3 0.1
v 0.5 1.3 -0.1
v 0.5 1.6 0.1
v 0.5 1.6 -0.1
v 0.6 2.9 0.3
v 0.6 2.9 -0.3
v 0.6 3 0.3
v 0.6 3 -0.3
v 0.7 1.4 0.1
v 0.7 1.4 0
v 0.7 1.7 0.1
v 0.7 1.7 0
v 0.7 1.7 -0.1
v 0.7 1.9 0.1
v 0.7 1.9 0
v 0.7 2 0
v 0.7 2 -0.1
v 0.7 2.8 0.3
v 0.7 2.8 -0.3
v 0.7 2.9 0.3
v 0.7 2.9 -0.3
v 0.8 1.4 -0.1
v 0.8 1.4 -0.2
v 0.8 1.6 0
v 0.8 1.6 -0.1
v 0.8 1.7 0.2
v 0.8 1.7 0.1
v 0.8 1.7 0
v 0.8 1.7 -0.1
v 0.8 1.7 -0.2
v 0.8 1.9 0.2
v 0.8 1.9 0.1
v 0.8 1.9 0
v 0.8 2 0
v 0.8 2 -0.1
v 0.8 2 -0.2
v 0.8 2.4 0.1
v 0.8 2.4 -0.1
v 0.8 2.5 0.4
v 0.8 2.5 0.3
v 0.8 2.5 -0.3
v 0.8 2.5 -0.4
v 0.8 2.6 0.4
v 0.8 2.6 0.3
v 0.8 2.6 -0.3
v 0.8 2.6 -0.4
v 0.8 2.7 0.3
v 0.8 2.7 -0.3
v 0.8 2.8 0.3
v 0.8 2.8 -0.3
v 0.9 1.4 0.2
v 0.9 1.4 0.1
v 0.9 1.6 0.1
v 0.9 1.7 0.2
v 0.9 1.7 0.1
v 0.9 1.9 0.2
v 0.9 1.9 0.1
v 0.9 2 0.2
v 0.9 2 0.1
v 1 1.4 0
v 1 1.4 -0.1
v 1 1.6 0
v 1 1.6 -0.1
v 1 2.4 0.2
v 1 2.4 0.1
v 1 2.4 -0.1
v 1 2.4 -0.2
v 1 2.5 0.3
v 1 2.5 0.2
v 1 2.5 -0.2
v 1 2.5 -0.3
v 1 2.6 0.3
v 1 2.6 0.1
v 1 2.6 -0.1
v 1 2.6 -0.3
v -0.9 1.4 0
v -0.9 1.4 -0.1
v -0.9 1.6 0
v -0.9 1.6 -0.1
v -0.9 2.4 0.2
v -0.9 2.4 0.1
v -0.9 2.4 -0.1
v -0.9 2.4 -0.2
v -0.9 2.5 0.3
v -0.9 2.5 0.2
v -0.9 2.5 -0.2
v -0.9 2.5 -0.3
v -0.9 2.6 0.3
v -0.9 2.6 0.1
v -0.9 2.6 -0.1
v -0.9 2.6 -0.3
v -0.8 1.4 0.2
v -0.8 1.4 0.1
v -0.8 1.6 0.1
v -0.8 1.7 0.2
v -0.8 1.7 0.1
v -0.8 1.9 0.2
v -0.8 1.9 0.1
v -0.8 2 0.2
v -0.8 2 0.1
v -0.7 1.4 -0.1
v -0.7 1.4 -0.2
v -0.7 1.6 0
v -0.7 1.6 -0.1
v -0.7 1.7 0.2
v -0.7 1.7 0.1
v -0.7 1.7 0
v -0.7 1.7 -0.1
v -0.7 1.7 -0.2
v -0.7 1.9 0.2
v -0.7 1.9 0.1
v -0.7 1.9 0
v -0.7 2 0
v -0.7 2 -0.1
v -0.7 2 -0.2
v -0.7 2.4 0.1
v -0.7 2.4 -0.1
v -0.7 2.5 0.4
v -0.7 2.5 0.3
v -0.7 2.5 -0.3
v -0.7 2.5 -0.4
v -0.7 2.6 0.4
v -0.7 2.6 0.3
v -0.7 2.6 -0.3
v -0.7 2.6 -0.4
v -0.7 2.7 0.3
v -0.7 2.7 -0.3
v -0.7 2.8 0.3
v -0.7 2.8 -0.3
v -0.6 1.4 0.1
v -0.6 1.4 0
v -0.6 1.7 0.1
v -0.6 1.7 0
v -0.6 1.7 -0.1
v -0.6 1.9 0.1
v -0.6 1.9 0
v -0.6 2 0
v -0.6 2 -0.1
v -0.6 2.8 0.3
v -0.6 2.8 -0.3
v -0.6 2.9 0.3
v -0.6 2.9 -0.3
v -0.5 2.9 0.3
v -0.5 2.9 -0.3
v -0.5 3 0.3
v -0.5 3 -0.3
v -0.4 1.3 0.1
v -0.4 1.3 -0.1
v -0.4 1.6 0.1
v -0.4 1.6 -0.1
v -0.3 1.4 0.3
v -0.3 1.4 0.2
v -0.3 1.4 -0.2
v -0.3 1.4 -0.3
v -0.3 1.6 0.3
v -0.3 1.6 0.2
v -0.3 1.6 -0.2
v -0.3 1.6 -0.3
v -0.2 0.8 0.2
v -0.2 0.8 0.1
v -0.2 0.8 -0.1
v -0.2 0.8 -0.2
v -0.2 0.9 0.2
v -0.2 0.9 0.1
v -0.2 0.9 -0.1
v -0.2 0.9 -0.2
v -0.2 1.4 0.4
v -0.2 1.4 0.3
v -0.2 1.4 -0.3
v -0.2 1.4 -0.4
v -0.2 1.6 0.4
v -0.2 1.6 0.3
v -0.2 1.6 -0.3
v -0.2 1.6 -0.4
v -0.2 2.8 0.5
v -0.2 2.8 0.4
v -0.2 3 0.5
v -0.2 3 0.4
v -0.1 0.5 0.1
v -0.1 0.5 -0.1
v -0.1 0.6 0.1
v -0.1 0.6 -0.1
v -0.1 0.7 0.2
v -0.1 0.7 0.1
v -0.1 0.7 -0.1
v -0.1 0.7 -0.2
v -0.1 0.8 0.2
v -0.1 0.8 0.1
v -0.1 0.8 -0.1
v -0.1 0.8 -0.2
v -0.1 1.2 0.1
v -0.1 1.2 -0.1
v -0.1 1.3 0.1
v -0.1 1.3 -0.1
v -0.1 1.5 0.1
v -0.1 1.5 -0.1
v -0.1 2.6 0.5
v -0.1 2.6 0.4
v -0.1 2.8 0.5
v -0.1 2.8 0.4
v 0 2.4 0.5
v 0 2.4 0.4
v 0 2.6 0.5
v 0 2.6 0.4
v 0.1 0 0.2
v 0.1 0 -0.2
v 0.1 0.1 0.4
v 0.1 0.1 0.2
v 0.1 0.1 -0.2
v 0.1 0.1 -0.4
v 0.1 0.2 0.5
v 0.1 0.2 0.4
v 0.1 0.2 0.2
v 0.1 0.2 -0.2
v 0.1 0.2 -0.4
v 0.1 0.2 -0.5
v 0.1 0.3 0.6
v 0.1 0.3 0.5
v 0.1 0.3 0.4
v 0.1 0.3 0.2
v 0.1 0.3 -0.2
v 0.1 0.3 -0.4
v 0.1 0.3 -0.5
v 0.1 0.3 -0.6
v 0.1 0.5 0.7
v 0.1 0.5 0.6
v 0.1 0.5 0.5
v 0.1 0.5 0.4
v 0.1 0.5 -0.4
v 0.1 0.5 -0.5
v 0.1 0.5 -0.6
v 0.1 0.5 -0.7
v 0.1 0.6 0.2
v 0.1 0.6 0.1
v 0.1 0.6 -0.1
v 0.1 0.6 -0.2
v 0.1 0.7 0.2
v 0.1 0.7 0.1
v 0.1 0.7 -0.1
v 0.1 0.7 -0.2
v 0.1 0.8 0.1
v 0.1 0.8 -0.1
v 0.1 0.9 0.7
v 0.1 0.9 0.6
v 0.1 0.9 0.5
v 0.1 0.9 0.4
v 0.1 0.9 -0.4
v 0.1 0.9 -0.5
v 0.1 0.9 -0.6
v 0.1 0.9 -0.7
v 0.1 1.1 0.6
v 0.1 1.1 0.5
v 0.1 1.1 0.4
v 0.1 1.1 0.3
v 0.1 1.1 -0.3
v 0.1 1.1 -0.4
v 0.1 1.1 -0.5
v 0.1 1.1 -0.6
v 0.1 1.2 0.5
v 0.1 1.2 0.4
v 0.1 1.2 0.3
v 0.1 1.2 -0.3
v 0.1 1.2 -0.4
v 0.1 1.2 -0.5
v 0.1 1.3 0.6
v 0.1 1.3 0.5
v 0.1 1.3 0.4
v 0.1 1.3 0.3
v 0.1 1.3 -0.3
v 0.1 1.3 -0.4
v 0.1 1.4 0.6
v 0.1 1.4 0.5
v 0.1 1.4 0.3
v 0.1 1.4 -0.3
v 0.1 1.4 -0.5
v 0.1 1.4 -0.6
v 0.1 1.5 -0.5
v 0.1 1.5 -0.6
v 0.1 1.8 0.6
v 0.1 1.8 0.5
v 0.1 1.8 -0.5
v 0.1 1.8 -0.6
v 0.1 1.9 0.6
v 0.1 1.9 0.5
v 0.1 1.9 -0.5
v 0.1 1.9 -0.6
v 0.2 0.1 0.2
v 0.2 0.1 -0.2
v 0.2 0.2 0.4
v 0.2 0.2 0.2
v 0.2 0.2 -0.2
v 0.2 0.2 -0.4
v 0.2 0.3 0.5
v 0.2 0.3 0.4
v 0.2 0.3 0.2
v 0.2 0.3 -0.2
v 0.2 0.3 -0.4
v 0.2 0.3 -0.5
v 0.2 0.5 0.6
v 0.2 0.5 0.5
v 0.2 0.5 0.4
v 0.2 0.5 -0.4
v 0.2 0.5 -0.5
v 0.2 0.5 -0.6
v 0.2 0.9 0.6
v 0.2 0.9 0.5
v 0.2 0.9 0.4
v 0.2 0.9 -0.4
v 0.2 0.9 -0.5
v 0.2 0.9 -0.6
v 0.2 1.1 0.5
v 0.2 1.1 0.4
v 0.2 1.1 0.3
v 0.2 1.1 -0.3
v 0.2 1.1 -0.4
v 0.2 1.1 -0.5
v 0.2 1.2 0.4
v 0.2 1.2 0.3
v 0.2 1.2 0.1
v 0.2 1.2 -0.1
v 0.2 1.2 -0.3
v 0.2 1.2 -0.4
v 0.2 1.3 0.3
v 0.2 1.3 0.1
v 0.2 1.3 -0.1
v 0.2 1.3 -0.3
v 0.2 1.4 0.6
v 0.2 1.4 0.5
v 0.2 1.5 -0.5
v 0.2 1.5 -0.6
v 0.2 1.6 0.5
v 0.2 1.6 -0.5
v 0.2 1.8 0.6
v 0.2 1.8 0.5
v 0.2 1.8 -0.5
v 0.2 1.8 -0.6
v 0.3 0.6 0.2
v 0.3 0.6 0.1
v 0.3 0.6 -0.1
v 0.3 0.6 -0.2
v 0.3 0.7 0.2
v 0.3 0.7 0.1
v 0.3 0.7 -0.1
v 0.3 0.7 -0.2
v 0.3 1.6 0.5
v 0.3 1.6 0.4
v 0.3 1.6 -0.4
v 0.3 1.6 -0.5
v 0.3 1.8 0.4
v 0.3 1.9 0.5
v 0.3 1.9 0.4
v 0.3 1.9 -0.4
v 0.3 1.9 -0.5
v 0.3 2 0.5
v 0.3 2 0.4
v 0.3 2 -0.4
v 0.3 2 -0.5
v 0.3 3.1 0.5
v 0.3 3.1 0.4
v 0.3 3.2 0.5
v 0.3 3.2 0.4
v 0.4 0.5 0.1
v 0.4 0.5 -0.1
v 0.4 0.6 0.1
v 0.4 0.6 -0.1
v 0.4 0.7 0.2
v 0.4 0.7 0.1
v 0.4 0.7 -0.1
v 0.4 0.7 -0.2
v 0.4 0.9 0.2
v 0.4 0.9 0.1
v 0.4 0.9 -0.1
v 0.4 0.9 -0.2
v 0.4 1.4 0.4
v 0.4 1.4 0.3
v 0.4 1.4 -0.3
v 0.4 1.4 -0.4
v 0.4 1.5 0.1
v 0.4 1.5 -0.1
v 0.4 1.8 0.4
v 0.4 1.8 0.3
v 0.4 1.8 -0.3
v 0.4 1.9 0.3
v 0.4 1.9 -0.3
v 0.4 1.9 -0.4
v 0.4 2 0.5
v 0.4 2 0.4
v 0.4 2 0.3
v 0.4 2 -0.3
v 0.4 2 -0.4
v 0.4 2 -0.5
v 0.4 2.2 0.5
v 0.4 2.2 0.4
v 0.4 2.2 -0.4
v 0.4 2.2 -0.5
v 0.4 3 0.5
v 0.4 3 0.4
v 0.4 3 -0.4
v 0.4 3 -0.5
v 0.4 3.1 0.5
v 0.4 3.1 0.4
v 0.4 3.1 0.3
v 0.4 3.1 -0.3
v 0.4 3.1 -0.4
v 0.4 3.1 -0.5
v 0.4 3.2 0.4
v 0.4 3.2 0.3
v 0.4 3.2 -0.3
v 0.4 3.2 -0.4
v 0.5 0.6 0.1
v 0.5 0.6 -0.1
v 0.5 0.9 0.1
v 0.5 0.9 -0.1
v 0.5 1.4 0.3
v 0.5 1.4 0.2
v 0.5 1.4 -0.2
v 0.5 1.4 -0.3
v 0.5 1.6 0.2
v 0.5 1.6 -0.2
v 0.5 1.8 -0.2
v 0.5 1.8 -0.3
v 0.5 1.9 0.3
v 0.5 1.9 0.2
v 0.5 1.9 -0.2
v 0.5 2 0.4
v 0.5 2 0.3
v 0.5 2 0.2
v 0.5 2 -0.2
v 0.5 2 -0.3
v 0.5 2 -0.4
v 0.5 2.2 0.5
v 0.5 2.2 0.4
v 0.5 2.2 0.3
v 0.5 2.2 -0.3
v 0.5 2.2 -0.4
v 0.5 2.2 -0.5
v 0.5 2.4 0.5
v 0.5 2.4 0.4
v 0.5 2.4 -0.4
v 0.5 2.4 -0.5
v 0.5 2.9 0.5
v 0.5 2.9 0.4
v 0.5 2.9 0.3
v 0.5 2.9 -0.3
v 0.5 2.9 -0.4
v 0.5 2.9 -0.5
v 0.5 3 0.5
v 0.5 3 0.4
v 0.5 3 0.3
v 0.5 3 -0.3
v 0.5 3 -0.4
v 0.5 3 -0.5
v 0.5 3.1 0.4
v 0.5 3.1 0.3
v 0.5 3.1 -0.3
v 0.5 3.1 -0.4
v 0.5 3.2 0.3
v 0.5 3.2 -0.3
v 0.6 1.3 0.1
v 0.6 1.3 -0.1
v 0.6 1.6 0.2
v 0.6 1.6 0.1
v 0.6 1.6 -0.1
v 0.6 1.6 -0.2
v 0.6 1.9 0.2
v 0.6 1.9 0.1
v 0.6 1.9 -0.1
v 0.6 1.9 -0.2
v 0.6 2 0.3
v 0.6 2 0.2
v 0.6 2 0.1
v 0.6 2 -0.1
v 0.6 2 -0.2
v 0.6 2 -0.3
v 0.6 2.1 0.3
v 0.6 2.1 -0.3
v 0.6 2.2 0.4
v 0.6 2.2 0.3
v 0.6 2.2 -0.3
v 0.6 2.2 -0.4
v 0.6 2.4 0.5
v 0.6 2.4 0.4
v 0.6 2.4 0.3
v 0.6 2.4 -0.3
v 0.6 2.4 -0.4
v 0.6 2.4 -0.5
v 0.6 2.7 0.4
v 0.6 2.7 -0.4
v 0.6 2.8 0.3
v 0.6 2.8 -0.3
v 0.6 2.9 0.5
v 0.6 2.9 0.4
v 0.6 2.9 0.3
v 0.6 2.9 -0.3
v 0.6 2.9 -0.4
v 0.6 2.9 -0.5
v 0.6 3 0.4
v 0.6 3 0.3
v 0.6 3 0.2
v 0.6 3 -0.2
v 0.6 3 -0.3
v 0.6 3 -0.4
v 0.6 3.1 0.3
v 0.6 3.1 0.2
v 0.6 3.1 -0.2
v 0.6 3.1 -0.3
v 0.7 2.1 0.3
v 0.7 2.1 -0.3
v 0.7 2.4 0.4
v 0.7 2.4 0.3
v 0.7 2.4 -0.3
v 0.7 2.4 -0.4
v 0.7 2.6 0.4
v 0.7 2.6 0.3
v 0.7 2.6 -0.3
v 0.7 2.6 -0.4
v 0.7 2.7 0.3
v 0.7 2.7 -0.3
v 0.7 2.8 0.3
v 0.7 2.8 -0.3
v 0.8 1.4 0.1
v 0.8 1.4 0
v 0.8 1.6 0.1
v 0.8 1.6 0
v 0.8 2.4 0.3
v 0.8 2.4 0.1
v 0.8 2.4 -0.1
v 0.8 2.4 -0.3
v 0.8 2.5 0.3
v 0.8 2.5 -0.3
v 0.8 2.6 0.3
v 0.8 2.6 0.1
v 0.8 2.6 -0.1
v 0.8 2.6 -0.3
v 0.9 1.4 -0.1
v 0.9 1.4 -0.2
v 0.9 1.6 -0.1
v 0.9 1.7 -0.1
v 0.9 1.7 -0.2
v 0.9 1.9 -0.1
v 0.9 1.9 -0.2
v 0.9 2 -0.1
v 0.9 2 -0.2
v 1 1.4 0.2
v 1 1.4 0.1
v 1 1.6 0.1
v 1 1.6 0
v 1 1.7 0.2
v 1 1.7 0.1
v 1 1.7 0
v 1 1.7 -0.1
v 1 1.7 -0.2
v 1 1.9 0.1
v 1 1.9 0
v 1 1.9 -0.1
v 1 1.9 -0.2
v 1 2 0.2
v 1 2 0.1
v 1 2 0
v 1 2 -0.1
v 1 2.4 0.1
v 1 2.4 -0.1
v 1 2.5 0.4
v 1 2.5 0.3
v 1 2.5 -0.3
v 1 2.5 -0.4
v 1 2.6 0.4
v 1 2.6 0.3
v 1 2.6 -0.3
v 1 2.6 -0.4
v 1 2.8 0.4
v 1 2.8 0.3
v 1 2.8 -0.3
v 1 2.8 -0.4
v 1 2.9 0.4
v 1 2.9 0.3
v 1 2.9 0.2
v 1 2.9 -0.2
v 1 2.9 -0.3
v 1 2.9 -0.4
v 1 3 0.3
v 1 3 0.2
v 1 3 -0.2
v 1 3 -0.3
v 1 3.1 0.2
v 1 3.1 -0.2
v 1.1 1.4 0
v 1.1 1.4 -0.1
v 1.1 1.7 0.1
v 1.1 1.7 0
v 1.1 1.7 -0.1
v 1.1 1.9 0.1
v 1.1 1.9 0
v 1.1 2 0
v 1.1 2 -0.1
v 1.1 2.4 0.2
v 1.1 2.4 -0.2
v 1.1 2.5 0.3
v 1.1 2.5 0.2
v 1.1 2.5 -0.2
v 1.1 2.5 -0.3
v 1.1 2.6 0.4
v 1.1 2.6 0.3
v 1.1 2.6 0.2
v 1.1 2.6 -0.2
v 1.1 2.6 -0.3
v 1.1 2.6 -0.4
v 1.1 2.8 0.4
v 1.1 2.8 0.3
v 1.1 2.8 0.2
v 1.1 2.8 -0.2
v 1.1 2.8 -0.3
v 1.1 2.8 -0.4
v 1.1 2.9 0.3
v 1.1 2.9 0.2
v 1.1 2.9 -0.2
v 1.1 2.9 -0.3
v 1.1 3 0.2
v 1.1 3 -0.2
v 1.2 2.5 0.2
v 1.2 2.5 -0.2
v 1.2 2.6 0.3
v 1.2 2.6 0.2
v 1.2 2.6 -0.2
v 1.2 2.6 -0.3
v 1.2 2.8 0.3
v 1.2 2.8 0.2
v 1.2 2.8 -0.2
v 1.2 2.8 -0.3
v 1.2 2.9 0.2
v 1.2 2.9 -0.2
v 0 0.5 0.7
v 0 0.9 0.7
v 0.1 0.5 0.7
v 0.1 0.9 0.7
v -0.1 0.5 0.6
v -0.1 0.9 0.6
v -0.1 1.4 0.6
v -0.1 1.8 0.6
v 0 0.3 0.6
v 0 0.5 0.6
v 0 0.9 0.6
v 0 1.1 0.6
v 0 1.3 0.6
v 0 1.4 0.6
v 0 1.8 0.6
v 0 1.9 0.6
v 0.1 0.3 0.6
v 0.1 0.5 0.6
v 0.1 0.9 0.6
v 0.1 1.1 0.6
v 0.1 1.3 0.6
v 0.1 1.4 0.6
v 0.1 1.8 0.6
v 0.1 1.9 0.6
v 0.2 0.5 0.6
v 0.2 0.9 0.6
v 0.2 1.4 0.6
v 0.2 1.8 0.6
v -0.5 2.4 0.5
v -0.5 2.9 0.5
v -0.4 2.2 0.5
v -0.4 2.4 0.5
v -0.4 2.9 0.5
v -0.4 3 0.5
v -0.3 2 0.5
v -0.3 2.2 0.5
v -0.3 2.8 0.5
v -0.3 3 0.5
v -0.3 3.1 0.5
v -0.2 1.6 0.5
v -0.2 1.9 0.5
v -0.2 2 0.5
v -0.2 2.6 0.5
v -0.2 2.8 0.5
v -0.2 3 0.5
v -0.2 3.1 0.5
v -0.2 3.2 0.5
v -0.1 0.3 0.5
v -0.1 0.5 0.5
v -0.1 0.9 0.5
v -0.1 1.1 0.5
v -0.1 1.6 0.5
v -0.1 1.8 0.5
v -0.1 1.9 0.5
v -0.1 2.4 0.5
v -0.1 2.6 0.5
v -0.1 2.8 0.5
v 0 0.2 0.5
v 0 0.3 0.5
v 0 0.5 0.5
v 0 0.9 0.5
v 0 1.1 0.5
v 0 1.2 0.5
v 0 1.8 0.5
v 0 1.9 0.5
v 0 2.3 0.5
v 0 2.4 0.5
v 0 2.6 0.5
v 0.1 0.2 0.5
v 0.1 0.3 0.5
v 0.1 0.5 0.5
v 0.1 0.9 0.5
v 0.1 1.1 0.5
v 0.1 1.2 0.5
v 0.1 1.8 0.5
v 0.1 1.9 0.5
v 0.1 2.3 0.5
v 0.1 2.4 0.5
v 0.1 2.6 0.5
v 0.2 0.3 0.5
v 0.2 0.5 0.5
v 0.2 0.9 0.5
v 0.2 1.1 0.5
v 0.2 1.6 0.5
v 0.2 1.8 0.5
v 0.2 1.9 0.5
v 0.2 2.4 0.5
v 0.2 2.6 0.5
v 0.2 2.8 0.5
v 0.3 1.6 0.5
v 0.3 1.9 0.5
v 0.3 2 0.5
v 0.3 2.6 0.5
v 0.3 2.8 0.5
v 0.3 3 0.5
v 0.3 3.1 0.5
v 0.3 3.2 0.5
v 0.4 2 0.5
v 0.4 2.2 0.5
v 0.4 2.8 0.5
v 0.4 3 0.5
v 0.4 3.1 0.5
v 0.5 2.2 0.5
v 0.5 2.4 0.5
v 0.5 2.9 0.5
v 0.5 3 0.5
v 0.6 2.4 0.5
v 0.6 2.9 0.5
v -1 2.6 0.4
v -1 2.8 0.4
v -0.9 2.5 0.4
v -0.9 2.6 0.4
v -0.9 2.8 0.4
v -0.9 2.9 0.4
v -0.7 2.5 0.4
v -0.7 2.6 0.4
v -0.6 2.4 0.4
v -0.6 2.6 0.4
v -0.6 2.7 0.4
v -0.5 2.2 0.4
v -0.5 2.4 0.4
v -0.5 2.7 0.4
v -0.5 2.9 0.4
v -0.5 3 0.4
v -0.4 2 0.4
v -0.4 2.2 0.4
v -0.4 2.4 0.4
v -0.4 2.9 0.4
v -0.4 3 0.4
v -0.4 3.1 0.4
v -0.3 1.4 0.4
v -0.3 1.8 0.4
v -0.3 2 0.4
v -0.3 2.2 0.4
v -0.3 3 0.4
v -0.3 3.1 0.4
v -0.3 3.2 0.4
v -0.2 1.4 0.4
v -0.2 1.6 0.4
v -0.2 1.8 0.4
v -0.2 1.9 0.4
v -0.2 2 0.4
v -0.2 2.8 0.4
v -0.2 3 0.4
v -0.2 3.1 0.4
v -0.2 3.2 0.4
v -0.1 0.2 0.4
v -0.1 0.3 0.4
v -0.1 1.1 0.4
v -0.1 1.2 0.4
v -0.1 2.6 0.4
v -0.1 2.8 0.4
v 0 0.1 0.4
v 0 0.2 0.4
v 0 0.3 0.4
v 0 1.1 0.4
v 0 1.2 0.4
v 0 1.3 0.4
v 0 2.4 0.4
v 0 2.6 0.4
v 0.1 0.1 0.4
v 0.1 0.2 0.4
v 0.1 0.3 0.4
v 0.1 1.1 0.4
v 0.1 1.2 0.4
v 0.1 1.3 0.4
v 0.1 2.4 0.4
v 0.1 2.6 0.4
v 0.2 0.2 0.4
v 0.2 0.3 0.4
v 0.2 1.1 0.4
v 0.2 1.2 0.4
v 0.2 2.6 0.4
v 0.2 2.8 0.4
v 0.3 1.4 0.4
v 0.3 1.6 0.4
v 0.3 1.8 0.4
v 0.3 1.9 0.4
v 0.3 2 0.4
v 0.3 2.8 0.4
v 0.3 3 0.4
v 0.3 3.1 0.4
v 0.3 3.2 0.4
v 0.4 1.4 0.4
v 0.4 1.8 0.4
v 0.4 2 0.4
v 0.4 2.2 0.4
v 0.4 3 0.4
v 0.4 3.1 0.4
v 0.4 3.2 0.4
v 0.5 2 0.4
v 0.5 2.2 0.4
v 0.5 2.4 0.4
v 0.5 2.9 0.4
v 0.5 3 0.4
v 0.5 3.1 0.4
v 0.6 2.2 0.4
v 0.6 2.4 0.4
v 0.6 2.7 0.4
v 0.6 2.9 0.4
v 0.6 3 0.4
v 0.7 2.4 0.4
v 0.7 2.6 0.4
v 0.7 2.7 0.4
v 0.8 2.5 0.4
v 0.8 2.6 0.4
v 1 2.5 0.4
v 1 2.6 0.4
v 1 2.8 0.4
v 1 2.9 0.4
v 1.1 2.6 0.4
v 1.1 2.8 0.4
v -1.1 2.6 0.3
v -1.1 2.8 0.3
v -1 2.5 0.3
v -1 2.6 0.3
v -1 2.8 0.3
v -1 2.9 0.3
v -0.9 2.5 0.3
v -0.9 2.6 0.3
v -0.9 2.8 0.3
v -0.9 2.9 0.3
v -0.9 3 0.3
v -0.7 2.4 0.3
v -0.7 2.5 0.3
v -0.7 2.6 0.3
v -0.6 2.1 0.3
v -0.6 2.4 0.3
v -0.6 2.6 0.3
v -0.5 2 0.3
v -0.5 2.1 0.3
v -0.5 2.2 0.3
v -0.5 2.4 0.3
v -0.5 2.9 0.3
v -0.5 3 0.3
v -0.5 3.1 0.3
v -0.4 1.4 0.3
v -0.4 1.9 0.3
v -0.4 2 0.3
v -0.4 2.2 0.3
v -0.4 3 0.3
v -0.4 3.1 0.3
v -0.4 3.2 0.3
v -0.3 1.4 0.3
v -0.3 1.8 0.3
v -0.3 1.9 0.3
v -0.3 2 0.3
v -0.3 3.1 0.3
v -0.3 3.2 0.3
v -0.1 1.2 0.3
v -0.1 1.3 0.3
v 0 1.2 0.3
v 0 1.3 0.3
v 0 1.4 0.3
v 0.1 1.2 0.3
v 0.1 1.3 0.3
v 0.1 1.4 0.3
v 0.2 1.2 0.3
v 0.2 1.3 0.3
v 0.4 1.4 0.3
v 0.4 1.8 0.3
v 0.4 1.9 0.3
v 0.4 2 0.3
v 0.4 3.1 0.3
v 0.4 3.2 0.3
v 0.5 1.4 0.3
v 0.5 1.9 0.3
v 0.5 2 0.3
v 0.5 2.2 0.3
v 0.5 3 0.3
v 0.5 3.1 0.3
v 0.5 3.2 0.3
v 0.6 2 0.3
v 0.6 2.1 0.3
v 0.6 2.2 0.3
v 0.6 2.4 0.3
v 0.6 2.9 0.3
v 0.6 3 0.3
v 0.6 3.1 0.3
v 0.7 2.1 0.3
v 0.7 2.4 0.3
v 0.7 2.6 0.3
v 0.8 2.4 0.3
v 0.8 2.5 0.3
v 0.8 2.6 0.3
v 1 2.5 0.3
v 1 2.6 0.3
v 1 2.8 0.3
v 1 2.9 0.3
v 1 3 0.3
v 1.1 2.5 0.3
v 1.1 2.6 0.3
v 1.1 2.8 0.3
v 1.1 2.9 0.3
v 1.2 2.6 0.3
v 1.2 2.8 0.3
v -1.1 2.5 0.2
v -1.1 2.6 0.2
v -1.1 2.8 0.2
v -1.1 2.9 0.2
v -1 2.4 0.2
v -1 2.5 0.2
v -1 2.6 0.2
v -1 2.8 0.2
v -1 2.9 0.2
v -1 3 0.2
v -0.9 1.4 0.2
v -0.9 1.7 0.2
v -0.9 2 0.2
v -0.9 2.4 0.2
v -0.9 2.5 0.2
v -0.9 2.9 0.2
v -0.9 3 0.2
v -0.9 3.1 0.2
v -0.8 1.4 0.2
v -0.8 1.7 0.2
v -0.8 1.9 0.2
v -0.8 2 0.2
v -0.7 1.7 0.2
v -0.7 1.9 0.2
v -0.5 1.6 0.2
v -0.5 1.9 0.2
v -0.5 2 0.2
v -0.5 3 0.2
v -0.5 3.1 0.2
v -0.4 1.6 0.2
v -0.4 1.9 0.2
v -0.4 2 0.2
v -0.3 0.7 0.2
v -0.3 0.9 0.2
v -0.2 0.6 0.2
v -0.2 0.7 0.2
v -0.2 0.8 0.2
v -0.2 0.9 0.2
v -0.1 0.1 0.2
v -0.1 0.2 0.2
v -0.1 0.7 0.2
v -0.1 0.8 0.2
v 0 0 0.2
v 0 0.1 0.2
v 0 0.2 0.2
v 0 0.6 0.2
v 0 0.7 0.2
v 0.1 0 0.2
v 0.1 0.1 0.2
v 0.1 0.2 0.2
v 0.1 0.6 0.2
v 0.1 0.7 0.2
v 0.2 0.1 0.2
v 0.2 0.2 0.2
v 0.2 0.7 0.2
v 0.2 0.8 0.2
v 0.3 0.6 0.2
v 0.3 0.7 0.2
v 0.3 0.8 0.2
v 0.3 0.9 0.2
v 0.4 0.7 0.2
v 0.4 0.9 0.2
v 0.5 1.6 0.2
v 0.5 1.9 0.2
v 0.5 2 0.2
v 0.6 1.6 0.2
v 0.6 1.9 0.2
v 0.6 2 0.2
v 0.6 3 0.2
v 0.6 3.1 0.2
v 0.8 1.7 0.2
v 0.8 1.9 0.2
v 0.9 1.4 0.2
v 0.9 1.7 0.2
v 0.9 1.9 0.2
v 0.9 2 0.2
v 1 1.4 0.2
v 1 1.7 0.2
v 1 2 0.2
v 1 2.4 0.2
v 1 2.5 0.2
v 1 2.9 0.2
v 1 3 0.2
v 1 3.1 0.2
v 1.1 2.4 0.2
v 1.1 2.5 0.2
v 1.1 2.6 0.2
v 1.1 2.8 0.2
v 1.1 2.9 0.2
v 1.1 3 0.2
v 1.2 2.5 0.2
v 1.2 2.6 0.2
v 1.2 2.8 0.2
v 1.2 2.9 0.2
v -1 1.7 0.1
v -1 1.9 0.1
v -0.9 1.7 0.1
v -0.9 1.9 0.1
v -0.9 2 0.1
v -0.9 2.4 0.1
v -0.9 2.6 0.1
v -0.8 1.6 0.1
v -0.8 1.7 0.1
v -0.8 1.9 0.1
v -0.8 2 0.1
v -0.7 1.4 0.1
v -0.7 1.6 0.1
v -0.7 1.7 0.1
v -0.7 1.9 0.1
v -0.7 2.4 0.1
v -0.7 2.6 0.1
v -0.6 1.4 0.1
v -0.6 1.7 0.1
v -0.6 1.9 0.1
v -0.5 1.3 0.1
v -0.5 1.6 0.1
v -0.4 0.6 0.1
v -0.4 0.9 0.1
v -0.4 1.3 0.1
v -0.4 1.6 0.1
v -0.3 0.5 0.1
v -0.3 0.6 0.1
v -0.3 0.7 0.1
v -0.3 0.9 0.1
v -0.3 1.5 0.1
v -0.2 0.6 0.1
v -0.2 0.7 0.1
v -0.2 0.8 0.1
v -0.2 0.9 0.1
v -0.1 0.5 0.1
v -0.1 0.6 0.1
v -0.1 0.7 0.1
v -0.1 0.8 0.1
v -0.1 1.2 0.1
v -0.1 1.3 0.1
v -0.1 1.5 0.1
v 0 0.7 0.1
v 0 0.8 0.1
v 0.1 0.7 0.1
v 0.1 0.8 0.1
v 0.2 0.5 0.1
v 0.2 0.6 0.1
v 0.2 0.7 0.1
v 0.2 0.8 0.1
v 0.2 1.2 0.1
v 0.2 1.3 0.1
v 0.2 1.5 0.1
v 0.3 0.6 0.1
v 0.3 0.7 0.1
v 0.3 0.8 0.1
v 0.3 0.9 0.1
v 0.4 0.5 0.1
v 0.4 0.6 0.1
v 0.4 0.7 0.1
v 0.4 0.9 0.1
v 0.4 1.5 0.1
v 0.5 0.6 0.1
v 0.5 0.9 0.1
v 0.5 1.3 0.1
v 0.5 1.6 0.1
v 0.6 1.3 0.1
v 0.6 1.6 0.1
v 0.7 1.4 0.1
v 0.7 1.7 0.1
v 0.7 1.9 0.1
v 0.8 1.4 0.1
v 0.8 1.6 0.1
v 0.8 1.7 0.1
v 0.8 1.9 0.1
v 0.8 2.4 0.1
v 0.8 2.6 0.1
v 0.9 1.6 0.1
v 0.9 1.7 0.1
v 0.9 1.9 0.1
v 0.9 2 0.1
v 1 1.7 0.1
v 1 1.9 0.1
v 1 2 0.1
v 1 2.4 0.1
v 1 2.6 0.1
v 1.1 1.7 0.1
v 1.1 1.9 0.1
v -1 1.4 0
v -1 1.7 0
v -1 1.9 0
v -1 2 0
v -0.9 1.4 0
v -0.9 1.6 0
v -0.9 1.7 0
v -0.9 1.9 0
v -0.9 2 0
v -0.7 1.9 0
v -0.7 2 0
v -0.6 1.9 0
v -0.6 2 0
v 0.7 1.9 0
v 0.7 2 0
v 0.8 1.9 0
v 0.8 2 0
v 1 1.4 0
v 1 1.6 0
v 1 1.7 0
v 1 1.9 0
v 1 2 0
v 1.1 1.4 0
v 1.1 1.7 0
v 1.1 1.9 0
v 1.1 2 0
v -0.8 1.4 -0.1
v -0.8 1.6 -0.1
v -0.7 1.4 -0.1
v -0.7 1.6 -0.1
v 0.8 1.4 -0.1
v 0.8 1.6 -0.1
v 0.9 1.4 -0.1
v 0.9 1.6 -0.1
v -0.4 1.4 -0.2
v -0.4 1.6 -0.2
v -0.3 1.4 -0.2
v -0.3 1.6 -0.2
v -0.1 0.2 -0.2
v -0.1 0.3 -0.2
v 0 0.2 -0.2
v 0 0.3 -0.2
v 0.1 0.2 -0.2
v 0.1 0.3 -0.2
v 0.2 0.2 -0.2
v 0.2 0.3 -0.2
v 0.4 1.4 -0.2
v 0.4 1.6 -0.2
v 0.5 1.4 -0.2
v 0.5 1.6 -0.2
v -0.9 2.5 -0.3
v -0.9 2.6 -0.3
v -0.7 2.5 -0.3
v -0.7 2.6 -0.3
v -0.7 2.7 -0.3
v -0.7 2.8 -0.3
v -0.6 2.7 -0.3
v -0.6 2.8 -0.3
v -0.6 2.9 -0.3
v -0.5 2.8 -0.3
v -0.5 2.9 -0.3
v -0.5 3 -0.3
v -0.4 2.9 -0.3
v -0.4 3 -0.3
v -0.3 1.4 -0.3
v -0.3 1.6 -0.3
v -0.2 1.4 -0.3
v -0.2 1.6 -0.3
v -0.1 1.1 -0.3
v -0.1 1.2 -0.3
v 0 1.1 -0.3
v 0 1.2 -0.3
v 0.1 1.1 -0.3
v 0.1 1.2 -0.3
v 0.2 1.1 -0.3
v 0.2 1.2 -0.3
v 0.3 1.4 -0.3
v 0.3 1.6 -0.3
v 0.4 1.4 -0.3
v 0.4 1.6 -0.3
v 0.5 2.9 -0.3
v 0.5 3 -0.3
v 0.6 2.8 -0.3
v 0.6 2.9 -0.3
v 0.6 3 -0.3
v 0.7 2.7 -0.3
v 0.7 2.8 -0.3
v 0.7 2.9 -0.3
v 0.8 2.5 -0.3
v 0.8 2.6 -0.3
v 0.8 2.7 -0.3
v 0.8 2.8 -0.3
v 1 2.5 -0.3
v 1 2.6 -0.3
v -0.1 0.3 -0.4
v -0.1 0.5 -0.4
v -0.1 0.9 -0.4
v -0.1 1.1 -0.4
v 0 0.3 -0.4
v 0 0.5 -0.4
v 0 0.9 -0.4
v 0 1.1 -0.4
v 0.1 0.3 -0.4
v 0.1 0.5 -0.4
v 0.1 0.9 -0.4
v 0.1 1.1 -0.4
v 0.2 0.3 -0.4
v 0.2 0.5 -0.4
v 0.2 0.9 -0.4
v 0.2 1.1 -0.4
v -0.1 0.5 -0.5
v -0.1 0.9 -0.5
v -0.1 1.5 -0.5
v -0.1 1.6 -0.5
v 0 0.5 -0.5
v 0 0.9 -0.5
v 0 1.4 -0.5
v 0 1.5 -0.5
v 0.1 0.5 -0.5
v 0.1 0.9 -0.5
v 0.1 1.4 -0.5
v 0.1 1.5 -0.5
v 0.2 0.5 -0.5
v 0.2 0.9 -0.5
v 0.2 1.5 -0.5
v 0.2 1.6 -0.5
v -0.1 0.5 0.5
v -0.1 0.9 0.5
v -0.1 1.4 0.5
v -0.1 1.6 0.5
v 0 0.5 0.5
v 0 0.9 0.5
v 0 1.3 0.5
v 0 1.4 0.5
v 0.1 0.5 0.5
v 0.1 0.9 0.5
v 0.1 1.3 0.5
v 0.1 1.4 0.5
v 0.2 0.5 0.5
v 0.2 0.9 0.5
v 0.2 1.4 0.5
v 0.2 1.6 0.5
v -0.1 0.3 0.4
v -0.1 0.5 0.4
v -0.1 0.9 0.4
v -0.1 1.1 0.4
v 0 0.3 0.4
v 0 0.5 0.4
v 0 0.9 0.4
v 0 1.1 0.4
v 0.1 0.3 0.4
v 0.1 0.5 0.4
v 0.1 0.9 0.4
v 0.1 1.1 0.4
v 0.2 0.3 0.4
v 0.2 0.5 0.4
v 0.2 0.9 0.4
v 0.2 1.1 0.4
v -0.9 2.5 0.3
v -0.9 2.6 0.3
v -0.7 2.5 0.3
v -0.7 2.6 0.3
v -0.7 2.7 0.3
v -0.7 2.8 0.3
v -0.6 2.7 0.3
v -0.6 2.8 0.3
v -0.6 2.9 0.3
v -0.5 2.8 0.3
v -0.5 2.9 0.3
v -0.5 3 0.3
v -0.4 2.9 0.3
v -0.4 3 0.3
v -0.3 1.4 0.3
v -0.3 1.6 0.3
v -0.2 1.4 0.3
v -0.2 1.6 0.3
v -0.1 1.1 0.3
v -0.1 1.2 0.3
v 0 1.1 0.3
v 0 1.2 0.3
v 0.1 1.1 0.3
v 0.1 1.2 0.3
v 0.2 1.1 0.3
v 0.2 1.2 0.3
v 0.3 1.4 0.3
v 0.3 1.6 0.3
v 0.4 1.4 0.3
v 0.4 1.6 0.3
v 0.5 2.9 0.3
v 0.5 3 0.3
v 0.6 2.8 0.3
v 0.6 2.9 0.3
v 0.6 3 0.3
v 0.7 2.7 0.3
v 0.7 2.8 0.3
v 0.7 2.9 0.3
v 0.8 2.5 0.3
v 0.8 2.6 0.3
v 0.8 2.7 0.3
v 0.8 2.8 0.3
v 1 2.5 0.3
v 1 2.6 0.3
v -0.4 1.4 0.2
v -0.4 1.6 0.2
v -0.3 1.4 0.2
v -0.3 1.6 0.2
v -0.1 0.2 0.2
v -0.1 0.3 0.2
v 0 0.2 0.2
v 0 0.3 0.2
v 0.1 0.2 0.2
v 0.1 0.3 0.2
v 0.2 0.2 0.2
v 0.2 0.3 0.2
v 0.4 1.4 0.2
v 0.4 1.6 0.2
v 0.5 1.4 0.2
v 0.5 1.6 0.2
v -0.9 1.4 0.1
v -0.9 1.6 0.1
v -0.8 1.4 0.1
v -0.8 1.6 0.1
v 0.9 1.4 0.1
v 0.9 1.6 0.1
v 1 1.4 0.1
v 1 1.6 0.1
v -0.7 1.4 0
v -0.7 1.6 0
v -0.7 1.7 0
v -0.6 1.4 0
v -0.6 1.7 0
v 0.7 1.4 0
v 0.7 1.7 0
v 0.8 1.4 0
v 0.8 1.6 0
v 0.8 1.7 0
v -1 1.4 -0.1
v -1 1.7 -0.1
v -1 2 -0.1
v -0.9 1.4 -0.1
v -0.9 1.6 -0.1
v -0.9 1.7 -0.1
v -0.9 1.9 -0.1
v -0.9 2 -0.1
v -0.9 2.4 -0.1
v -0.9 2.6 -0.1
v -0.8 1.6 -0.1
v -0.8 1.7 -0.1
v -0.8 1.9 -0.1
v -0.8 2 -0.1
v -0.7 1.7 -0.1
v -0.7 2 -0.1
v -0.7 2.4 -0.1
v -0.7 2.6 -0.1
v -0.6 1.7 -0.1
v -0.6 2 -0.1
v -0.5 1.3 -0.1
v -0.5 1.6 -0.1
v -0.4 0.6 -0.1
v -0.4 0.9 -0.1
v -0.4 1.3 -0.1
v -0.4 1.6 -0.1
v -0.3 0.5 -0.1
v -0.3 0.6 -0.1
v -0.3 0.7 -0.1
v -0.3 0.9 -0.1
v -0.3 1.5 -0.1
v -0.2 0.6 -0.1
v -0.2 0.7 -0.1
v -0.2 0.8 -0.1
v -0.2 0.9 -0.1
v -0.1 0.5 -0.1
v -0.1 0.6 -0.1
v -0.1 0.7 -0.1
v -0.1 0.8 -0.1
v -0.1 1.2 -0.1
v -0.1 1.3 -0.1
v -0.1 1.5 -0.1
v 0 0.7 -0.1
v 0 0.8 -0.1
v 0.1 0.7 -0.1
v 0.1 0.8 -0.1
v 0.2 0.5 -0.1
v 0.2 0.6 -0.1
v 0.2 0.7 -0.1
v 0.2 0.8 -0.1
v 0.2 1.2 -0.1
v 0.2 1.3 -0.1
v 0.2 1.5 -0.1
v 0.3 0.6 -0.1
v 0.3 0.7 -0.1
v 0.3 0.8 -0.1
v 0.3 0.9 -0.1
v 0.4 0.5 -0.1
v 0.4 0.6 -0.1
v 0.4 0.7 -0.1
v 0.4 0.9 -0.1
v 0.4 1.5 -0.1
v 0.5 0.6 -0.1
v 0.5 0.9 -0.1
v 0.5 1.3 -0.1
v 0.5 1.6 -0.1
v 0.6 1.3 -0.1
v 0.6 1.6 -0.1
v 0.7 1.7 -0.1
v 0.7 2 -0.1
v 0.8 1.7 -0.1
v 0.8 2 -0.1
v 0.8 2.4 -0.1
v 0.8 2.6 -0.1
v 0.9 1.6 -0.1
v 0.9 1.7 -0.1
v 0.9 1.9 -0.1
v 0.9 2 -0.1
v 1 1.4 -0.1
v 1 1.6 -0.1
v 1 1.7 -0.1
v 1 1.9 -0.1
v 1 2 -0.1
v 1 2.4 -0.1
v 1 2.6 -0.1
v 1.1 1.4 -0.1
v 1.1 1.7 -0.1
v 1.1 2 -0.1
v -1.1 2.5 -0.2
v -1.1 2.6 -0.2
v -1.1 2.8 -0.2
v -1.1 2.9 -0.2
v -1 2.4 -0.2
v -1 2.5 -0.2
v -1 2.6 -0.2
v -1 2.8 -0.2
v -1 2.9 -0.2
v -1 3 -0.2
v -0.9 1.7 -0.2
v -0.9 1.9 -0.2
v -0.9 2.4 -0.2
v -0.9 2.5 -0.2
v -0.9 2.9 -0.2
v -0.9 3 -0.2
v -0.9 3.1 -0.2
v -0.8 1.4 -0.2
v -0.8 1.7 -0.2
v -0.8 1.9 -0.2
v -0.8 2 -0.2
v -0.7 1.4 -0.2
v -0.7 1.7 -0.2
v -0.7 2 -0.2
v -0.5 1.6 -0.2
v -0.5 1.9 -0.2
v -0.5 2 -0.2
v -0.5 3 -0.2
v -0.5 3.1 -0.2
v -0.4 1.6 -0.2
v -0.4 1.8 -0.2
v -0.4 1.9 -0.2
v -0.4 2 -0.2
v -0.3 0.7 -0.2
v -0.3 0.9 -0.2
v -0.2 0.6 -0.2
v -0.2 0.7 -0.2
v -0.2 0.8 -0.2
v -0.2 0.9 -0.2
v -0.1 0.1 -0.2
v -0.1 0.2 -0.2
v -0.1 0.7 -0.2
v -0.1 0.8 -0.2
v 0 0 -0.2
v 0 0.1 -0.2
v 0 0.2 -0.2
v 0 0.6 -0.2
v 0 0.7 -0.2
v 0.1 0 -0.2
v 0.1 0.1 -0.2
v 0.1 0.2 -0.2
v 0.1 0.6 -0.2
v 0.1 0.7 -0.2
v 0.2 0.1 -0.2
v 0.2 0.2 -0.2
v 0.2 0.7 -0.2
v 0.2 0.8 -0.2
v 0.3 0.6 -0.2
v 0.3 0.7 -0.2
v 0.3 0.8 -0.2
v 0.3 0.9 -0.2
v 0.4 0.7 -0.2
v 0.4 0.9 -0.2
v 0.5 1.6 -0.2
v 0.5 1.8 -0.2
v 0.5 1.9 -0.2
v 0.5 2 -0.2
v 0.6 1.6 -0.2
v 0.6 1.9 -0.2
v 0.6 2 -0.2
v 0.6 3 -0.2
v 0.6 3.1 -0.2
v 0.8 1.4 -0.2
v 0.8 1.7 -0.2
v 0.8 2 -0.2
v 0.9 1.4 -0.2
v 0.9 1.7 -0.2
v 0.9 1.9 -0.2
v 0.9 2 -0.2
v 1 1.7 -0.2
v 1 1.9 -0.2
v 1 2.4 -0.2
v 1 2.5 -0.2
v 1 2.9 -0.2
v 1 3 -0.2
v 1 3.1 -0.2
v 1.1 2.4 -0.2
v 1.1 2.5 -0.2
v 1.1 2.6 -0.2
v 1.1 2.8 -0.2
v 1.1 2.9 -0.2
v 1.1 3 -0.2
v 1.2 2.5 -0.2
v 1.2 2.6 -0.2
v 1.2 2.8 -0.2
v 1.2 2.9 -0.2
v -1.1 2.6 -0.3
v -1.1 2.8 -0.3
v -1 2.5 -0.3
v -1 2.6 -0.3
v -1 2.8 -0.3
v -1 2.9 -0.3
v -0.9 2.5 -0.3
v -0.9 2.6 -0.3
v -0.9 2.8 -0.3
v -0.9 2.9 -0.3
v -0.9 3 -0.3
v -0.7 2.4 -0.3
v -0.7 2.5 -0.3
v -0.7 2.6 -0.3
v -0.6 2.1 -0.3
v -0.6 2.4 -0.3
v -0.6 2.6 -0.3
v -0.5 2 -0.3
v -0.5 2.1 -0.3
v -0.5 2.2 -0.3
v -0.5 2.4 -0.3
v -0.5 2.9 -0.3
v -0.5 3 -0.3
v -0.5 3.1 -0.3
v -0.4 1.4 -0.3
v -0.4 1.8 -0.3
v -0.4 2 -0.3
v -0.4 2.2 -0.3
v -0.4 3 -0.3
v -0.4 3.1 -0.3
v -0.4 3.2 -0.3
v -0.3 1.4 -0.3
v -0.3 1.8 -0.3
v -0.3 1.9 -0.3
v -0.3 2 -0.3
v -0.3 3.1 -0.3
v -0.3 3.2 -0.3
v -0.1 1.2 -0.3
v -0.1 1.3 -0.3
v 0 1.2 -0.3
v 0 1.3 -0.3
v 0 1.4 -0.3
v 0.1 1.2 -0.3
v 0.1 1.3 -0.3
v 0.1 1.4 -0.3
v 0.2 1.2 -0.3
v 0.2 1.3 -0.3
v 0.4 1.4 -0.3
v 0.4 1.8 -0.3
v 0.4 1.9 -0.3
v 0.4 2 -0.3
v 0.4 3.1 -0.3
v 0.4 3.2 -0.3
v 0.5 1.4 -0.3
v 0.5 1.8 -0.3
v 0.5 2 -0.3
v 0.5 2.2 -0.3
v 0.5 3 -0.3
v 0.5 3.1 -0.3
v 0.5 3.2 -0.3
v 0.6 2 -0.3
v 0.6 2.1 -0.3
v 0.6 2.2 -0.3
v 0.6 2.4 -0.3
v 0.6 2.9 -0.3
v 0.6 3 -0.3
v 0.6 3.1 -0.3
v 0.7 2.1 -0.3
v 0.7 2.4 -0.3
v 0.7 2.6 -0.3
v 0.8 2.4 -0.3
v 0.8 2.5 -0.3
v 0.8 2.6 -0.3
v 1 2.5 -0.3
v 1 2.6 -0.3
v 1 2.8 -0.3
v 1 2.9 -0.3
v 1 3 -0.3
v 1.1 2.5 -0.3
v 1.1 2.6 -0.3
v 1.1 2.8 -0.3
v 1.1 2.9 -0.3
v 1.2 2.6 -0.3
v 1.2 2.8 -0.3
v -1 2.6 -0.4
v -1 2.8 -0.4
v -0.9 2.5 -0.4
v -0.9 2.6 -0.4
v -0.9 2.8 -0.4
v -0.9 2.9 -0.4
v -0.7 2.5 -0.4
v -0.7 2.6 -0.4
v -0.6 2.4 -0.4
v -0.6 2.6 -0.4
v -0.6 2.7 -0.4
v -0.5 2.2 -0.4
v -0.5 2.4 -0.4
v -0.5 2.7 -0.4
v -0.5 2.9 -0.4
v -0.5 3 -0.4
v -0.4 2 -0.4
v -0.4 2.2 -0.4
v -0.4 2.4 -0.4
v -0.4 2.9 -0.4
v -0.4 3 -0.4
v -0.4 3.1 -0.4
v -0.3 1.4 -0.4
v -0.3 1.9 -0.4
v -0.3 2 -0.4
v -0.3 2.2 -0.4
v -0.3 3 -0.4
v -0.3 3.1 -0.4
v -0.3 3.2 -0.4
v -0.2 1.4 -0.4
v -0.2 1.6 -0.4
v -0.2 1.9 -0.4
v -0.2 2 -0.4
v -0.1 0.2 -0.4
v -0.1 0.3 -0.4
v -0.1 1.1 -0.4
v -0.1 1.2 -0.4
v 0 0.1 -0.4
v 0 0.2 -0.4
v 0 0.3 -0.4
v 0 1.1 -0.4
v 0 1.2 -0.4
v 0 1.3 -0.4
v 0.1 0.1 -0.4
v 0.1 0.2 -0.4
v 0.1 0.3 -0.4
v 0.1 1.1 -0.4
v 0.1 1.2 -0.4
v 0.1 1.3 -0.4
v 0.2 0.2 -0.4
v 0.2 0.3 -0.4
v 0.2 1.1 -0.4
v 0.2 1.2 -0.4
v 0.3 1.4 -0.4
v 0.3 1.6 -0.4
v 0.3 1.9 -0.4
v 0.3 2 -0.4
v 0.4 1.4 -0.4
v 0.4 1.9 -0.4
v 0.4 2 -0.4
v 0.4 2.2 -0.4
v 0.4 3 -0.4
v 0.4 3.1 -0.4
v 0.4 3.2 -0.4
v 0.5 2 -0.4
v 0.5 2.2 -0.4
v 0.5 2.4 -0.4
v 0.5 2.9 -0.4
v 0.5 3 -0.4
v 0.5 3.1 -0.4
v 0.6 2.2 -0.4
v 0.6 2.4 -0.4
v 0.6 2.7 -0.4
v 0.6 2.9 -0.4
v 0.6 3 -0.4
v 0.7 2.4 -0.4
v 0.7 2.6 -0.4
v 0.7 2.7 -0.4
v 0.8 2.5 -0.4
v 0.8 2.6 -0.4
v 1 2.5 -0.4
v 1 2.6 -0.4
v 1 2.8 -0.4
v 1 2.9 -0.4
v 1.1 2.6 -0.4
v 1.1 2.8 -0.4
v -0.5 2.4 -0.5
v -0.5 2.9 -0.5
v -0.4 2.2 -0.5
v -0.4 2.4 -0.5
v -0.4 2.9 -0.5
v -0.4 3 -0.5
v -0.3 2 -0.5
v -0.3 2.2 -0.5
v -0.3 3 -0.5
v -0.3 3.1 -0.5
v -0.2 1.6 -0.5
v -0.2 1.9 -0.5
v -0.2 2 -0.5
v -0.1 0.3 -0.5
v -0.1 0.5 -0.5
v -0.1 0.9 -0.5
v -0.1 1.1 -0.5
v -0.1 1.6 -0.5
v -0.1 1.8 -0.5
v -0.1 1.9 -0.5
v 0 0.2 -0.5
v 0 0.3 -0.5
v 0 0.5 -0.5
v 0 0.9 -0.5
v 0 1.1 -0.5
v 0 1.2 -0.5
v 0 1.8 -0.5
v 0 1.9 -0.5
v 0.1 0.2 -0.5
v 0.1 0.3 -0.5
v 0.1 0.5 -0.5
v 0.1 0.9 -0.5
v 0.1 1.1 -0.5
v 0.1 1.2 -0.5
v 0.1 1.8 -0.5
v 0.1 1.9 -0.5
v 0.2 0.3 -0.5
v 0.2 0.5 -0.5
v 0.2 0.9 -0.5
v 0.2 1.1 -0.5
v 0.2 1.6 -0.5
v 0.2 1.8 -0.5
v 0.2 1.9 -0.5
v 0.3 1.6 -0.5
v 0.3 1.9 -0.5
v 0.3 2 -0.5
v 0.4 2 -0.5
v 0.4 2.2 -0.5
v 0.4 3 -0.5
v 0.4 3.1 -0.5
v 0.5 2.2 -0.5
v 0.5 2.4 -0.5
v 0.5 2.9 -0.5
v 0.5 3 -0.5
v 0.6 2.4 -0.5
v 0.6 2.9 -0.5
v -0.1 0.5 -0.6
v -0.1 0.9 -0.6
v -0.1 1.5 -0.6
v -0.1 1.8 -0.6
v 0 0.3 -0.6
v 0 0.5 -0.6
v 0 0.9 -0.6
v 0 1.1 -0.6
v 0 1.4 -0.6
v 0 1.5 -0.6
v 0 1.8 -0.6
v 0 1.9 -0.6
v 0.1 0.3 -0.6
v 0.1 0.5 -0.6
v 0.1 0.9 -0.6
v 0.1 1.1 -0.6
v 0.1 1.4 -0.6
v 0.1 1.5 -0.6
v 0.1 1.8 -0.6
v 0.1 1.9 -0.6
v 0.2 0.5 -0.6
v 0.2 0.9 -0.6
v 0.2 1.5 -0.6
v 0.2 1.8 -0.6
v 0 0.5 -0.7
v 0 0.9 -0.7
v 0.1 0.5 -0.7
v 0.1 0.9 -0.7
v 0 0 0.2
v 0.1 0 0.2
v 0 0 -0.2
v 0.1 0 -0.2
v 0 0.1 0.4
v 0.1 0.1 0.4
v -0.1 0.1 0.2
v 0 0.1 0.2
v 0.1 0.1 0.2
v 0.2 0.1 0.2
v -0.1 0.1 -0.2
v 0 0.1 -0.2
v 0.1 0.1 -0.2
v 0.2 0.1 -0.2
v 0 0.1 -0.4
v 0.1 0.1 -0.4
v 0 0.2 0.5
v 0.1 0.2 0.5
v -0.1 0.2 0.4
v 0 0.2 0.4
v 0.1 0.2 0.4
v 0.2 0.2 0.4
v -0.1 0.2 0.2
v 0 0.2 0.2
v 0.1 0.2 0.2
v 0.2 0.2 0.2
v -0.1 0.2 -0.2
v 0 0.2 -0.2
v 0.1 0.2 -0.2
v 0.2 0.2 -0.2
v -0.1 0.2 -0.4
v 0 0.2 -0.4
v 0.1 0.2 -0.4
v 0.2 0.2 -0.4
v 0 0.2 -0.5
v 0.1 0.2 -0.5
v 0 0.3 0.6
v 0.1 0.3 0.6
v -0.1 0.3 0.5
v 0 0.3 0.5
v 0.1 0.3 0.5
v 0.2 0.3 0.5
v -0.1 0.3 0.4
v 0 0.3 0.4
v 0.1 0.3 0.4
v 0.2 0.3 0.4
v -0.1 0.3 -0.4
v 0 0.3 -0.4
v 0.1 0.3 -0.4
v 0.2 0.3 -0.4
v -0.1 0.3 -0.5
v 0 0.3 -0.5
v 0.1 0.3 -0.5
v 0.2 0.3 -0.5
v 0 0.3 -0.6
v 0.1 0.3 -0.6
v 0 0.5 0.7
v 0.1 0.5 0.7
v -0.1 0.5 0.6
v 0 0.5 0.6
v 0.1 0.5 0.6
v 0.2 0.5 0.6
v -0.1 0.5 0.5
v 0 0.5 0.5
v 0.1 0.5 0.5
v 0.2 0.5 0.5
v -0.3 0.5 0.1
v -0.1 0.5 0.1
v 0.2 0.5 0.1
v 0.4 0.5 0.1
v -0.3 0.5 -0.1
v -0.1 0.5 -0.1
v 0.2 0.5 -0.1
v 0.4 0.5 -0.1
v -0.1 0.5 -0.5
v 0 0.5 -0.5
v 0.1 0.5 -0.5
v 0.2 0.5 -0.5
v -0.1 0.5 -0.6
v 0 0.5 -0.6
v 0.1 0.5 -0.6
v 0.2 0.5 -0.6
v 0 0.5 -0.7
v 0.1 0.5 -0.7
v -0.2 0.6 0.2
v 0 0.6 0.2
v 0.1 0.6 0.2
v 0.3 0.6 0.2
v -0.4 0.6 0.1
v -0.3 0.6 0.1
v -0.2 0.6 0.1
v -0.1 0.6 0.1
v 0 0.6 0.1
v 0.1 0.6 0.1
v 0.2 0.6 0.1
v 0.3 0.6 0.1
v 0.4 0.6 0.1
v 0.5 0.6 0.1
v -0.4 0.6 -0.1
v -0.3 0.6 -0.1
v -0.2 0.6 -0.1
v -0.1 0.6 -0.1
v 0 0.6 -0.1
v 0.1 0.6 -0.1
v 0.2 0.6 -0.1
v 0.3 0.6 -0.1
v 0.4 0.6 -0.1
v 0.5 0.6 -0.1
v -0.2 0.6 -0.2
v 0 0.6 -0.2
v 0.1 0.6 -0.2
v 0.3 0.6 -0.2
v -0.3 0.7 0.2
v -0.2 0.7 0.2
v 0.3 0.7 0.2
v 0.4 0.7 0.2
v -0.3 0.7 0.1
v -0.2 0.7 0.1
v 0.3 0.7 0.1
v 0.4 0.7 0.1
v -0.3 0.7 -0.1
v -0.2 0.7 -0.1
v 0.3 0.7 -0.1
v 0.4 0.7 -0.1
v -0.3 0.7 -0.2
v -0.2 0.7 -0.2
v 0.3 0.7 -0.2
v 0.4 0.7 -0.2
v -0.1 0.9 0.5
v 0 0.9 0.5
v 0.1 0.9 0.5
v 0.2 0.9 0.5
v -0.1 0.9 0.4
v 0 0.9 0.4
v 0.1 0.9 0.4
v 0.2 0.9 0.4
v -0.1 0.9 -0.4
v 0 0.9 -0.4
v 0.1 0.9 -0.4
v 0.2 0.9 -0.4
v -0.1 0.9 -0.5
v 0 0.9 -0.5
v 0.1 0.9 -0.5
v 0.2 0.9 -0.5
v -0.1 1.1 0.4
v 0 1.1 0.4
v 0.1 1.1 0.4
v 0.2 1.1 0.4
v -0.1 1.1 0.3
v 0 1.1 0.3
v 0.1 1.1 0.3
v 0.2 1.1 0.3
v -0.1 1.1 -0.3
v 0 1.1 -0.3
v 0.1 1.1 -0.3
v 0.2 1.1 -0.3
v -0.1 1.1 -0.4
v 0 1.1 -0.4
v 0.1 1.1 -0.4
v 0.2 1.1 -0.4
v -0.1 1.2 0.3
v 0 1.2 0.3
v 0.1 1.2 0.3
v 0.2 1.2 0.3
v -0.1 1.2 0.1
v 0.2 1.2 0.1
v -0.1 1.2 -0.1
v 0.2 1.2 -0.1
v -0.1 1.2 -0.3
v 0 1.2 -0.3
v 0.1 1.2 -0.3
v 0.2 1.2 -0.3
v 0 1.3 0.6
v 0.1 1.3 0.6
v 0 1.3 0.5
v 0.1 1.3 0.5
v -0.5 1.3 0.1
v -0.4 1.3 0.1
v 0.5 1.3 0.1
v 0.6 1.3 0.1
v -0.5 1.3 -0.1
v -0.4 1.3 -0.1
v 0.5 1.3 -0.1
v 0.6 1.3 -0.1
v -0.1 1.4 0.6
v 0 1.4 0.6
v 0.1 1.4 0.6
v 0.2 1.4 0.6
v -0.1 1.4 0.5
v 0 1.4 0.5
v 0.1 1.4 0.5
v 0.2 1.4 0.5
v -0.3 1.4 0.4
v -0.2 1.4 0.4
v 0.3 1.4 0.4
v 0.4 1.4 0.4
v -0.4 1.4 0.3
v -0.3 1.4 0.3
v -0.2 1.4 0.3
v 0.3 1.4 0.3
v 0.4 1.4 0.3
v 0.5 1.4 0.3
v -0.9 1.4 0.2
v -0.8 1.4 0.2
v -0.4 1.4 0.2
v -0.3 1.4 0.2
v 0.4 1.4 0.2
v 0.5 1.4 0.2
v 0.9 1.4 0.2
v 1 1.4 0.2
v -0.9 1.4 0.1
v -0.8 1.4 0.1
v -0.7 1.4 0.1
v -0.6 1.4 0.1
v 0.7 1.4 0.1
v 0.8 1.4 0.1
v 0.9 1.4 0.1
v 1 1.4 0.1
v -1 1.4 0
v -0.9 1.4 0
v -0.7 1.4 0
v -0.6 1.4 0
v 0.7 1.4 0
v 0.8 1.4 0
v 1 1.4 0
v 1.1 1.4 0
v -1 1.4 -0.1
v -0.9 1.4 -0.1
v -0.8 1.4 -0.1
v -0.7 1.4 -0.1
v 0.8 1.4 -0.1
v 0.9 1.4 -0.1
v 1 1.4 -0.1
v 1.1 1.4 -0.1
v -0.8 1.4 -0.2
v -0.7 1.4 -0.2
v -0.4 1.4 -0.2
v -0.3 1.4 -0.2
v 0.4 1.4 -0.2
v 0.5 1.4 -0.2
v 0.8 1.4 -0.2
v 0.9 1.4 -0.2
v -0.4 1.4 -0.3
v -0.3 1.4 -0.3
v -0.2 1.4 -0.3
v 0.3 1.4 -0.3
v 0.4 1.4 -0.3
v 0.5 1.4 -0.3
v -0.3 1.4 -0.4
v -0.2 1.4 -0.4
v 0.3 1.4 -0.4
v 0.4 1.4 -0.4
v 0 1.4 -0.5
v 0.1 1.4 -0.5
v 0 1.4 -0.6
v 0.1 1.4 -0.6
v -0.1 1.5 -0.5
v 0 1.5 -0.5
v 0.1 1.5 -0.5
v 0.2 1.5 -0.5
v -0.1 1.5 -0.6
v 0 1.5 -0.6
v 0.1 1.5 -0.6
v 0.2 1.5 -0.6
v -0.2 1.6 0.5
v -0.1 1.6 0.5
v 0.2 1.6 0.5
v 0.3 1.6 0.5
v -0.2 1.6 0.4
v -0.1 1.6 0.4
v 0.2 1.6 0.4
v 0.3 1.6 0.4
v -0.3 1.6 0.3
v -0.2 1.6 0.3
v 0.3 1.6 0.3
v 0.4 1.6 0.3
v -0.5 1.6 0.2
v -0.4 1.6 0.2
v -0.3 1.6 0.2
v 0.4 1.6 0.2
v 0.5 1.6 0.2
v 0.6 1.6 0.2
v -0.9 1.6 0.1
v -0.8 1.6 0.1
v -0.7 1.6 0.1
v -0.5 1.6 0.1
v -0.4 1.6 0.1
v 0.5 1.6 0.1
v 0.6 1.6 0.1
v 0.8 1.6 0.1
v 0.9 1.6 0.1
v 1 1.6 0.1
v -0.9 1.6 0
v -0.7 1.6 0
v 0.8 1.6 0
v 1 1.6 0
v -0.9 1.6 -0.1
v -0.8 1.6 -0.1
v -0.7 1.6 -0.1
v -0.5 1.6 -0.1
v -0.4 1.6 -0.1
v 0.5 1.6 -0.1
v 0.6 1.6 -0.1
v 0.8 1.6 -0.1
v 0.9 1.6 -0.1
v 1 1.6 -0.1
v -0.5 1.6 -0.2
v -0.4 1.6 -0.2
v -0.3 1.6 -0.2
v 0.4 1.6 -0.2
v 0.5 1.6 -0.2
v 0.6 1.6 -0.2
v -0.3 1.6 -0.3
v -0.2 1.6 -0.3
v 0.3 1.6 -0.3
v 0.4 1.6 -0.3
v -0.2 1.6 -0.4
v -0.1 1.6 -0.4
v 0.2 1.6 -0.4
v 0.3 1.6 -0.4
v -0.2 1.6 -0.5
v -0.1 1.6 -0.5
v 0.2 1.6 -0.5
v 0.3 1.6 -0.5
v -0.8 1.7 0.2
v -0.7 1.7 0.2
v 0.8 1.7 0.2
v 0.9 1.7 0.2
v -1 1.7 0.1
v -0.9 1.7 0.1
v -0.8 1.7 0.1
v -0.7 1.7 0.1
v 0.8 1.7 0.1
v 0.9 1.7 0.1
v 1 1.7 0.1
v 1.1 1.7 0.1
v -1 1.7 0
v -0.9 1.7 0
v -0.7 1.7 0
v -0.6 1.7 0
v 0.7 1.7 0
v 0.8 1.7 0
v 1 1.7 0
v 1.1 1.7 0
v -0.9 1.7 -0.1
v -0.8 1.7 -0.1
v -0.7 1.7 -0.1
v -0.6 1.7 -0.1
v 0.7 1.7 -0.1
v 0.8 1.7 -0.1
v 0.9 1.7 -0.1
v 1 1.7 -0.1
v -0.9 1.7 -0.2
v -0.8 1.7 -0.2
v 0.9 1.7 -0.2
v 1 1.7 -0.2
v -0.3 2 0.5
v -0.2 2 0.5
v 0.3 2 0.5
v 0.4 2 0.5
v -0.4 2 0.4
v -0.3 2 0.4
v -0.2 2 0.4
v 0.3 2 0.4
v 0.4 2 0.4
v 0.5 2 0.4
v -0.5 2 0.3
v -0.4 2 0.3
v -0.3 2 0.3
v 0.4 2 0.3
v 0.5 2 0.3
v 0.6 2 0.3
v -0.5 2 0.2
v -0.4 2 0.2
v 0.5 2 0.2
v 0.6 2 0.2
v -0.5 2 -0.2
v -0.4 2 -0.2
v 0.5 2 -0.2
v 0.6 2 -0.2
v -0.5 2 -0.3
v -0.4 2 -0.3
v -0.3 2 -0.3
v 0.4 2 -0.3
v 0.5 2 -0.3
v 0.6 2 -0.3
v -0.4 2 -0.4
v -0.3 2 -0.4
v -0.2 2 -0.4
v 0.3 2 -0.4
v 0.4 2 -0.4
v 0.5 2 -0.4
v -0.3 2 -0.5
v -0.2 2 -0.5
v 0.3 2 -0.5
v 0.4 2 -0.5
v -0.6 2.1 0.3
v -0.5 2.1 0.3
v 0.6 2.1 0.3
v 0.7 2.1 0.3
v -0.6 2.1 -0.3
v -0.5 2.1 -0.3
v 0.6 2.1 -0.3
v 0.7 2.1 -0.3
v -0.4 2.2 0.5
v -0.3 2.2 0.5
v 0.4 2.2 0.5
v 0.5 2.2 0.5
v -0.5 2.2 0.4
v -0.4 2.2 0.4
v -0.3 2.2 0.4
v 0.4 2.2 0.4
v 0.5 2.2 0.4
v 0.6 2.2 0.4
v -0.5 2.2 0.3
v -0.4 2.2 0.3
v 0.5 2.2 0.3
v 0.6 2.2 0.3
v -0.5 2.2 -0.3
v -0.4 2.2 -0.3
v 0.5 2.2 -0.3
v 0.6 2.2 -0.3
v -0.5 2.2 -0.4
v -0.4 2.2 -0.4
v -0.3 2.2 -0.4
v 0.4 2.2 -0.4
v 0.5 2.2 -0.4
v 0.6 2.2 -0.4
v -0.4 2.2 -0.5
v -0.3 2.2 -0.5
v 0.4 2.2 -0.5
v 0.5 2.2 -0.5
v -0.5 2.4 0.5
v -0.4 2.4 0.5
v 0.5 2.4 0.5
v 0.6 2.4 0.5
v -0.6 2.4 0.4
v -0.5 2.4 0.4
v -0.4 2.4 0.4
v 0.5 2.4 0.4
v 0.6 2.4 0.4
v 0.7 2.4 0.4
v -0.7 2.4 0.3
v -0.6 2.4 0.3
v -0.5 2.4 0.3
v 0.6 2.4 0.3
v 0.7 2.4 0.3
v 0.8 2.4 0.3
v -1 2.4 0.2
v -0.9 2.4 0.2
v 1 2.4 0.2
v 1.1 2.4 0.2
v -0.9 2.4 0.1
v -0.7 2.4 0.1
v 0.8 2.4 0.1
v 1 2.4 0.1
v -0.9 2.4 -0.1
v -0.7 2.4 -0.1
v 0.8 2.4 -0.1
v 1 2.4 -0.1
v -1 2.4 -0.2
v -0.9 2.4 -0.2
v 1 2.4 -0.2
v 1.1 2.4 -0.2
v -0.7 2.4 -0.3
v -0.6 2.4 -0.3
v -0.5 2.4 -0.3
v 0.6 2.4 -0.3
v 0.7 2.4 -0.3
v 0.8 2.4 -0.3
v -0.6 2.4 -0.4
v -0.5 2.4 -0.4
v -0.4 2.4 -0.4
v 0.5 2.4 -0.4
v 0.6 2.4 -0.4
v 0.7 2.4 -0.4
v -0.5 2.4 -0.5
v -0.4 2.4 -0.5
v 0.5 2.4 -0.5
v 0.6 2.4 -0.5
v -0.9 2.5 0.4
v -0.7 2.5 0.4
v 0.8 2.5 0.4
v 1 2.5 0.4
v -1 2.5 0.3
v -0.9 2.5 0.3
v -0.7 2.5 0.3
v 0.8 2.5 0.3
v 1 2.5 0.3
v 1.1 2.5 0.3
v -1.1 2.5 0.2
v -1 2.5 0.2
v -0.9 2.5 0.2
v 1 2.5 0.2
v 1.1 2.5 0.2
v 1.2 2.5 0.2
v -1.1 2.5 -0.2
v -1 2.5 -0.2
v -0.9 2.5 -0.2
v 1 2.5 -0.2
v 1.1 2.5 -0.2
v 1.2 2.5 -0.2
v -1 2.5 -0.3
v -0.9 2.5 -0.3
v -0.7 2.5 -0.3
v 0.8 2.5 -0.3
v 1 2.5 -0.3
v 1.1 2.5 -0.3
v -0.9 2.5 -0.4
v -0.7 2.5 -0.4
v 0.8 2.5 -0.4
v 1 2.5 -0.4
v -1 2.6 0.4
v -0.9 2.6 0.4
v -0.7 2.6 0.4
v -0.6 2.6 0.4
v 0.7 2.6 0.4
v 0.8 2.6 0.4
v 1 2.6 0.4
v 1.1 2.6 0.4
v -1.1 2.6 0.3
v -1 2.6 0.3
v -0.9 2.6 0.3
v -0.7 2.6 0.3
v -0.6 2.6 0.3
v 0.7 2.6 0.3
v 0.8 2.6 0.3
v 1 2.6 0.3
v 1.1 2.6 0.3
v 1.2 2.6 0.3
v -1.1 2.6 0.2
v -1 2.6 0.2
v 1.1 2.6 0.2
v 1.2 2.6 0.2
v -0.9 2.6 0.1
v -0.7 2.6 0.1
v 0.8 2.6 0.1
v 1 2.6 0.1
v -0.9 2.6 -0.1
v -0.7 2.6 -0.1
v 0.8 2.6 -0.1
v 1 2.6 -0.1
v -1.1 2.6 -0.2
v -1 2.6 -0.2
v 1.1 2.6 -0.2
v 1.2 2.6 -0.2
v -1.1 2.6 -0.3
v -1 2.6 -0.3
v -0.9 2.6 -0.3
v -0.7 2.6 -0.3
v -0.6 2.6 -0.3
v 0.7 2.6 -0.3
v 0.8 2.6 -0.3
v 1 2.6 -0.3
v 1.1 2.6 -0.3
v 1.2 2.6 -0.3
v -1 2.6 -0.4
v -0.9 2.6 -0.4
v -0.7 2.6 -0.4
v -0.6 2.6 -0.4
v 0.7 2.6 -0.4
v 0.8 2.6 -0.4
v 1 2.6 -0.4
v 1.1 2.6 -0.4
v -0.7 2.8 0.3
v -0.6 2.8 0.3
v 0.7 2.8 0.3
v 0.8 2.8 0.3
v -0.7 2.8 -0.3
v -0.6 2.8 -0.3
v 0.7 2.8 -0.3
v 0.8 2.8 -0.3
v -0.6 2.9 0.3
v -0.5 2.9 0.3
v 0.6 2.9 0.3
v 0.7 2.9 0.3
v -0.6 2.9 -0.3
v -0.5 2.9 -0.3
v 0.6 2.9 -0.3
v 0.7 2.9 -0.3
v -0.2 3 0.5
v 0.3 3 0.5
v -0.2 3 0.4
v 0.3 3 0.4
v -0.5 3 0.3
v -0.4 3 0.3
v 0.5 3 0.3
v 0.6 3 0.3
v -0.5 3 -0.3
v -0.4 3 -0.3
v 0.5 3 -0.3
v 0.6 3 -0.3
v -0.1 0.2 0.2
v 0 0.2 0.2
v 0.1 0.2 0.2
v 0.2 0.2 0.2
v -0.1 0.2 -0.2
v 0 0.2 -0.2
v 0.1 0.2 -0.2
v 0.2 0.2 -0.2
v -0.1 0.3 0.4
v 0 0.3 0.4
v 0.1 0.3 0.4
v 0.2 0.3 0.4
v -0.1 0.3 0.2
v 0 0.3 0.2
v 0.1 0.3 0.2
v 0.2 0.3 0.2
v -0.1 0.3 -0.2
v 0 0.3 -0.2
v 0.1 0.3 -0.2
v 0.2 0.3 -0.2
v -0.1 0.3 -0.4
v 0 0.3 -0.4
v 0.1 0.3 -0.4
v 0.2 0.3 -0.4
v -0.1 0.5 0.5
v 0 0.5 0.5
v 0.1 0.5 0.5
v 0.2 0.5 0.5
v -0.1 0.5 0.4
v 0 0.5 0.4
v 0.1 0.5 0.4
v 0.2 0.5 0.4
v -0.1 0.5 -0.4
v 0 0.5 -0.4
v 0.1 0.5 -0.4
v 0.2 0.5 -0.4
v -0.1 0.5 -0.5
v 0 0.5 -0.5
v 0.1 0.5 -0.5
v 0.2 0.5 -0.5
v -0.1 0.7 0.2
v 0 0.7 0.2
v 0.1 0.7 0.2
v 0.2 0.7 0.2
v -0.1 0.7 0.1
v 0 0.7 0.1
v 0.1 0.7 0.1
v 0.2 0.7 0.1
v -0.1 0.7 -0.1
v 0 0.7 -0.1
v 0.1 0.7 -0.1
v 0.2 0.7 -0.1
v -0.1 0.7 -0.2
v 0 0.7 -0.2
v 0.1 0.7 -0.2
v 0.2 0.7 -0.2
v -0.2 0.8 0.2
v -0.1 0.8 0.2
v 0.2 0.8 0.2
v 0.3 0.8 0.2
v -0.2 0.8 0.1
v -0.1 0.8 0.1
v 0 0.8 0.1
v 0.1 0.8 0.1
v 0.2 0.8 0.1
v 0.3 0.8 0.1
v -0.2 0.8 -0.1
v -0.1 0.8 -0.1
v 0 0.8 -0.1
v 0.1 0.8 -0.1
v 0.2 0.8 -0.1
v 0.3 0.8 -0.1
v -0.2 0.8 -0.2
v -0.1 0.8 -0.2
v 0.2 0.8 -0.2
v 0.3 0.8 -0.2
v 0 0.9 0.7
v 0.1 0.9 0.7
v -0.1 0.9 0.6
v 0 0.9 0.6
v 0.1 0.9 0.6
v 0.2 0.9 0.6
v -0.1 0.9 0.5
v 0 0.9 0.5
v 0.1 0.9 0.5
v 0.2 0.9 0.5
v -0.3 0.9 0.2
v -0.2 0.9 0.2
v 0.3 0.9 0.2
v 0.4 0.9 0.2
v -0.4 0.9 0.1
v -0.3 0.9 0.1
v -0.2 0.9 0.1
v 0.3 0.9 0.1
v 0.4 0.9 0.1
v 0.5 0.9 0.1
v -0.4 0.9 -0.1
v -0.3 0.9 -0.1
v -0.2 0.9 -0.1
v 0.3 0.9 -0.1
v 0.4 0.9 -0.1
v 0.5 0.9 -0.1
v -0.3 0.9 -0.2
v -0.2 0.9 -0.2
v 0.3 0.9 -0.2
v 0.4 0.9 -0.2
v -0.1 0.9 -0.5
v 0 0.9 -0.5
v 0.1 0.9 -0.5
v 0.2 0.9 -0.5
v -0.1 0.9 -0.6
v 0 0.9 -0.6
v 0.1 0.9 -0.6
v 0.2 0.9 -0.6
v 0 0.9 -0.7
v 0.1 0.9 -0.7
v 0 1.1 0.6
v 0.1 1.1 0.6
v -0.1 1.1 0.5
v 0 1.1 0.5
v 0.1 1.1 0.5
v 0.2 1.1 0.5
v -0.1 1.1 0.4
v 0 1.1 0.4
v 0.1 1.1 0.4
v 0.2 1.1 0.4
v -0.1 1.1 -0.4
v 0 1.1 -0.4
v 0.1 1.1 -0.4
v 0.2 1.1 -0.4
v -0.1 1.1 -0.5
v 0 1.1 -0.5
v 0.1 1.1 -0.5
v 0.2 1.1 -0.5
v 0 1.1 -0.6
v 0.1 1.1 -0.6
v 0 1.2 0.5
v 0.1 1.2 0.5
v -0.1 1.2 0.4
v 0 1.2 0.4
v 0.1 1.2 0.4
v 0.2 1.2 0.4
v -0.1 1.2 0.3
v 0 1.2 0.3
v 0.1 1.2 0.3
v 0.2 1.2 0.3
v -0.1 1.2 -0.3
v 0 1.2 -0.3
v 0.1 1.2 -0.3
v 0.2 1.2 -0.3
v -0.1 1.2 -0.4
v 0 1.2 -0.4
v 0.1 1.2 -0.4
v 0.2 1.2 -0.4
v 0 1.2 -0.5
v 0.1 1.2 -0.5
v 0 1.3 0.4
v 0.1 1.3 0.4
v -0.1 1.3 0.3
v 0 1.3 0.3
v 0.1 1.3 0.3
v 0.2 1.3 0.3
v -0.1 1.3 0.1
v 0.2 1.3 0.1
v -0.1 1.3 -0.1
v 0.2 1.3 -0.1
v -0.1 1.3 -0.3
v 0 1.3 -0.3
v 0.1 1.3 -0.3
v 0.2 1.3 -0.3
v 0 1.3 -0.4
v 0.1 1.3 -0.4
v 0 1.4 0.3
v 0.1 1.4 0.3
v 0 1.4 -0.3
v 0.1 1.4 -0.3
v -0.3 1.5 0.1
v -0.1 1.5 0.1
v 0.2 1.5 0.1
v 0.4 1.5 0.1
v -0.3 1.5 -0.1
v -0.1 1.5 -0.1
v 0.2 1.5 -0.1
v 0.4 1.5 -0.1
v -0.1 1.8 0.6
v 0 1.8 0.6
v 0.1 1.8 0.6
v 0.2 1.8 0.6
v -0.1 1.8 0.5
v 0 1.8 0.5
v 0.1 1.8 0.5
v 0.2 1.8 0.5
v -0.1 1.8 -0.5
v 0 1.8 -0.5
v 0.1 1.8 -0.5
v 0.2 1.8 -0.5
v -0.1 1.8 -0.6
v 0 1.8 -0.6
v 0.1 1.8 -0.6
v 0.2 1.8 -0.6
v 0 1.9 0.6
v 0.1 1.9 0.6
v 0 1.9 0.5
v 0.1 1.9 0.5
v -0.8 1.9 0.2
v -0.7 1.9 0.2
v 0.8 1.9 0.2
v 0.9 1.9 0.2
v -1 1.9 0.1
v -0.9 1.9 0.1
v -0.8 1.9 0.1
v -0.7 1.9 0.1
v -0.6 1.9 0.1
v 0.7 1.9 0.1
v 0.8 1.9 0.1
v 0.9 1.9 0.1
v 1 1.9 0.1
v 1.1 1.9 0.1
v -1 1.9 0
v -0.9 1.9 0
v -0.7 1.9 0
v -0.6 1.9 0
v 0.7 1.9 0
v 0.8 1.9 0
v 1 1.9 0
v 1.1 1.9 0
v -0.9 1.9 -0.1
v -0.8 1.9 -0.1
v 0.9 1.9 -0.1
v 1 1.9 -0.1
v -0.9 1.9 -0.2
v -0.8 1.9 -0.2
v 0.9 1.9 -0.2
v 1 1.9 -0.2
v 0 1.9 -0.5
v 0.1 1.9 -0.5
v 0 1.9 -0.6
v 0.1 1.9 -0.6
v -0.9 2 0.2
v -0.8 2 0.2
v 0.9 2 0.2
v 1 2 0.2
v -0.9 2 0.1
v -0.8 2 0.1
v 0.9 2 0.1
v 1 2 0.1
v -1 2 0
v -0.9 2 0
v -0.7 2 0
v -0.6 2 0
v 0.7 2 0
v 0.8 2 0
v 1 2 0
v 1.1 2 0
v -1 2 -0.1
v -0.9 2 -0.1
v -0.8 2 -0.1
v -0.7 2 -0.1
v -0.6 2 -0.1
v 0.7 2 -0.1
v 0.8 2 -0.1
v 0.9 2 -0.1
v 1 2 -0.1
v 1.1 2 -0.1
v -0.8 2 -0.2
v -0.7 2 -0.2
v 0.8 2 -0.2
v 0.9 2 -0.2
v 0 2.4 0.5
v 0.1 2.4 0.5
v 0 2.4 0.4
v 0.1 2.4 0.4
v -0.1 2.6 0.5
v 0 2.6 0.5
v 0.1 2.6 0.5
v 0.2 2.6 0.5
v -0.1 2.6 0.4
v 0 2.6 0.4
v 0.1 2.6 0.4
v 0.2 2.6 0.4
v -0.7 2.7 0.3
v -0.6 2.7 0.3
v 0.7 2.7 0.3
v 0.8 2.7 0.3
v -0.7 2.7 -0.3
v -0.6 2.7 -0.3
v 0.7 2.7 -0.3
v 0.8 2.7 -0.3
v -0.2 2.8 0.5
v -0.1 2.8 0.5
v 0.2 2.8 0.5
v 0.3 2.8 0.5
v -1 2.8 0.4
v -0.9 2.8 0.4
v -0.2 2.8 0.4
v -0.1 2.8 0.4
v 0.2 2.8 0.4
v 0.3 2.8 0.4
v 1 2.8 0.4
v 1.1 2.8 0.4
v -1.1 2.8 0.3
v -1 2.8 0.3
v -0.9 2.8 0.3
v -0.6 2.8 0.3
v -0.5 2.8 0.3
v 0.6 2.8 0.3
v 0.7 2.8 0.3
v 1 2.8 0.3
v 1.1 2.8 0.3
v 1.2 2.8 0.3
v -1.1 2.8 0.2
v -1 2.8 0.2
v 1.1 2.8 0.2
v 1.2 2.8 0.2
v -1.1 2.8 -0.2
v -1 2.8 -0.2
v 1.1 2.8 -0.2
v 1.2 2.8 -0.2
v -1.1 2.8 -0.3
v -1 2.8 -0.3
v -0.9 2.8 -0.3
v -0.6 2.8 -0.3
v -0.5 2.8 -0.3
v 0.6 2.8 -0.3
v 0.7 2.8 -0.3
v 1 2.8 -0.3
v 1.1 2.8 -0.3
v 1.2 2.8 -0.3
v -1 2.8 -0.4
v -0.9 2.8 -0.4
v 1 2.8 -0.4
v 1.1 2.8 -0.4
v -0.5 2.9 0.5
v -0.4 2.9 0.5
v 0.5 2.9 0.5
v 0.6 2.9 0.5
v -0.9 2.9 0.4
v -0.5 2.9 0.4
v -0.4 2.9 0.4
v 0.5 2.9 0.4
v 0.6 2.9 0.4
v 1 2.9 0.4
v -1 2.9 0.3
v -0.9 2.9 0.3
v -0.5 2.9 0.3
v -0.4 2.9 0.3
v 0.5 2.9 0.3
v 0.6 2.9 0.3
v 1 2.9 0.3
v 1.1 2.9 0.3
v -1.1 2.9 0.2
v -1 2.9 0.2
v -0.9 2.9 0.2
v 1 2.9 0.2
v 1.1 2.9 0.2
v 1.2 2.9 0.2
v -1.1 2.9 -0.2
v -1 2.9 -0.2
v -0.9 2.9 -0.2
v 1 2.9 -0.2
v 1.1 2.9 -0.2
v 1.2 2.9 -0.2
v -1 2.9 -0.3
v -0.9 2.9 -0.3
v -0.5 2.9 -0.3
v -0.4 2.9 -0.3
v 0.5 2.9 -0.3
v 0.6 2.9 -0.3
v 1 2.9 -0.3
v 1.1 2.9 -0.3
v -0.9 2.9 -0.4
v -0.5 2.9 -0.4
v -0.4 2.9 -0.4
v 0.5 2.9 -0.4
v 0.6 2.9 -0.4
v 1 2.9 -0.4
v -0.5 2.9 -0.5
v -0.4 2.9 -0.5
v 0.5 2.9 -0.5
v 0.6 2.9 -0.5
v -0.4 3 0.5
v -0.3 3 0.5
v 0.4 3 0.5
v 0.5 3 0.5
v -0.5 3 0.4
v -0.4 3 0.4
v -0.3 3 0.4
v 0.4 3 0.4
v 0.5 3 0.4
v 0.6 3 0.4
v -0.9 3 0.3
v -0.5 3 0.3
v -0.4 3 0.3
v 0.5 3 0.3
v 0.6 3 0.3
v 1 3 0.3
v -1 3 0.2
v -0.9 3 0.2
v -0.5 3 0.2
v 0.6 3 0.2
v 1 3 0.2
v 1.1 3 0.2
v -1 3 -0.2
v -0.9 3 -0.2
v -0.5 3 -0.2
v 0.6 3 -0.2
v 1 3 -0.2
v 1.1 3 -0.2
v -0.9 3 -0.3
v -0.5 3 -0.3
v -0.4 3 -0.3
v 0.5 3 -0.3
v 0.6 3 -0.3
v 1 3 -0.3
v -0.5 3 -0.4
v -0.4 3 -0.4
v -0.3 3 -0.4
v 0.4 3 -0.4
v 0.5 3 -0.4
v 0.6 3 -0.4
v -0.4 3 -0.5
v -0.3 3 -0.5
v 0.4 3 -0.5
v 0.5 3 -0.5
v -0.3 3.1 0.5
v -0.2 3.1 0.5
v 0.3 3.1 0.5
v 0.4 3.1 0.5
v -0.4 3.1 0.4
v -0.3 3.1 0.4
v -0.2 3.1 0.4
v 0.3 3.1 0.4
v 0.4 3.1 0.4
v 0.5 3.1 0.4
v -0.5 3.1 0.3
v -0.4 3.1 0.3
v -0.3 3.1 0.3
v 0.4 3.1 0.3
v 0.5 3.1 0.3
v 0.6 3.1 0.3
v -0.9 3.1 0.2
v -0.5 3.1 0.2
v 0.6 3.1 0.2
v 1 3.1 0.2
v -0.9 3.1 -0.2
v -0.5 3.1 -0.2
v 0.6 3.1 -0.2
v 1 3.1 -0.2
v -0.5 3.1 -0.3
v -0.4 3.1 -0.3
v -0.3 3.1 -0.3
v 0.4 3.1 -0.3
v 0.5 3.1 -0.3
v 0.6 3.1 -0.3
v -0.4 3.1 -0.4
v -0.3 3.1 -0.4
v 0.4 3.1 -0.4
v 0.5 3.1 -0.4
v -0.3 3.1 -0.5
v 0.4 3.1 -0.5
v -0.2 3.2 0.5
v 0.3 3.2 0.5
v -0.3 3.2 0.4
v -0.2 3.2 0.4
v 0.3 3.2 0.4
v 0.4 3.2 0.4
v -0.4 3.2 0.3
v -0.3 3.2 0.3
v 0.4 3.2 0.3
v 0.5 3.2 0.3
v -0.4 3.2 -0.3
v -0.3 3.2 -0.3
v 0.4 3.2 -0.3
v 0.5 3.2 -0.3
v -0.3 3.2 -0.4
v 0.4 3.2 -0.4

# faces
f 4/4/1 2/4/1 1/4/1
f 5/4/1 2/4/1 4/4/1
f 7/4/1 4/4/1 3/4/1
f 7/4/1 6/4/1 5/4/1
f 7/4/1 5/4/1 4/4/1
f 8/4/1 6/4/1 7/4/1
f 9/4/1 6/4/1 8/4/1
f 10/4/1 6/4/1 9/4/1
f 11/4/1 9/4/1 8/4/1
f 12/4/1 9/4/1 11/4/1
f 16/4/1 14/4/1 13/4/1
f 17/4/1 14/4/1 16/4/1
f 18/2/1 16/2/1 15/2/1
f 18/2/1 17/2/1 16/2/1
f 19/2/1 17/2/1 18/2/1
f 20/2/1 17/2/1 19/2/1
f 21/2/1 17/2/1 20/2/1
f 25/4/1 23/4/1 22/4/1
f 26/4/1 23/4/1 25/4/1
f 29/4/1 25/4/1 24/4/1
f 30/4/1 25/4/1 29/4/1
f 31/4/1 27/4/1 26/4/1
f 32/4/1 27/4/1 31/4/1
f 34/4/1 29/4/1 28/4/1
f 35/4/1 29/4/1 34/4/1
f 38/4/1 33/4/1 32/4/1
f 39/4/1 33/4/1 38/4/1
f 40/4/1 36/4/1 35/4/1
f 41/4/1 36/4/1 40/4/1
f 42/4/1 38/4/1 37/4/1
f 43/4/1 38/4/1 42/4/1
f 44/4/1 42/4/1 41/4/1
f 45/4/1 42/4/1 44/4/1
f 48/4/1 47/4/1 46/4/1
f 50/4/1 48/4/1 46/4/1
f 51/2/1 49/2/1 48/2/1
f 51/4/1 48/4/1 50/4/1
f 52/2/1 49/2/1 51/2/1
f 55/2/1 51/2/1 50/2/1
f 57/2/1 54/2/1 53/2/1
f 58/2/1 54/2/1 57/2/1
f 59/2/1 55/2/1 50/2/1
f 60/5/1 56/5/1 55/5/1
f 60/2/1 55/2/1 59/2/1
f 61/5/1 56/5/1 60/5/1
f 63/5/1 62/5/1 61/5/1
f 63/5/1 61/5/1 60/5/1
f 64/5/1 62/5/1 63/5/1
f 69/4/1 66/4/1 65/4/1
f 70/4/1 66/4/1 69/4/1
f 71/4/1 68/4/1 67/4/1
f 72/4/1 68/4/1 71/4/1
f 77/4/1 74/4/1 73/4/1
f 78/4/1 74/4/1 77/4/1
f 81/4/1 76/4/1 75/4/1
f 82/4/1 76/4/1 81/4/1
f 83/4/1 79/4/1 78/4/1
f 84/4/1 79/4/1 83/4/1
f 85/4/1 81/4/1 80/4/1
f 86/4/1 81/4/1 85/4/1
f 87/4/1 85/4/1 84/4/1
f 88/4/1 85/4/1 87/4/1
f 91/4/1 90/4/1 89/4/1
f 92/4/1 90/4/1 91/4/1
f 93/4/1 90/4/1 92/4/1
f 96/2/1 95/2/1 94/2/1
f 97/2/1 95/2/1 96/2/1
f 100/4/1 99/4/1 98/4/1
f 101/4/1 99/4/1 100/4/1
f 106/2/1 103/2/1 102/2/1
f 107/2/1 105/2/1 104/2/1
f 108/2/1 103/2/1 106/2/1
f 109/2/1 103/2/1 108/2/1
f 110/2/1 107/2/1 104/2/1
f 111/2/1 107/2/1 110/2/1
f 115/2/1 113/2/1 112/2/1
f 116/2/1 113/2/1 115/2/1
f 118/2/1 115/2/1 114/2/1
f 119/2/1 115/2/1 118/2/1
f 120/2/1 117/2/1 116/2/1
f 121/2/1 117/2/1 120/2/1
f 124/2/1 123/2/1 122/2/1
f 125/2/1 123/2/1 124/2/1
f 129/3/1 127/3/1 126/3/1
f 130/3/1 127/3/1 129/3/1
f 132/3/1 129/3/1 128/3/1
f 132/3/1 131/3/1 130/3/1
f 132/3/1 130/3/1 129/3/1
f 133/3/1 131/3/1 132/3/1
f 134/3/1 131/3/1 133/3/1
f 135/3/1 131/3/1 134/3/1
f 137/2/1 133/2/1 132/2/1
f 138/3/1 134/3/1 133/3/1
f 138/2/1 133/2/1 137/2/1
f 139/2/1 135/2/1 134/2/1
f 139/3/1 134/3/1 138/3/1
f 140/2/1 135/2/1 139/2/1
f 142/2/1 140/2/1 139/2/1
f 142/2/1 141/2/1 140/2/1
f 142/2/1 139/2/1 138/2/1
f 142/2/1 137/2/1 136/2/1
f 142/2/1 138/2/1 137/2/1
f 143/2/1 141/2/1 142/2/1
f 149/2/1 145/2/1 144/2/1
f 150/2/1 145/2/1 149/2/1
f 151/2/1 147/2/1 146/2/1
f 152/2/1 147/2/1 151/2/1
f 154/2/1 149/2/1 148/2/1
f 155/2/1 153/2/1 152/2/1
f 158/2/1 154/2/1 148/2/1
f 159/2/1 154/2/1 158/2/1
f 160/2/1 157/2/1 156/2/1
f 161/2/1 157/2/1 160/2/1
f 162/2/1 153/2/1 155/2/1
f 163/2/1 153/2/1 162/2/1
f 164/2/1 160/2/1 159/2/1
f 165/2/1 160/2/1 164/2/1
f 168/2/1 162/2/1 161/2/1
f 169/2/1 162/2/1 168/2/1
f 170/2/1 166/2/1 165/2/1
f 171/2/1 166/2/1 170/2/1
f 172/2/1 168/2/1 167/2/1
f 173/2/1 168/2/1 172/2/1
f 176/2/1 175/2/1 174/2/1
f 177/2/1 175/2/1 176/2/1
f 182/3/1 179/3/1 178/3/1
f 183/3/1 181/3/1 180/3/1
f 184/3/1 181/3/1 183/3/1
f 185/3/1 181/3/1 184/3/1
f 186/3/1 182/3/1 178/3/1
f 187/3/1 182/3/1 186/3/1
f 188/2/1 185/2/1 184/2/1
f 190/2/1 187/2/1 186/2/1
f 191/2/1 187/2/1 190/2/1
f 192/2/1 185/2/1 188/2/1
f 193/2/1 185/2/1 192/2/1
f 196/2/1 190/2/1 189/2/1
f 197/2/1 190/2/1 196/2/1
f 198/2/1 194/2/1 193/2/1
f 199/2/1 194/2/1 198/2/1
f 201/2/1 196/2/1 195/2/1
f 202/2/1 196/2/1 201/2/1
f 203/2/1 200/2/1 199/2/1
f 204/2/1 200/2/1 203/2/1
f 211/2/1 206/2/1 205/2/1
f 212/2/1 206/2/1 211/2/1
f 213/2/1 208/2/1 207/2/1
f 214/2/1 208/2/1 213/2/1
f 215/2/1 210/2/1 209/2/1
f 216/2/1 210/2/1 215/2/1
f 217/2/1 213/2/1 212/2/1
f 218/2/1 213/2/1 217/2/1
f 219/2/1 215/2/1 214/2/1
f 220/2/1 215/2/1 219/2/1
f 221/2/1 219/2/1 218/2/1
f 222/2/1 219/2/1 221/2/1
f 225/2/1 224/2/1 223/2/1
f 226/2/1 224/2/1 225/2/1
f 231/2/1 228/2/1 227/2/1
f 232/2/1 228/2/1 231/2/1
f 233/2/1 230/2/1 229/2/1
f 234/2/1 230/2/1 233/2/1
f 239/5/1 233/5/1 232/5/1
f 240/5/1 233/5/1 239/5/1
f 241/3/1 236/3/1 235/3/1
f 242/3/1 236/3/1 241/3/1
f 243/3/1 238/3/1 237/3/1
f 244/2/1 242/2/1 241/2/1
f 245/3/1 238/3/1 243/3/1
f 246/3/1 238/3/1 245/3/1
f 248/2/1 244/2/1 241/2/1
f 249/2/1 244/2/1 248/2/1
f 250/2/1 246/2/1 245/2/1
f 251/2/1 246/2/1 250/2/1
f 253/2/1 248/2/1 247/2/1
f 254/2/1 248/2/1 253/2/1
f 255/2/1 252/2/1 251/2/1
f 256/2/1 252/2/1 255/2/1
f 261/2/1 258/2/1 257/2/1
f 262/2/1 258/2/1 261/2/1
f 265/2/1 260/2/1 259/2/1
f 266/2/1 260/2/1 265/2/1
f 267/2/1 263/2/1 262/2/1
f 268/2/1 263/2/1 267/2/1
f 269/2/1 265/2/1 264/2/1
f 270/2/1 265/2/1 269/2/1
f 275/2/1 272/2/1 271/2/1
f 276/2/1 272/2/1 275/2/1
f 277/2/1 274/2/1 273/2/1
f 278/2/1 274/2/1 277/2/1
f 283/3/1 280/3/1 279/3/1
f 284/3/1 283/3/1 279/3/1
f 285/3/1 283/3/1 284/3/1
f 286/3/1 282/3/1 281/3/1
f 287/3/1 282/3/1 286/3/1
f 288/2/1 285/2/1 284/2/1
f 289/2/1 285/2/1 288/2/1
f 290/2/1 287/2/1 286/2/1
f 291/2/1 287/2/1 290/2/1
f 294/2/1 293/2/1 292/2/1
f 295/2/1 293/2/1 294/2/1
f 299/4/1 297/4/1 296/4/1
f 300/4/1 297/4/1 299/4/1
f 303/4/1 299/4/1 298/4/1
f 304/4/1 299/4/1 303/4/1
f 305/4/1 301/4/1 300/4/1
f 306/4/1 301/4/1 305/4/1
f 309/4/1 303/4/1 302/4/1
f 310/4/1 303/4/1 309/4/1
f 311/4/1 307/4/1 306/4/1
f 312/4/1 307/4/1 311/4/1
f 314/4/1 309/4/1 308/4/1
f 315/4/1 309/4/1 314/4/1
f 318/4/1 313/4/1 312/4/1
f 319/4/1 313/4/1 318/4/1
f 320/4/1 316/4/1 315/4/1
f 321/4/1 316/4/1 320/4/1
f 324/4/1 318/4/1 317/4/1
f 325/4/1 318/4/1 324/4/1
f 326/4/1 322/4/1 321/4/1
f 327/4/1 322/4/1 326/4/1
f 330/4/1 324/4/1 323/4/1
f 331/4/1 324/4/1 330/4/1
f 332/4/1 328/4/1 327/4/1
f 333/4/1 328/4/1 332/4/1
f 334/4/1 330/4/1 329/4/1
f 335/4/1 330/4/1 334/4/1
f 340/3/1 337/3/1 336/3/1
f 341/3/1 339/3/1 338/3/1
f 342/3/1 340/3/1 336/3/1
f 343/3/1 340/3/1 342/3/1
f 344/3/1 339/3/1 341/3/1
f 345/3/1 339/3/1 344/3/1
f 349/4/1 347/4/1 346/4/1
f 350/4/1 347/4/1 349/4/1
f 353/4/1 349/4/1 348/4/1
f 354/4/1 349/4/1 353/4/1
f 355/4/1 351/4/1 350/4/1
f 356/4/1 351/4/1 355/4/1
f 359/4/1 353/4/1 352/4/1
f 360/4/1 353/4/1 359/4/1
f 361/2/1 355/2/1 354/2/1
f 362/2/1 355/2/1 361/2/1
f 363/4/1 357/4/1 356/4/1
f 364/4/1 357/4/1 363/4/1
f 367/4/1 359/4/1 358/4/1
f 368/4/1 359/4/1 367/4/1
f 369/2/1 362/2/1 361/2/1
f 369/2/1 363/2/1 362/2/1
f 369/2/1 361/2/1 360/2/1
f 370/2/1 363/2/1 369/2/1
f 371/4/1 365/4/1 364/4/1
f 372/4/1 365/4/1 371/4/1
f 374/2/1 370/2/1 369/2/1
f 374/2/1 371/2/1 370/2/1
f 374/2/1 369/2/1 368/2/1
f 375/2/1 371/2/1 374/2/1
f 376/2/1 371/2/1 375/2/1
f 377/2/1 371/2/1 376/2/1
f 378/2/1 374/2/1 368/2/1
f 381/2/1 371/2/1 377/2/1
f 382/2/1 379/2/1 378/2/1
f 383/2/1 381/2/1 380/2/1
f 384/4/1 367/4/1 366/4/1
f 385/4/1 367/4/1 384/4/1
f 386/2/1 383/2/1 382/2/1
f 386/2/1 382/2/1 378/2/1
f 386/2/1 378/2/1 368/2/1
f 387/2/1 383/2/1 386/2/1
f 388/2/1 381/2/1 383/2/1
f 388/2/1 383/2/1 387/2/1
f 388/2/1 371/2/1 381/2/1
f 389/2/1 371/2/1 388/2/1
f 390/4/1 373/4/1 372/4/1
f 391/4/1 373/4/1 390/4/1
f 392/4/1 386/4/1 385/4/1
f 393/4/1 386/4/1 392/4/1
f 394/2/1 388/2/1 387/2/1
f 395/2/1 388/2/1 394/2/1
f 396/2/1 388/2/1 395/2/1
f 397/2/1 388/2/1 396/2/1
f 398/4/1 390/4/1 389/4/1
f 399/4/1 390/4/1 398/4/1
f 400/4/1 394/4/1 393/4/1
f 401/4/1 394/4/1 400/4/1
f 402/2/1 396/2/1 395/2/1
f 403/2/1 396/2/1 402/2/1
f 404/4/1 398/4/1 397/4/1
f 405/4/1 398/4/1 404/4/1
f 408/4/1 402/4/1 401/4/1
f 409/4/1 402/4/1 408/4/1
f 410/4/1 404/4/1 403/4/1
f 411/4/1 404/4/1 410/4/1
f 412/3/1 407/3/1 406/3/1
f 413/3/1 407/3/1 412/3/1
f 414/4/1 410/4/1 409/4/1
f 415/4/1 410/4/1 414/4/1
f 418/3/1 417/3/1 416/3/1
f 419/3/1 417/3/1 418/3/1
f 424/3/1 421/3/1 420/3/1
f 425/3/1 421/3/1 424/3/1
f 426/3/1 423/3/1 422/3/1
f 427/3/1 423/3/1 426/3/1
f 430/4/1 429/4/1 428/4/1
f 431/4/1 429/4/1 430/4/1
f 434/2/1 433/2/1 432/2/1
f 435/2/1 433/2/1 434/2/1
f 440/2/1 437/2/1 436/2/1
f 441/2/1 437/2/1 440/2/1
f 442/2/1 439/2/1 438/2/1
f 443/2/1 439/2/1 442/2/1
f 444/5/1 442/5/1 441/5/1
f 445/5/1 442/5/1 444/5/1
f 448/5/1 447/5/1 446/5/1
f 449/5/1 447/5/1 448/5/1
f 452/4/1 451/4/1 450/4/1
f 453/4/1 451/4/1 452/4/1
f 458/2/1 455/2/1 454/2/1
f 459/2/1 455/2/1 458/2/1
f 460/2/1 457/2/1 456/2/1
f 461/2/1 457/2/1 460/2/1
f 466/3/1 463/3/1 462/3/1
f 467/3/1 463/3/1 466/3/1
f 468/3/1 465/3/1 464/3/1
f 469/3/1 465/3/1 468/3/1
f 472/4/1 471/4/1 470/4/1
f 473/4/1 471/4/1 472/4/1
f 478/3/1 475/3/1 474/3/1
f 479/3/1 475/3/1 478/3/1
f 480/3/1 477/3/1 476/3/1
f 481/3/1 477/3/1 480/3/1
f 484/3/1 483/3/1 482/3/1
f 485/3/1 483/3/1 484/3/1
f 488/4/1 487/4/1 486/4/1
f 489/4/1 487/4/1 488/4/1
f 492/4/1 491/4/1 490/4/1
f 493/4/1 491/4/1 492/4/1
f 495/2/1 493/2/1 492/2/1
f 495/2/1 494/2/1 493/2/1
f 496/2/1 494/2/1 495/2/1
f 497/2/1 494/2/1 496/2/1
f 498/2/1 494/2/1 497/2/1
f 501/4/1 500/4/1 499/4/1
f 502/4/1 500/4/1 501/4/1
f 506/4/1 504/4/1 503/4/1
f 509/2/1 506/2/1 505/2/1
f 510/4/1 504/4/1 506/4/1
f 510/2/1 506/2/1 509/2/1
f 511/4/1 504/4/1 510/4/1
f 512/2/1 508/2/1 507/2/1
f 513/2/1 508/2/1 512/2/1
f 515/5/1 514/5/1 513/5/1
f 516/2/1 511/2/1 510/2/1
f 517/2/1 511/2/1 516/2/1
f 518/5/1 515/5/1 513/5/1
f 518/5/1 516/5/1 515/5/1
f 519/5/1 516/5/1 518/5/1
f 524/4/1 521/4/1 520/4/1
f 525/4/1 521/4/1 524/4/1
f 526/4/1 523/4/1 522/4/1
f 527/4/1 523/4/1 526/4/1
f 530/4/1 529/4/1 528/4/1
f 531/4/1 529/4/1 530/4/1
f 534/4/1 533/4/1 532/4/1
f 535/4/1 534/4/1 532/4/1
f 536/4/1 534/4/1 535/4/1
f 539/2/1 538/2/1 537/2/1
f 540/2/1 538/2/1 539/2/1
f 543/4/1 542/4/1 541/4/1
f 544/4/1 542/4/1 543/4/1
f 550/4/1 546/4/1 545/4/1
f 551/4/1 548/4/1 547/4/1
f 553/4/1 550/4/1 549/4/1
f 554/4/1 546/4/1 550/4/1
f 554/4/1 550/4/1 553/4/1
f 555/4/1 552/4/1 551/4/1
f 555/4/1 551/4/1 547/4/1
f 556/4/1 552/4/1 555/4/1
f 557/4/2 558/4/2 559/4/2
f 559/4/2 558/4/2 560/4/2
f 561/4/2 562/4/2 566/4/2
f 563/4/2 564/4/2 567/4/2
f 565/4/2 566/4/2 569/4/2
f 566/4/2 562/4/2 570/4/2
f 569/4/2 566/4/2 570/4/2
f 567/4/2 568/4/2 571/4/2
f 563/4/2 567/4/2 571/4/2
f 571/4/2 568/4/2 572/4/2
f 573/4/2 574/4/2 575/4/2
f 573/4/2 575/4/2 576/4/2
f 576/4/2 575/4/2 577/4/2
f 578/2/2 579/2/2 580/2/2
f 580/2/2 579/2/2 581/2/2
f 582/4/2 583/4/2 585/4/2
f 584/2/2 585/2/2 588/2/2
f 585/4/2 583/4/2 589/4/2
f 588/2/2 585/2/2 589/2/2
f 589/4/2 583/4/2 590/4/2
f 586/2/2 587/2/2 591/2/2
f 591/2/2 587/2/2 592/2/2
f 592/5/2 593/5/2 594/5/2
f 589/2/2 590/2/2 595/2/2
f 595/2/2 590/2/2 596/2/2
f 592/5/2 594/5/2 597/5/2
f 594/5/2 595/5/2 597/5/2
f 597/5/2 595/5/2 598/5/2
f 599/4/2 600/4/2 603/4/2
f 603/4/2 600/4/2 604/4/2
f 601/4/2 602/4/2 605/4/2
f 605/4/2 602/4/2 606/4/2
f 607/4/2 608/4/2 609/4/2
f 609/4/2 608/4/2 610/4/2
f 611/4/2 612/4/2 613/4/2
f 613/4/2 612/4/2 614/4/2
f 613/2/2 614/2/2 616/2/2
f 614/2/2 615/2/2 616/2/2
f 616/2/2 615/2/2 617/2/2
f 617/2/2 615/2/2 618/2/2
f 618/2/2 615/2/2 619/2/2
f 620/4/2 621/4/2 622/4/2
f 622/4/2 621/4/2 623/4/2
f 624/4/2 625/4/2 626/4/2
f 626/4/2 625/4/2 627/4/2
f 628/3/2 629/3/2 630/3/2
f 630/3/2 629/3/2 631/3/2
f 632/3/2 633/3/2 636/3/2
f 636/3/2 633/3/2 637/3/2
f 634/3/2 635/3/2 638/3/2
f 638/3/2 635/3/2 639/3/2
f 640/2/2 641/2/2 644/2/2
f 644/2/2 641/2/2 645/2/2
f 642/2/2 643/2/2 646/2/2
f 646/2/2 643/2/2 647/2/2
f 648/3/2 649/3/2 652/3/2
f 652/3/2 649/3/2 653/3/2
f 650/3/2 651/3/2 654/3/2
f 654/3/2 651/3/2 655/3/2
f 656/4/2 657/4/2 658/4/2
f 658/4/2 657/4/2 659/4/2
f 660/2/2 661/2/2 662/2/2
f 662/2/2 661/2/2 663/2/2
f 664/2/2 665/2/2 668/2/2
f 668/2/2 665/2/2 669/2/2
f 666/2/2 667/2/2 670/2/2
f 670/2/2 667/2/2 671/2/2
f 669/5/2 670/5/2 672/5/2
f 672/5/2 670/5/2 673/5/2
f 674/5/2 675/5/2 676/5/2
f 676/5/2 675/5/2 677/5/2
f 678/4/2 679/4/2 680/4/2
f 680/4/2 679/4/2 681/4/2
f 682/4/2 683/4/2 684/4/2
f 684/4/2 683/4/2 685/4/2
f 686/4/2 687/4/2 689/4/2
f 689/4/2 687/4/2 690/4/2
f 688/4/2 689/4/2 693/4/2
f 693/4/2 689/4/2 694/4/2
f 690/4/2 691/4/2 695/4/2
f 695/4/2 691/4/2 696/4/2
f 692/4/2 693/4/2 699/4/2
f 699/4/2 693/4/2 700/4/2
f 694/2/2 695/2/2 701/2/2
f 701/2/2 695/2/2 702/2/2
f 696/4/2 697/4/2 703/4/2
f 703/4/2 697/4/2 704/4/2
f 698/4/2 699/4/2 707/4/2
f 707/4/2 699/4/2 708/4/2
f 701/2/2 702/2/2 709/2/2
f 702/2/2 703/2/2 709/2/2
f 700/2/2 701/2/2 709/2/2
f 709/2/2 703/2/2 710/2/2
f 704/4/2 705/4/2 711/4/2
f 711/4/2 705/4/2 712/4/2
f 709/2/2 710/2/2 714/2/2
f 710/2/2 711/2/2 714/2/2
f 708/2/2 709/2/2 714/2/2
f 714/2/2 711/2/2 715/2/2
f 715/2/2 711/2/2 716/2/2
f 716/2/2 711/2/2 717/2/2
f 708/2/2 714/2/2 718/2/2
f 717/2/2 711/2/2 721/2/2
f 718/2/2 719/2/2 722/2/2
f 720/2/2 721/2/2 723/2/2
f 706/4/2 707/4/2 724/4/2
f 724/4/2 707/4/2 725/4/2
f 722/2/2 723/2/2 726/2/2
f 718/2/2 722/2/2 726/2/2
f 708/2/2 718/2/2 726/2/2
f 726/2/2 723/2/2 727/2/2
f 723/2/2 721/2/2 728/2/2
f 727/2/2 723/2/2 728/2/2
f 721/2/2 711/2/2 728/2/2
f 728/2/2 711/2/2 729/2/2
f 712/4/2 713/4/2 730/4/2
f 730/4/2 713/4/2 731/4/2
f 725/4/2 726/4/2 732/4/2
f 732/4/2 726/4/2 733/4/2
f 727/2/2 728/2/2 734/2/2
f 734/2/2 728/2/2 735/2/2
f 735/2/2 728/2/2 736/2/2
f 736/2/2 728/2/2 737/2/2
f 729/4/2 730/4/2 738/4/2
f 738/4/2 730/4/2 739/4/2
f 733/4/2 734/4/2 740/4/2
f 740/4/2 734/4/2 741/4/2
f 735/2/2 736/2/2 742/2/2
f 742/2/2 736/2/2 743/2/2
f 737/4/2 738/4/2 744/4/2
f 744/4/2 738/4/2 745/4/2
f 741/4/2 742/4/2 748/4/2
f 748/4/2 742/4/2 749/4/2
f 743/4/2 744/4/2 750/4/2
f 750/4/2 744/4/2 751/4/2
f 746/3/2 747/3/2 752/3/2
f 752/3/2 747/3/2 753/3/2
f 749/4/2 750/4/2 754/4/2
f 754/4/2 750/4/2 755/4/2
f 756/3/2 757/3/2 758/3/2
f 758/3/2 757/3/2 759/3/2
f 760/3/2 761/3/2 764/3/2
f 764/3/2 761/3/2 765/3/2
f 762/3/2 763/3/2 766/3/2
f 766/3/2 763/3/2 767/3/2
f 768/4/2 769/4/2 771/4/2
f 771/4/2 769/4/2 772/4/2
f 770/4/2 771/4/2 775/4/2
f 775/4/2 771/4/2 776/4/2
f 772/4/2 773/4/2 777/4/2
f 777/4/2 773/4/2 778/4/2
f 774/4/2 775/4/2 781/4/2
f 781/4/2 775/4/2 782/4/2
f 778/4/2 779/4/2 783/4/2
f 783/4/2 779/4/2 784/4/2
f 780/4/2 781/4/2 786/4/2
f 786/4/2 781/4/2 787/4/2
f 784/4/2 785/4/2 790/4/2
f 790/4/2 785/4/2 791/4/2
f 787/4/2 788/4/2 792/4/2
f 792/4/2 788/4/2 793/4/2
f 789/4/2 790/4/2 796/4/2
f 796/4/2 790/4/2 797/4/2
f 793/4/2 794/4/2 798/4/2
f 798/4/2 794/4/2 799/4/2
f 795/4/2 796/4/2 802/4/2
f 802/4/2 796/4/2 803/4/2
f 799/4/2 800/4/2 804/4/2
f 804/4/2 800/4/2 805/4/2
f 801/4/2 802/4/2 806/4/2
f 806/4/2 802/4/2 807/4/2
f 808/3/2 809/3/2 812/3/2
f 810/3/2 811/3/2 813/3/2
f 808/3/2 812/3/2 814/3/2
f 814/3/2 812/3/2 815/3/2
f 813/3/2 811/3/2 816/3/2
f 816/3/2 811/3/2 817/3/2
f 818/2/2 819/2/2 822/2/2
f 822/2/2 819/2/2 823/2/2
f 820/2/2 821/2/2 824/2/2
f 824/2/2 821/2/2 825/2/2
f 826/3/2 827/3/2 830/3/2
f 826/3/2 830/3/2 831/3/2
f 831/3/2 830/3/2 832/3/2
f 828/3/2 829/3/2 833/3/2
f 833/3/2 829/3/2 834/3/2
f 831/2/2 832/2/2 835/2/2
f 835/2/2 832/2/2 836/2/2
f 833/2/2 834/2/2 837/2/2
f 837/2/2 834/2/2 838/2/2
f 839/2/2 840/2/2 841/2/2
f 841/2/2 840/2/2 842/2/2
f 843/2/2 844/2/2 845/2/2
f 845/2/2 844/2/2 846/2/2
f 847/2/2 848/2/2 851/2/2
f 851/2/2 848/2/2 852/2/2
f 849/2/2 850/2/2 853/2/2
f 853/2/2 850/2/2 854/2/2
f 852/5/2 853/5/2 859/5/2
f 859/5/2 853/5/2 860/5/2
f 855/3/2 856/3/2 861/3/2
f 861/3/2 856/3/2 862/3/2
f 857/3/2 858/3/2 863/3/2
f 861/2/2 862/2/2 864/2/2
f 863/3/2 858/3/2 865/3/2
f 865/3/2 858/3/2 866/3/2
f 861/2/2 864/2/2 868/2/2
f 868/2/2 864/2/2 869/2/2
f 865/2/2 866/2/2 870/2/2
f 870/2/2 866/2/2 871/2/2
f 867/2/2 868/2/2 873/2/2
f 873/2/2 868/2/2 874/2/2
f 871/2/2 872/2/2 875/2/2
f 875/2/2 872/2/2 876/2/2
f 877/2/2 878/2/2 881/2/2
f 881/2/2 878/2/2 882/2/2
f 879/2/2 880/2/2 885/2/2
f 885/2/2 880/2/2 886/2/2
f 882/2/2 883/2/2 887/2/2
f 887/2/2 883/2/2 888/2/2
f 884/2/2 885/2/2 889/2/2
f 889/2/2 885/2/2 890/2/2
f 891/2/2 892/2/2 893/2/2
f 893/2/2 892/2/2 894/2/2
f 895/3/2 896/3/2 899/3/2
f 897/3/2 898/3/2 900/3/2
f 900/3/2 898/3/2 901/3/2
f 901/3/2 898/3/2 902/3/2
f 895/3/2 899/3/2 903/3/2
f 903/3/2 899/3/2 904/3/2
f 901/2/2 902/2/2 905/2/2
f 903/2/2 904/2/2 907/2/2
f 907/2/2 904/2/2 908/2/2
f 905/2/2 902/2/2 909/2/2
f 909/2/2 902/2/2 910/2/2
f 906/2/2 907/2/2 913/2/2
f 913/2/2 907/2/2 914/2/2
f 910/2/2 911/2/2 915/2/2
f 915/2/2 911/2/2 916/2/2
f 912/2/2 913/2/2 918/2/2
f 918/2/2 913/2/2 919/2/2
f 916/2/2 917/2/2 920/2/2
f 920/2/2 917/2/2 921/2/2
f 922/2/2 923/2/2 928/2/2
f 928/2/2 923/2/2 929/2/2
f 924/2/2 925/2/2 930/2/2
f 930/2/2 925/2/2 931/2/2
f 926/2/2 927/2/2 932/2/2
f 932/2/2 927/2/2 933/2/2
f 929/2/2 930/2/2 934/2/2
f 934/2/2 930/2/2 935/2/2
f 931/2/2 932/2/2 936/2/2
f 936/2/2 932/2/2 937/2/2
f 935/2/2 936/2/2 938/2/2
f 938/2/2 936/2/2 939/2/2
f 940/3/2 941/3/2 943/3/2
f 943/3/2 941/3/2 944/3/2
f 942/3/2 943/3/2 946/3/2
f 944/3/2 945/3/2 946/3/2
f 943/3/2 944/3/2 946/3/2
f 946/3/2 945/3/2 947/3/2
f 947/3/2 945/3/2 948/3/2
f 948/3/2 945/3/2 949/3/2
f 946/2/2 947/2/2 951/2/2
f 947/3/2 948/3/2 952/3/2
f 951/2/2 947/2/2 952/2/2
f 948/2/2 949/2/2 953/2/2
f 952/3/2 948/3/2 953/3/2
f 953/2/2 949/2/2 954/2/2
f 953/2/2 954/2/2 956/2/2
f 954/2/2 955/2/2 956/2/2
f 952/2/2 953/2/2 956/2/2
f 950/2/2 951/2/2 956/2/2
f 951/2/2 952/2/2 956/2/2
f 956/2/2 955/2/2 957/2/2
f 958/2/2 959/2/2 963/2/2
f 963/2/2 959/2/2 964/2/2
f 960/2/2 961/2/2 965/2/2
f 965/2/2 961/2/2 966/2/2
f 962/2/2 963/2/2 968/2/2
f 966/2/2 967/2/2 969/2/2
f 962/2/2 968/2/2 972/2/2
f 972/2/2 968/2/2 973/2/2
f 970/2/2 971/2/2 974/2/2
f 974/2/2 971/2/2 975/2/2
f 969/2/2 967/2/2 976/2/2
f 976/2/2 967/2/2 977/2/2
f 973/2/2 974/2/2 978/2/2
f 978/2/2 974/2/2 979/2/2
f 975/2/2 976/2/2 982/2/2
f 982/2/2 976/2/2 983/2/2
f 979/2/2 980/2/2 984/2/2
f 984/2/2 980/2/2 985/2/2
f 981/2/2 982/2/2 986/2/2
f 986/2/2 982/2/2 987/2/2
f 988/2/2 989/2/2 991/2/2
f 991/2/2 989/2/2 992/2/2
f 990/2/2 991/2/2 994/2/2
f 994/2/2 991/2/2 995/2/2
f 992/2/2 993/2/2 996/2/2
f 996/2/2 993/2/2 997/2/2
f 998/2/2 999/2/2 1000/2/2
f 1000/2/2 999/2/2 1001/2/2
f 1002/4/2 1003/4/2 1004/4/2
f 1004/4/2 1003/4/2 1005/4/2
f 1006/2/2 1007/2/2 1010/2/2
f 1008/2/2 1009/2/2 1011/2/2
f 1010/2/2 1007/2/2 1012/2/2
f 1012/2/2 1007/2/2 1013/2/2
f 1008/2/2 1011/2/2 1014/2/2
f 1014/2/2 1011/2/2 1015/2/2
f 1016/4/2 1017/4/2 1018/4/2
f 1018/4/2 1017/4/2 1019/4/2
f 1019/4/2 1017/4/2 1020/4/2
f 1021/2/2 1022/2/2 1023/2/2
f 1023/2/2 1022/2/2 1024/2/2
f 1025/4/2 1026/4/2 1027/4/2
f 1025/4/2 1027/4/2 1029/4/2
f 1027/2/2 1028/2/2 1030/2/2
f 1029/4/2 1027/4/2 1030/4/2
f 1030/2/2 1028/2/2 1031/2/2
f 1029/2/2 1030/2/2 1034/2/2
f 1032/2/2 1033/2/2 1036/2/2
f 1036/2/2 1033/2/2 1037/2/2
f 1029/2/2 1034/2/2 1038/2/2
f 1034/5/2 1035/5/2 1039/5/2
f 1038/2/2 1034/2/2 1039/2/2
f 1039/5/2 1035/5/2 1040/5/2
f 1040/5/2 1041/5/2 1042/5/2
f 1039/5/2 1040/5/2 1042/5/2
f 1042/5/2 1041/5/2 1043/5/2
f 1044/4/2 1045/4/2 1048/4/2
f 1048/4/2 1045/4/2 1049/4/2
f 1046/4/2 1047/4/2 1050/4/2
f 1050/4/2 1047/4/2 1051/4/2
f 1052/4/2 1053/4/2 1056/4/2
f 1056/4/2 1053/4/2 1057/4/2
f 1054/4/2 1055/4/2 1060/4/2
f 1060/4/2 1055/4/2 1061/4/2
f 1057/4/2 1058/4/2 1062/4/2
f 1062/4/2 1058/4/2 1063/4/2
f 1059/4/2 1060/4/2 1064/4/2
f 1064/4/2 1060/4/2 1065/4/2
f 1063/4/2 1064/4/2 1066/4/2
f 1066/4/2 1064/4/2 1067/4/2
f 1068/4/2 1069/4/2 1071/4/2
f 1071/4/2 1069/4/2 1072/4/2
f 1070/2/2 1071/2/2 1073/2/2
f 1071/2/2 1072/2/2 1073/2/2
f 1073/2/2 1072/2/2 1074/2/2
f 1074/2/2 1072/2/2 1075/2/2
f 1075/2/2 1072/2/2 1076/2/2
f 1077/4/2 1078/4/2 1080/4/2
f 1080/4/2 1078/4/2 1081/4/2
f 1079/4/2 1080/4/2 1084/4/2
f 1084/4/2 1080/4/2 1085/4/2
f 1081/4/2 1082/4/2 1086/4/2
f 1086/4/2 1082/4/2 1087/4/2
f 1083/4/2 1084/4/2 1089/4/2
f 1089/4/2 1084/4/2 1090/4/2
f 1087/4/2 1088/4/2 1093/4/2
f 1093/4/2 1088/4/2 1094/4/2
f 1090/4/2 1091/4/2 1095/4/2
f 1095/4/2 1091/4/2 1096/4/2
f 1092/4/2 1093/4/2 1097/4/2
f 1097/4/2 1093/4/2 1098/4/2
f 1096/4/2 1097/4/2 1099/4/2
f 1099/4/2 1097/4/2 1100/4/2
f 1101/4/2 1102/4/2 1104/4/2
f 1104/4/2 1102/4/2 1105/4/2
f 1103/4/2 1104/4/2 1107/4/2
f 1105/4/2 1106/4/2 1107/4/2
f 1104/4/2 1105/4/2 1107/4/2
f 1107/4/2 1106/4/2 1108/4/2
f 1108/4/2 1106/4/2 1109/4/2
f 1109/4/2 1106/4/2 1110/4/2
f 1108/4/2 1109/4/2 1111/4/2
f 1111/4/2 1109/4/2 1112/4/2
f 1115/4/3 1114/4/3 1113/4/3
f 1116/4/3 1114/4/3 1115/4/3
f 1122/4/3 1118/4/3 1117/4/3
f 1123/4/3 1118/4/3 1122/4/3
f 1126/3/3 1120/3/3 1119/3/3
f 1127/3/3 1120/3/3 1126/3/3
f 1129/4/3 1122/4/3 1121/4/3
f 1130/4/3 1122/4/3 1129/4/3
f 1131/4/3 1124/4/3 1123/4/3
f 1132/4/3 1124/4/3 1131/4/3
f 1133/3/3 1128/3/3 1127/3/3
f 1133/3/3 1127/3/3 1126/3/3
f 1133/3/3 1126/3/3 1125/3/3
f 1134/3/3 1128/3/3 1133/3/3
f 1135/3/3 1128/3/3 1134/3/3
f 1136/3/3 1128/3/3 1135/3/3
f 1137/4/3 1131/4/3 1130/4/3
f 1138/4/3 1131/4/3 1137/4/3
f 1139/3/3 1135/3/3 1134/3/3
f 1140/3/3 1135/3/3 1139/3/3
f 1144/2/3 1142/2/3 1141/2/3
f 1145/2/3 1142/2/3 1144/2/3
f 1148/2/3 1144/2/3 1143/2/3
f 1148/2/3 1146/2/3 1145/2/3
f 1148/2/3 1145/2/3 1144/2/3
f 1149/2/3 1146/2/3 1148/2/3
f 1150/2/3 1146/2/3 1149/2/3
f 1154/2/3 1148/2/3 1147/2/3
f 1154/2/3 1149/2/3 1148/2/3
f 1155/2/3 1149/2/3 1154/2/3
f 1156/4/3 1150/4/3 1149/4/3
f 1156/2/3 1149/2/3 1155/2/3
f 1157/2/3 1151/2/3 1150/2/3
f 1157/4/3 1150/4/3 1156/4/3
f 1158/2/3 1151/2/3 1157/2/3
f 1164/3/3 1153/3/3 1152/3/3
f 1165/3/3 1153/3/3 1164/3/3
f 1166/2/3 1155/2/3 1154/2/3
f 1166/3/3 1153/3/3 1165/3/3
f 1166/2/3 1154/2/3 1153/2/3
f 1167/2/3 1155/2/3 1166/2/3
f 1168/4/3 1156/4/3 1155/4/3
f 1168/2/3 1155/2/3 1167/2/3
f 1169/4/3 1156/4/3 1168/4/3
f 1171/4/3 1161/4/3 1160/4/3
f 1172/4/3 1161/4/3 1171/4/3
f 1173/4/3 1163/4/3 1162/4/3
f 1174/4/3 1163/4/3 1173/4/3
f 1176/2/3 1167/2/3 1166/2/3
f 1176/2/3 1166/2/3 1165/2/3
f 1177/2/3 1167/2/3 1176/2/3
f 1178/2/3 1167/2/3 1177/2/3
f 1179/4/3 1168/4/3 1167/4/3
f 1179/2/3 1167/2/3 1178/2/3
f 1180/4/3 1168/4/3 1179/4/3
f 1181/4/3 1171/4/3 1170/4/3
f 1182/4/3 1171/4/3 1181/4/3
f 1185/4/3 1175/4/3 1174/4/3
f 1186/4/3 1175/4/3 1185/4/3
f 1188/2/3 1178/2/3 1177/2/3
f 1189/4/3 1179/4/3 1178/4/3
f 1189/2/3 1178/2/3 1188/2/3
f 1190/4/3 1179/4/3 1189/4/3
f 1192/4/3 1183/4/3 1182/4/3
f 1193/4/3 1183/4/3 1192/4/3
f 1194/4/3 1185/4/3 1184/4/3
f 1195/4/3 1185/4/3 1194/4/3
f 1197/2/3 1190/2/3 1189/2/3
f 1197/2/3 1188/2/3 1187/2/3
f 1197/2/3 1189/2/3 1188/2/3
f 1198/2/3 1190/2/3 1197/2/3
f 1199/4/3 1191/4/3 1190/4/3
f 1199/2/3 1190/2/3 1198/2/3
f 1200/4/3 1191/4/3 1199/4/3
f 1202/3/3 1198/3/3 1197/3/3
f 1202/3/3 1197/3/3 1196/3/3
f 1203/2/3 1200/2/3 1199/2/3
f 1203/3/3 1198/3/3 1202/3/3
f 1203/2/3 1199/2/3 1198/2/3
f 1204/2/3 1200/2/3 1203/2/3
f 1205/4/3 1201/4/3 1200/4/3
f 1205/2/3 1200/2/3 1204/2/3
f 1206/4/3 1201/4/3 1205/4/3
f 1207/4/3 1158/4/3 1157/4/3
f 1208/2/3 1159/2/3 1158/2/3
f 1208/4/3 1158/4/3 1207/4/3
f 1209/2/3 1159/2/3 1208/2/3
f 1210/2/3 1206/2/3 1205/2/3
f 1210/2/3 1205/2/3 1204/2/3
f 1211/2/3 1206/2/3 1210/2/3
f 1212/4/3 1207/4/3 1206/4/3
f 1212/2/3 1206/2/3 1211/2/3
f 1213/2/3 1208/2/3 1207/2/3
f 1213/4/3 1207/4/3 1212/4/3
f 1214/2/3 1208/2/3 1213/2/3
f 1215/2/3 1212/2/3 1211/2/3
f 1215/2/3 1213/2/3 1212/2/3
f 1216/2/3 1213/2/3 1215/2/3
f 1217/2/3 1213/2/3 1216/2/3
f 1218/2/3 1213/2/3 1217/2/3
f 1219/2/3 1217/2/3 1216/2/3
f 1220/2/3 1217/2/3 1219/2/3
f 1224/4/3 1222/4/3 1221/4/3
f 1225/4/3 1222/4/3 1224/4/3
f 1227/4/3 1224/4/3 1223/4/3
f 1227/4/3 1226/4/3 1225/4/3
f 1227/4/3 1225/4/3 1224/4/3
f 1228/4/3 1226/4/3 1227/4/3
f 1230/4/3 1226/4/3 1228/4/3
f 1231/4/3 1226/4/3 1230/4/3
f 1233/2/3 1230/2/3 1229/2/3
f 1233/2/3 1231/2/3 1230/2/3
f 1234/4/3 1226/4/3 1231/4/3
f 1234/2/3 1231/2/3 1233/2/3
f 1235/4/3 1226/4/3 1234/4/3
f 1238/2/3 1233/2/3 1232/2/3
f 1239/2/3 1233/2/3 1238/2/3
f 1240/2/3 1236/2/3 1235/2/3
f 1241/2/3 1236/2/3 1240/2/3
f 1245/2/3 1238/2/3 1237/2/3
f 1246/2/3 1238/2/3 1245/2/3
f 1247/2/3 1242/2/3 1241/2/3
f 1248/2/3 1242/2/3 1247/2/3
f 1250/3/3 1244/3/3 1243/3/3
f 1251/3/3 1244/3/3 1250/3/3
f 1252/2/3 1245/2/3 1244/2/3
f 1252/3/3 1244/3/3 1251/3/3
f 1253/2/3 1245/2/3 1252/2/3
f 1254/2/3 1245/2/3 1253/2/3
f 1257/2/3 1249/2/3 1248/2/3
f 1258/2/3 1249/2/3 1257/2/3
f 1264/1/3 1256/1/3 1255/1/3
f 1266/4/3 1260/4/3 1259/4/3
f 1267/4/3 1260/4/3 1266/4/3
f 1268/4/3 1262/4/3 1261/4/3
f 1269/4/3 1262/4/3 1268/4/3
f 1272/1/3 1264/1/3 1263/1/3
f 1273/4/3 1266/4/3 1265/4/3
f 1274/4/3 1266/4/3 1273/4/3
f 1277/4/3 1270/4/3 1269/4/3
f 1278/4/3 1270/4/3 1277/4/3
f 1279/1/3 1272/1/3 1271/1/3
f 1280/1/3 1264/1/3 1272/1/3
f 1280/1/3 1272/1/3 1279/1/3
f 1281/4/3 1275/4/3 1274/4/3
f 1282/4/3 1275/4/3 1281/4/3
f 1283/4/3 1277/4/3 1276/4/3
f 1284/4/3 1277/4/3 1283/4/3
f 1285/1/3 1264/1/3 1280/1/3
f 1286/1/3 1256/1/3 1264/1/3
f 1286/1/3 1264/1/3 1285/1/3
f 1292/1/3 1256/1/3 1286/1/3
f 1293/1/3 1256/1/3 1292/1/3
f 1296/3/3 1288/3/3 1287/3/3
f 1296/3/3 1289/3/3 1288/3/3
f 1297/2/3 1291/2/3 1290/2/3
f 1297/3/3 1289/3/3 1296/3/3
f 1297/2/3 1290/2/3 1289/2/3
f 1298/2/3 1291/2/3 1297/2/3
f 1301/2/3 1295/2/3 1294/2/3
f 1302/2/3 1295/2/3 1301/2/3
f 1303/2/3 1299/2/3 1298/2/3
f 1304/2/3 1299/2/3 1303/2/3
f 1307/2/3 1301/2/3 1300/2/3
f 1308/2/3 1301/2/3 1307/2/3
f 1309/2/3 1305/2/3 1304/2/3
f 1310/2/3 1305/2/3 1309/2/3
f 1312/2/3 1307/2/3 1306/2/3
f 1313/2/3 1307/2/3 1312/2/3
f 1314/2/3 1311/2/3 1310/2/3
f 1315/2/3 1311/2/3 1314/2/3
f 1316/4/3 1312/4/3 1311/4/3
f 1316/2/3 1311/2/3 1315/2/3
f 1318/4/3 1316/4/3 1315/4/3
f 1319/4/3 1318/4/3 1317/4/3
f 1320/4/3 1316/4/3 1318/4/3
f 1320/4/3 1318/4/3 1319/4/3
f 1321/4/3 1312/4/3 1316/4/3
f 1321/4/3 1316/4/3 1320/4/3
f 1322/4/3 1312/4/3 1321/4/3
f 1323/4/3 1321/4/3 1320/4/3
f 1324/4/3 1321/4/3 1323/4/3
f 1328/4/3 1326/4/3 1325/4/3
f 1329/4/3 1326/4/3 1328/4/3
f 1331/4/3 1328/4/3 1327/4/3
f 1332/4/3 1328/4/3 1331/4/3
f 1333/4/3 1330/4/3 1329/4/3
f 1334/4/3 1330/4/3 1333/4/3
f 1340/2/3 1337/2/3 1336/2/3
f 1340/2/3 1338/2/3 1337/2/3
f 1341/2/3 1338/2/3 1340/2/3
f 1343/2/3 1340/2/3 1339/2/3
f 1344/2/3 1340/2/3 1343/2/3
f 1345/2/3 1340/2/3 1344/2/3
f 1346/4/3 1335/4/3 1334/4/3
f 1347/4/3 1335/4/3 1346/4/3
f 1351/2/3 1344/2/3 1343/2/3
f 1351/2/3 1343/2/3 1342/2/3
f 1352/2/3 1344/2/3 1351/2/3
f 1353/2/3 1348/2/3 1347/2/3
f 1354/2/3 1348/2/3 1353/2/3
f 1356/3/3 1350/3/3 1349/3/3
f 1357/3/3 1350/3/3 1356/3/3
f 1358/2/3 1351/2/3 1350/2/3
f 1358/3/3 1350/3/3 1357/3/3
f 1359/2/3 1351/2/3 1358/2/3
f 1360/2/3 1355/2/3 1354/2/3
f 1361/2/3 1355/2/3 1360/2/3
f 1364/4/3 1363/4/3 1362/4/3
f 1365/4/3 1363/4/3 1364/4/3
f 1368/4/3 1366/4/3 1365/4/3
f 1369/4/3 1366/4/3 1368/4/3
f 1370/4/3 1368/4/3 1367/4/3
f 1371/4/3 1368/4/3 1370/4/3
f 1378/3/3 1373/3/3 1372/3/3
f 1378/3/3 1374/3/3 1373/3/3
f 1379/2/3 1375/2/3 1374/2/3
f 1379/3/3 1374/3/3 1378/3/3
f 1380/2/3 1375/2/3 1379/2/3
f 1383/2/3 1377/2/3 1376/2/3
f 1384/2/3 1377/2/3 1383/2/3
f 1385/2/3 1381/2/3 1380/2/3
f 1386/2/3 1381/2/3 1385/2/3
f 1387/2/3 1381/2/3 1386/2/3
f 1390/2/3 1383/2/3 1382/2/3
f 1391/2/3 1383/2/3 1390/2/3
f 1392/2/3 1388/2/3 1387/2/3
f 1392/2/3 1387/2/3 1386/2/3
f 1393/2/3 1388/2/3 1392/2/3
f 1395/2/3 1394/2/3 1393/2/3
f 1396/2/3 1394/2/3 1395/2/3
f 1397/2/3 1394/2/3 1396/2/3
f 1401/4/3 1390/4/3 1389/4/3
f 1402/4/3 1390/4/3 1401/4/3
f 1403/4/3 1399/4/3 1398/4/3
f 1404/4/3 1399/4/3 1403/4/3
f 1405/4/3 1401/4/3 1400/4/3
f 1406/4/3 1401/4/3 1405/4/3
f 1407/4/3 1405/4/3 1404/4/3
f 1408/4/3 1405/4/3 1407/4/3
f 1414/4/3 1410/4/3 1409/4/3
f 1415/4/3 1410/4/3 1414/4/3
f 1416/4/3 1412/4/3 1411/4/3
f 1417/4/3 1412/4/3 1416/4/3
f 1422/4/3 1414/4/3 1413/4/3
f 1423/4/3 1414/4/3 1422/4/3
f 1424/4/3 1418/4/3 1417/4/3
f 1425/4/3 1418/4/3 1424/4/3
f 1427/4/3 1420/4/3 1419/4/3
f 1428/2/3 1421/2/3 1420/2/3
f 1428/4/3 1420/4/3 1427/4/3
f 1429/2/3 1421/2/3 1428/2/3
f 1430/2/3 1421/2/3 1429/2/3
f 1431/2/3 1429/2/3 1428/2/3
f 1432/2/3 1429/2/3 1431/2/3
f 1436/4/3 1426/4/3 1425/4/3
f 1437/4/3 1426/4/3 1436/4/3
f 1438/3/3 1434/3/3 1433/3/3
f 1439/2/3 1435/2/3 1434/2/3
f 1439/3/3 1434/3/3 1438/3/3
f 1440/2/3 1435/2/3 1439/2/3
f 1444/2/3 1442/2/3 1441/2/3
f 1445/2/3 1442/2/3 1444/2/3
f 1446/2/3 1442/2/3 1445/2/3
f 1449/2/3 1444/2/3 1443/2/3
f 1449/2/3 1445/2/3 1444/2/3
f 1450/2/3 1445/2/3 1449/2/3
f 1452/4/3 1448/4/3 1447/4/3
f 1453/4/3 1448/4/3 1452/4/3
f 1454/2/3 1449/2/3 1443/2/3
f 1455/2/3 1449/2/3 1454/2/3
f 1456/4/3 1452/4/3 1451/4/3
f 1457/4/3 1452/4/3 1456/4/3
f 1461/4/3 1458/4/3 1457/4/3
f 1462/4/3 1458/4/3 1461/4/3
f 1463/2/3 1460/2/3 1459/2/3
f 1465/2/3 1463/2/3 1459/2/3
f 1465/2/3 1464/2/3 1463/2/3
f 1466/2/3 1464/2/3 1465/2/3
f 1467/2/3 1464/2/3 1466/2/3
f 1469/2/3 1467/2/3 1466/2/3
f 1469/2/3 1468/2/3 1467/2/3
f 1470/2/3 1468/2/3 1469/2/3
f 1474/3/3 1472/3/3 1471/3/3
f 1475/2/3 1473/2/3 1472/2/3
f 1475/3/3 1472/3/3 1474/3/3
f 1476/2/3 1473/2/3 1475/2/3
f 1482/2/3 1480/2/3 1479/2/3
f 1483/2/3 1480/2/3 1482/2/3
f 1485/4/3 1482/4/3 1481/4/3
f 1486/2/3 1484/2/3 1483/2/3
f 1486/4/3 1482/4/3 1485/4/3
f 1486/2/3 1483/2/3 1482/2/3
f 1487/2/3 1484/2/3 1486/2/3
f 1491/4/3 1478/4/3 1477/4/3
f 1492/4/3 1478/4/3 1491/4/3
f 1493/4/3 1489/4/3 1488/4/3
f 1494/4/3 1489/4/3 1493/4/3
f 1497/4/3 1491/4/3 1490/4/3
f 1498/4/3 1491/4/3 1497/4/3
f 1499/4/3 1495/4/3 1494/4/3
f 1500/4/3 1495/4/3 1499/4/3
f 1501/4/3 1497/4/3 1496/4/3
f 1502/4/3 1497/4/3 1501/4/3
f 1505/2/3 1504/2/3 1503/2/3
f 1506/2/3 1504/2/3 1505/2/3
f 1513/5/3 1509/5/3 1508/5/3
f 1513/5/3 1508/5/3 1507/5/3
f 1515/2/3 1511/2/3 1510/2/3
f 1516/2/3 1511/2/3 1515/2/3
f 1517/5/3 1513/5/3 1512/5/3
f 1518/5/3 1509/5/3 1513/5/3
f 1518/5/3 1513/5/3 1517/5/3
f 1519/5/3 1509/5/3 1518/5/3
f 1520/4/3 1516/4/3 1515/4/3
f 1520/4/3 1515/4/3 1514/4/3
f 1521/2/3 1517/2/3 1516/2/3
f 1521/4/3 1516/4/3 1520/4/3
f 1522/2/3 1517/2/3 1521/2/3
f 1527/3/3 1524/3/3 1523/3/3
f 1528/3/3 1524/3/3 1527/3/3
f 1530/2/3 1526/2/3 1525/2/3
f 1531/2/3 1526/2/3 1530/2/3
f 1532/2/3 1526/2/3 1531/2/3
f 1534/2/3 1530/2/3 1529/2/3
f 1534/2/3 1531/2/3 1530/2/3
f 1535/2/3 1531/2/3 1534/2/3
f 1537/5/3 1533/5/3 1532/5/3
f 1538/2/3 1534/2/3 1529/2/3
f 1539/2/3 1534/2/3 1538/2/3
f 1541/5/3 1537/5/3 1536/5/3
f 1542/5/3 1533/5/3 1537/5/3
f 1542/5/3 1537/5/3 1541/5/3
f 1543/5/3 1533/5/3 1542/5/3
f 1544/5/3 1533/5/3 1543/5/3
f 1545/5/3 1541/5/3 1540/5/3
f 1546/5/3 1541/5/3 1545/5/3
f 1551/5/3 1548/5/3 1547/5/3
f 1552/5/3 1548/5/3 1551/5/3
f 1556/2/3 1550/2/3 1549/2/3
f 1558/5/3 1555/5/3 1554/5/3
f 1558/5/3 1554/5/3 1553/5/3
f 1558/5/3 1553/5/3 1552/5/3
f 1559/5/3 1555/5/3 1558/5/3
f 1560/2/3 1557/2/3 1556/2/3
f 1560/2/3 1556/2/3 1549/2/3
f 1561/2/3 1557/2/3 1560/2/3
f 1562/2/3 1557/2/3 1561/2/3
f 1563/5/3 1555/5/3 1559/5/3
f 1564/5/3 1555/5/3 1563/5/3
f 1565/2/3 1562/2/3 1561/2/3
f 1565/2/3 1563/2/3 1562/2/3
f 1566/2/3 1563/2/3 1565/2/3
f 1569/3/3 1568/3/3 1567/3/3
f 1570/3/3 1568/3/3 1569/3/3
f 1574/4/3 1572/4/3 1571/4/3
f 1575/4/3 1572/4/3 1574/4/3
f 1576/2/3 1573/2/3 1572/2/3
f 1576/4/3 1572/4/3 1575/4/3
f 1577/2/3 1573/2/3 1576/2/3
f 1580/2/3 1576/2/3 1575/2/3
f 1581/2/3 1576/2/3 1580/2/3
f 1582/5/3 1579/5/3 1578/5/3
f 1582/5/3 1578/5/3 1577/5/3
f 1583/5/3 1579/5/3 1582/5/3
f 1586/5/3 1579/5/3 1583/5/3
f 1587/5/3 1579/5/3 1586/5/3
f 1588/5/3 1579/5/3 1587/5/3
f 1589/2/3 1585/2/3 1584/2/3
f 1590/2/3 1585/2/3 1589/2/3
f 1595/4/3 1592/4/3 1591/4/3
f 1596/4/3 1592/4/3 1595/4/3
f 1597/4/3 1592/4/3 1596/4/3
f 1598/2/3 1594/2/3 1593/2/3
f 1599/2/3 1594/2/3 1598/2/3
f 1602/2/3 1601/2/3 1600/2/3
f 1603/2/3 1601/2/3 1602/2/3
f 1606/2/3 1605/2/3 1604/2/3
f 1607/2/3 1605/2/3 1606/2/3
f 1613/4/3 1609/4/3 1608/4/3
f 1613/4/3 1610/4/3 1609/4/3
f 1614/4/3 1610/4/3 1613/4/3
f 1615/2/3 1612/2/3 1611/2/3
f 1616/2/3 1612/2/3 1615/2/3
f 1619/4/3 1618/4/3 1617/4/3
f 1620/4/3 1618/4/3 1619/4/3
f 1623/4/3 1622/4/3 1621/4/3
f 1624/4/3 1622/4/3 1623/4/3
f 1627/3/3 1626/3/3 1625/3/3
f 1628/3/3 1626/3/3 1627/3/3
f 1631/4/3 1630/4/3 1629/4/3
f 1632/4/3 1630/4/3 1631/4/3
f 1635/4/3 1634/4/3 1633/4/3
f 1636/4/3 1634/4/3 1635/4/3
f 1639/3/3 1638/3/3 1637/3/3
f 1640/3/3 1638/3/3 1639/3/3
f 1643/4/3 1642/4/3 1641/4/3
f 1644/4/3 1642/4/3 1643/4/3
f 1647/4/3 1646/4/3 1645/4/3
f 1648/4/3 1646/4/3 1647/4/3
f 1650/4/3 1649/4/3 1648/4/3
f 1651/4/3 1649/4/3 1650/4/3
f 1653/2/3 1652/2/3 1651/2/3
f 1654/2/3 1652/2/3 1653/2/3
f 1657/3/3 1656/3/3 1655/3/3
f 1658/3/3 1656/3/3 1657/3/3
f 1661/4/3 1660/4/3 1659/4/3
f 1662/4/3 1660/4/3 1661/4/3
f 1665/4/3 1664/4/3 1663/4/3
f 1666/4/3 1664/4/3 1665/4/3
f 1669/3/3 1668/3/3 1667/3/3
f 1670/3/3 1668/3/3 1669/3/3
f 1674/2/3 1672/2/3 1671/2/3
f 1675/2/3 1672/2/3 1674/2/3
f 1677/4/3 1674/4/3 1673/4/3
f 1678/4/3 1674/4/3 1677/4/3
f 1681/4/3 1677/4/3 1676/4/3
f 1682/4/3 1677/4/3 1681/4/3
f 1683/4/3 1680/4/3 1679/4/3
f 1684/4/3 1680/4/3 1683/4/3
f 1689/4/3 1686/4/3 1685/4/3
f 1690/4/3 1686/4/3 1689/4/3
f 1691/4/3 1688/4/3 1687/4/3
f 1692/4/3 1688/4/3 1691/4/3
f 1697/4/3 1694/4/3 1693/4/3
f 1698/4/3 1694/4/3 1697/4/3
f 1699/4/3 1696/4/3 1695/4/3
f 1700/4/3 1696/4/3 1699/4/3
f 1705/4/3 1702/4/3 1701/4/3
f 1706/4/3 1702/4/3 1705/4/3
f 1708/3/3 1704/3/3 1703/3/3
f 1711/3/3 1708/3/3 1707/3/3
f 1712/3/3 1704/3/3 1708/3/3
f 1712/3/3 1708/3/3 1711/3/3
f 1713/4/3 1710/4/3 1709/4/3
f 1714/4/3 1710/4/3 1713/4/3
f 1715/3/3 1704/3/3 1712/3/3
f 1716/3/3 1704/3/3 1715/3/3
f 1717/4/4 1718/4/4 1721/4/4
f 1721/4/4 1718/4/4 1722/4/4
f 1719/3/4 1720/3/4 1724/3/4
f 1723/3/4 1724/3/4 1727/3/4
f 1724/3/4 1720/3/4 1728/3/4
f 1727/3/4 1724/3/4 1728/3/4
f 1725/4/4 1726/4/4 1729/4/4
f 1729/4/4 1726/4/4 1730/4/4
f 1728/3/4 1720/3/4 1731/3/4
f 1731/3/4 1720/3/4 1732/3/4
f 1733/4/4 1734/4/4 1737/4/4
f 1737/4/4 1734/4/4 1738/4/4
f 1735/4/4 1736/4/4 1739/4/4
f 1739/4/4 1736/4/4 1740/4/4
f 1741/4/4 1742/4/4 1745/4/4
f 1745/4/4 1742/4/4 1746/4/4
f 1743/4/4 1744/4/4 1747/4/4
f 1747/4/4 1744/4/4 1748/4/4
f 1749/4/4 1750/4/4 1751/4/4
f 1751/4/4 1750/4/4 1752/4/4
f 1753/4/4 1754/4/4 1755/4/4
f 1755/4/4 1754/4/4 1756/4/4
f 1756/4/4 1757/4/4 1758/4/4
f 1758/4/4 1757/4/4 1759/4/4
f 1759/2/4 1760/2/4 1761/2/4
f 1761/2/4 1760/2/4 1762/2/4
f 1763/3/4 1764/3/4 1765/3/4
f 1765/3/4 1764/3/4 1766/3/4
f 1767/4/4 1768/4/4 1769/4/4
f 1769/4/4 1768/4/4 1770/4/4
f 1771/4/4 1772/4/4 1773/4/4
f 1773/4/4 1772/4/4 1774/4/4
f 1775/3/4 1776/3/4 1777/3/4
f 1777/3/4 1776/3/4 1778/3/4
f 1779/2/4 1780/2/4 1782/2/4
f 1782/2/4 1780/2/4 1783/2/4
f 1781/4/4 1782/4/4 1785/4/4
f 1785/4/4 1782/4/4 1786/4/4
f 1784/4/4 1785/4/4 1789/4/4
f 1789/4/4 1785/4/4 1790/4/4
f 1787/4/4 1788/4/4 1791/4/4
f 1791/4/4 1788/4/4 1792/4/4
f 1793/3/4 1794/3/4 1795/3/4
f 1795/3/4 1794/3/4 1796/3/4
f 1797/4/4 1798/4/4 1799/4/4
f 1799/4/4 1798/4/4 1800/4/4
f 1801/4/4 1802/4/4 1803/4/4
f 1803/4/4 1802/4/4 1804/4/4
f 1805/3/4 1806/3/4 1807/3/4
f 1807/3/4 1806/3/4 1808/3/4
f 1809/4/4 1810/4/4 1811/4/4
f 1811/4/4 1810/4/4 1812/4/4
f 1813/4/4 1814/4/4 1815/4/4
f 1815/4/4 1814/4/4 1816/4/4
f 1817/4/4 1818/4/4 1820/4/4
f 1818/4/4 1819/4/4 1820/4/4
f 1820/4/4 1819/4/4 1821/4/4
f 1822/4/4 1823/4/4 1824/4/4
f 1824/4/4 1823/4/4 1825/4/4
f 1825/4/4 1823/4/4 1826/4/4
f 1827/4/4 1828/4/4 1830/4/4
f 1830/4/4 1828/4/4 1831/4/4
f 1828/2/4 1829/2/4 1832/2/4
f 1831/4/4 1828/4/4 1832/4/4
f 1832/2/4 1829/2/4 1833/2/4
f 1833/2/4 1829/2/4 1834/2/4
f 1831/2/4 1832/2/4 1837/2/4
f 1837/2/4 1832/2/4 1838/2/4
f 1835/5/4 1836/5/4 1839/5/4
f 1834/5/4 1835/5/4 1839/5/4
f 1833/5/4 1834/5/4 1839/5/4
f 1839/5/4 1836/5/4 1840/5/4
f 1840/5/4 1836/5/4 1842/5/4
f 1842/5/4 1836/5/4 1843/5/4
f 1843/5/4 1836/5/4 1844/5/4
f 1841/2/4 1842/2/4 1845/2/4
f 1845/2/4 1842/2/4 1846/2/4
f 1847/3/4 1848/3/4 1851/3/4
f 1851/3/4 1848/3/4 1852/3/4
f 1849/2/4 1850/2/4 1854/2/4
f 1854/2/4 1850/2/4 1855/2/4
f 1855/2/4 1850/2/4 1856/2/4
f 1853/2/4 1854/2/4 1858/2/4
f 1854/2/4 1855/2/4 1858/2/4
f 1858/2/4 1855/2/4 1859/2/4
f 1856/5/4 1857/5/4 1861/5/4
f 1853/2/4 1858/2/4 1862/2/4
f 1862/2/4 1858/2/4 1863/2/4
f 1860/5/4 1861/5/4 1865/5/4
f 1861/5/4 1857/5/4 1866/5/4
f 1865/5/4 1861/5/4 1866/5/4
f 1866/5/4 1857/5/4 1867/5/4
f 1867/5/4 1857/5/4 1868/5/4
f 1864/5/4 1865/5/4 1869/5/4
f 1869/5/4 1865/5/4 1870/5/4
f 1871/5/4 1872/5/4 1875/5/4
f 1875/5/4 1872/5/4 1876/5/4
f 1873/2/4 1874/2/4 1880/2/4
f 1878/5/4 1879/5/4 1882/5/4
f 1877/5/4 1878/5/4 1882/5/4
f 1876/5/4 1877/5/4 1882/5/4
f 1882/5/4 1879/5/4 1883/5/4
f 1880/2/4 1881/2/4 1884/2/4
f 1873/2/4 1880/2/4 1884/2/4
f 1884/2/4 1881/2/4 1885/2/4
f 1885/2/4 1881/2/4 1886/2/4
f 1883/5/4 1879/5/4 1887/5/4
f 1887/5/4 1879/5/4 1888/5/4
f 1885/2/4 1886/2/4 1889/2/4
f 1886/2/4 1887/2/4 1889/2/4
f 1889/2/4 1887/2/4 1890/2/4
f 1891/3/4 1892/3/4 1893/3/4
f 1893/3/4 1892/3/4 1894/3/4
f 1895/2/4 1896/2/4 1897/2/4
f 1897/2/4 1896/2/4 1898/2/4
f 1899/5/4 1900/5/4 1904/5/4
f 1898/5/4 1899/5/4 1904/5/4
f 1901/2/4 1902/2/4 1906/2/4
f 1906/2/4 1902/2/4 1907/2/4
f 1903/5/4 1904/5/4 1908/5/4
f 1904/5/4 1900/5/4 1909/5/4
f 1908/5/4 1904/5/4 1909/5/4
f 1909/5/4 1900/5/4 1910/5/4
f 1910/5/4 1900/5/4 1911/5/4
f 1906/4/4 1907/4/4 1912/4/4
f 1905/4/4 1906/4/4 1912/4/4
f 1907/2/4 1908/2/4 1913/2/4
f 1912/4/4 1907/4/4 1913/4/4
f 1908/2/4 1909/2/4 1913/2/4
f 1913/2/4 1909/2/4 1914/2/4
f 1915/4/4 1916/4/4 1920/4/4
f 1920/4/4 1916/4/4 1921/4/4
f 1917/4/4 1918/4/4 1922/4/4
f 1922/4/4 1918/4/4 1923/4/4
f 1919/4/4 1920/4/4 1927/4/4
f 1927/4/4 1920/4/4 1928/4/4
f 1923/4/4 1924/4/4 1929/4/4
f 1929/4/4 1924/4/4 1930/4/4
f 1925/2/4 1926/2/4 1933/2/4
f 1933/2/4 1926/2/4 1934/2/4
f 1932/4/4 1933/4/4 1936/4/4
f 1934/2/4 1935/2/4 1937/2/4
f 1936/4/4 1933/4/4 1937/4/4
f 1933/2/4 1934/2/4 1937/2/4
f 1937/2/4 1935/2/4 1938/2/4
f 1930/4/4 1931/4/4 1942/4/4
f 1942/4/4 1931/4/4 1943/4/4
f 1939/3/4 1940/3/4 1944/3/4
f 1944/3/4 1940/3/4 1945/3/4
f 1940/2/4 1941/2/4 1946/2/4
f 1945/3/4 1940/3/4 1946/3/4
f 1946/2/4 1941/2/4 1947/2/4
f 1948/2/4 1949/2/4 1951/2/4
f 1951/2/4 1949/2/4 1952/2/4
f 1952/2/4 1949/2/4 1953/2/4
f 1950/2/4 1951/2/4 1956/2/4
f 1951/2/4 1952/2/4 1956/2/4
f 1956/2/4 1952/2/4 1957/2/4
f 1954/4/4 1955/4/4 1959/4/4
f 1959/4/4 1955/4/4 1960/4/4
f 1950/2/4 1956/2/4 1961/2/4
f 1961/2/4 1956/2/4 1962/2/4
f 1958/4/4 1959/4/4 1963/4/4
f 1963/4/4 1959/4/4 1964/4/4
f 1964/4/4 1965/4/4 1968/4/4
f 1968/4/4 1965/4/4 1969/4/4
f 1966/2/4 1967/2/4 1970/2/4
f 1966/2/4 1970/2/4 1972/2/4
f 1970/2/4 1971/2/4 1972/2/4
f 1972/2/4 1971/2/4 1973/2/4
f 1973/2/4 1971/2/4 1974/2/4
f 1973/2/4 1974/2/4 1976/2/4
f 1974/2/4 1975/2/4 1976/2/4
f 1976/2/4 1975/2/4 1977/2/4
f 1978/3/4 1979/3/4 1982/3/4
f 1979/3/4 1980/3/4 1982/3/4
f 1980/2/4 1981/2/4 1983/2/4
f 1982/3/4 1980/3/4 1983/3/4
f 1983/2/4 1981/2/4 1984/2/4
f 1987/4/4 1988/4/4 1990/4/4
f 1988/2/4 1989/2/4 1991/2/4
f 1990/4/4 1988/4/4 1991/4/4
f 1991/2/4 1989/2/4 1992/2/4
f 1992/2/4 1989/2/4 1993/2/4
f 1991/2/4 1992/2/4 1994/2/4
f 1994/2/4 1992/2/4 1995/2/4
f 1985/4/4 1986/4/4 1999/4/4
f 1999/4/4 1986/4/4 2000/4/4
f 1996/4/4 1997/4/4 2001/4/4
f 2001/4/4 1997/4/4 2002/4/4
f 1998/4/4 1999/4/4 2005/4/4
f 2005/4/4 1999/4/4 2006/4/4
f 2002/4/4 2003/4/4 2007/4/4
f 2007/4/4 2003/4/4 2008/4/4
f 2004/4/4 2005/4/4 2009/4/4
f 2009/4/4 2005/4/4 2010/4/4
f 2011/4/4 2012/4/4 2014/4/4
f 2014/4/4 2012/4/4 2015/4/4
f 2013/4/4 2014/4/4 2017/4/4
f 2017/4/4 2014/4/4 2018/4/4
f 2015/4/4 2016/4/4 2019/4/4
f 2019/4/4 2016/4/4 2020/4/4
f 2022/2/4 2023/2/4 2026/2/4
f 2023/2/4 2024/2/4 2026/2/4
f 2026/2/4 2024/2/4 2027/2/4
f 2025/2/4 2026/2/4 2029/2/4
f 2029/2/4 2026/2/4 2030/2/4
f 2030/2/4 2026/2/4 2031/2/4
f 2020/4/4 2021/4/4 2032/4/4
f 2032/4/4 2021/4/4 2033/4/4
f 2029/2/4 2030/2/4 2037/2/4
f 2028/2/4 2029/2/4 2037/2/4
f 2037/2/4 2030/2/4 2038/2/4
f 2033/2/4 2034/2/4 2039/2/4
f 2039/2/4 2034/2/4 2040/2/4
f 2035/3/4 2036/3/4 2042/3/4
f 2036/2/4 2037/2/4 2043/2/4
f 2042/3/4 2036/3/4 2043/3/4
f 2043/2/4 2037/2/4 2044/2/4
f 2044/2/4 2037/2/4 2045/2/4
f 2040/2/4 2041/2/4 2046/2/4
f 2046/2/4 2041/2/4 2047/2/4
f 2048/4/4 2049/4/4 2050/4/4
f 2050/4/4 2049/4/4 2051/4/4
f 2051/4/4 2052/4/4 2054/4/4
f 2054/4/4 2052/4/4 2055/4/4
f 2053/4/4 2054/4/4 2056/4/4
f 2056/4/4 2054/4/4 2057/4/4
f 2058/3/4 2059/3/4 2064/3/4
f 2059/2/4 2060/2/4 2065/2/4
f 2064/3/4 2059/3/4 2065/3/4
f 2060/2/4 2061/2/4 2065/2/4
f 2065/2/4 2061/2/4 2066/2/4
f 2062/2/4 2063/2/4 2069/2/4
f 2069/2/4 2063/2/4 2070/2/4
f 2066/2/4 2067/2/4 2071/2/4
f 2071/2/4 2067/2/4 2072/2/4
f 2072/2/4 2067/2/4 2073/2/4
f 2068/2/4 2069/2/4 2076/2/4
f 2076/2/4 2069/2/4 2077/2/4
f 2073/2/4 2074/2/4 2078/2/4
f 2072/2/4 2073/2/4 2078/2/4
f 2078/2/4 2074/2/4 2079/2/4
f 2079/2/4 2080/2/4 2081/2/4
f 2081/2/4 2080/2/4 2082/2/4
f 2082/2/4 2080/2/4 2083/2/4
f 2075/4/4 2076/4/4 2087/4/4
f 2087/4/4 2076/4/4 2088/4/4
f 2084/4/4 2085/4/4 2089/4/4
f 2089/4/4 2085/4/4 2090/4/4
f 2086/4/4 2087/4/4 2091/4/4
f 2091/4/4 2087/4/4 2092/4/4
f 2090/4/4 2091/4/4 2093/4/4
f 2093/4/4 2091/4/4 2094/4/4
f 2095/4/4 2096/4/4 2098/4/4
f 2098/4/4 2096/4/4 2099/4/4
f 2097/4/4 2098/4/4 2101/4/4
f 2099/4/4 2100/4/4 2101/4/4
f 2098/4/4 2099/4/4 2101/4/4
f 2101/4/4 2100/4/4 2102/4/4
f 2102/4/4 2100/4/4 2104/4/4
f 2104/4/4 2100/4/4 2105/4/4
f 2103/2/4 2104/2/4 2107/2/4
f 2104/2/4 2105/2/4 2107/2/4
f 2105/4/4 2100/4/4 2108/4/4
f 2107/2/4 2105/2/4 2108/2/4
f 2108/4/4 2100/4/4 2109/4/4
f 2106/2/4 2107/2/4 2112/2/4
f 2112/2/4 2107/2/4 2113/2/4
f 2109/2/4 2110/2/4 2114/2/4
f 2114/2/4 2110/2/4 2115/2/4
f 2111/2/4 2112/2/4 2119/2/4
f 2119/2/4 2112/2/4 2120/2/4
f 2115/2/4 2116/2/4 2121/2/4
f 2121/2/4 2116/2/4 2122/2/4
f 2117/3/4 2118/3/4 2124/3/4
f 2124/3/4 2118/3/4 2125/3/4
f 2118/2/4 2119/2/4 2126/2/4
f 2125/3/4 2118/3/4 2126/3/4
f 2126/2/4 2119/2/4 2127/2/4
f 2128/4/4 2129/4/4 2133/4/4
f 2133/4/4 2129/4/4 2134/4/4
f 2130/4/4 2131/4/4 2135/4/4
f 2135/4/4 2131/4/4 2136/4/4
f 2132/4/4 2133/4/4 2138/4/4
f 2138/4/4 2133/4/4 2139/4/4
f 2136/4/4 2137/4/4 2142/4/4
f 2142/4/4 2137/4/4 2143/4/4
f 2139/4/4 2140/4/4 2144/4/4
f 2144/4/4 2140/4/4 2145/4/4
f 2141/4/4 2142/4/4 2146/4/4
f 2146/4/4 2142/4/4 2147/4/4
f 2148/3/4 2149/3/4 2152/3/4
f 2149/3/4 2150/3/4 2152/3/4
f 2150/2/4 2151/2/4 2153/2/4
f 2152/3/4 2150/3/4 2153/3/4
f 2153/2/4 2151/2/4 2154/2/4
f 2122/2/4 2123/2/4 2157/2/4
f 2157/2/4 2123/2/4 2158/2/4
f 2154/2/4 2155/2/4 2159/2/4
f 2159/2/4 2155/2/4 2160/2/4
f 2156/2/4 2157/2/4 2163/2/4
f 2163/2/4 2157/2/4 2164/2/4
f 2160/2/4 2161/2/4 2165/2/4
f 2165/2/4 2161/2/4 2166/2/4
f 2162/2/4 2163/2/4 2168/2/4
f 2168/2/4 2163/2/4 2169/2/4
f 2166/2/4 2167/2/4 2170/2/4
f 2170/2/4 2167/2/4 2171/2/4
f 2167/4/4 2168/4/4 2172/4/4
f 2171/2/4 2167/2/4 2172/2/4
f 2171/4/4 2172/4/4 2174/4/4
f 2173/4/4 2174/4/4 2175/4/4
f 2174/4/4 2172/4/4 2176/4/4
f 2175/4/4 2174/4/4 2176/4/4
f 2172/4/4 2168/4/4 2177/4/4
f 2176/4/4 2172/4/4 2177/4/4
f 2177/4/4 2168/4/4 2178/4/4
f 2176/4/4 2177/4/4 2179/4/4
f 2179/4/4 2177/4/4 2180/4/4
f 2181/2/4 2182/2/4 2184/2/4
f 2184/2/4 2182/2/4 2185/2/4
f 2183/2/4 2184/2/4 2188/2/4
f 2185/2/4 2186/2/4 2188/2/4
f 2184/2/4 2185/2/4 2188/2/4
f 2188/2/4 2186/2/4 2189/2/4
f 2187/2/4 2188/2/4 2193/2/4
f 2188/2/4 2189/2/4 2193/2/4
f 2189/2/4 2190/2/4 2193/2/4
f 2191/3/4 2192/3/4 2198/3/4
f 2198/3/4 2192/3/4 2199/3/4
f 2192/2/4 2193/2/4 2200/2/4
f 2199/3/4 2192/3/4 2200/3/4
f 2194/4/4 2195/4/4 2202/4/4
f 2202/4/4 2195/4/4 2203/4/4
f 2196/4/4 2197/4/4 2204/4/4
f 2204/4/4 2197/4/4 2205/4/4
f 2199/2/4 2200/2/4 2207/2/4
f 2200/2/4 2193/2/4 2208/2/4
f 2207/2/4 2200/2/4 2208/2/4
f 2201/4/4 2202/4/4 2209/4/4
f 2209/4/4 2202/4/4 2210/4/4
f 2205/4/4 2206/4/4 2213/4/4
f 2213/4/4 2206/4/4 2214/4/4
f 2208/2/4 2193/2/4 2216/2/4
f 2210/4/4 2211/4/4 2217/4/4
f 2217/4/4 2211/4/4 2218/4/4
f 2212/4/4 2213/4/4 2219/4/4
f 2219/4/4 2213/4/4 2220/4/4
f 2215/2/4 2216/2/4 2222/2/4
f 2216/2/4 2193/2/4 2223/2/4
f 2222/2/4 2216/2/4 2223/2/4
f 2221/3/4 2222/3/4 2224/3/4
f 2222/3/4 2223/3/4 2224/3/4
f 2223/2/4 2193/2/4 2225/2/4
f 2224/3/4 2223/3/4 2225/3/4
f 2193/2/4 2190/2/4 2226/2/4
f 2225/2/4 2193/2/4 2226/2/4
f 2226/2/4 2190/2/4 2227/2/4
f 2227/2/4 2190/2/4 2228/2/4
f 2228/2/4 2190/2/4 2229/2/4
f 2229/2/4 2190/2/4 2230/2/4
f 2228/2/4 2229/2/4 2231/2/4
f 2231/2/4 2229/2/4 2232/2/4
f 2232/2/4 2229/2/4 2233/2/4
f 2233/2/4 2229/2/4 2234/2/4
f 2232/2/4 2233/2/4 2235/2/4
f 2235/2/4 2233/2/4 2236/2/4
f 2237/4/4 2238/4/4 2242/4/4
f 2242/4/4 2238/4/4 2243/4/4
f 2239/3/4 2240/3/4 2246/3/4
f 2246/3/4 2240/3/4 2247/3/4
f 2241/4/4 2242/4/4 2249/4/4
f 2249/4/4 2242/4/4 2250/4/4
f 2243/4/4 2244/4/4 2251/4/4
f 2251/4/4 2244/4/4 2252/4/4
f 2247/3/4 2248/3/4 2253/3/4
f 2246/3/4 2247/3/4 2253/3/4
f 2245/3/4 2246/3/4 2253/3/4
f 2253/3/4 2248/3/4 2254/3/4
f 2254/3/4 2248/3/4 2255/3/4
f 2255/3/4 2248/3/4 2256/3/4
f 2250/4/4 2251/4/4 2257/4/4
f 2257/4/4 2251/4/4 2258/4/4
f 2254/3/4 2255/3/4 2259/3/4
f 2259/3/4 2255/3/4 2260/3/4
f 2261/4/4 2262/4/4 2263/4/4
f 2263/4/4 2262/4/4 2264/4/4
f 2267/4/5 2266/4/5 2265/4/5
f 2268/4/5 2266/4/5 2267/4/5
f 2272/4/5 2270/4/5 2269/4/5
f 2273/4/5 2270/4/5 2272/4/5
f 2275/4/5 2272/4/5 2271/4/5
f 2276/4/5 2272/4/5 2275/4/5
f 2277/4/5 2274/4/5 2273/4/5
f 2278/4/5 2274/4/5 2277/4/5
f 2279/4/5 2277/4/5 2276/4/5
f 2280/4/5 2277/4/5 2279/4/5
f 2284/4/5 2282/4/5 2281/4/5
f 2285/4/5 2282/4/5 2284/4/5
f 2287/4/5 2284/4/5 2283/4/5
f 2288/4/5 2284/4/5 2287/4/5
f 2289/4/5 2286/4/5 2285/4/5
f 2290/4/5 2286/4/5 2289/4/5
f 2295/4/5 2292/4/5 2291/4/5
f 2296/4/5 2292/4/5 2295/4/5
f 2297/4/5 2294/4/5 2293/4/5
f 2298/4/5 2294/4/5 2297/4/5
f 2299/4/5 2297/4/5 2296/4/5
f 2300/4/5 2297/4/5 2299/4/5
f 2304/4/5 2302/4/5 2301/4/5
f 2305/4/5 2302/4/5 2304/4/5
f 2307/4/5 2304/4/5 2303/4/5
f 2308/4/5 2304/4/5 2307/4/5
f 2309/4/5 2306/4/5 2305/4/5
f 2310/4/5 2306/4/5 2309/4/5
f 2315/4/5 2312/4/5 2311/4/5
f 2316/4/5 2312/4/5 2315/4/5
f 2317/4/5 2314/4/5 2313/4/5
f 2318/4/5 2314/4/5 2317/4/5
f 2319/4/5 2317/4/5 2316/4/5
f 2320/4/5 2317/4/5 2319/4/5
f 2324/4/5 2322/4/5 2321/4/5
f 2325/4/5 2322/4/5 2324/4/5
f 2327/4/5 2324/4/5 2323/4/5
f 2328/4/5 2324/4/5 2327/4/5
f 2329/4/5 2326/4/5 2325/4/5
f 2330/4/5 2326/4/5 2329/4/5
f 2335/2/5 2332/2/5 2331/2/5
f 2336/2/5 2332/2/5 2335/2/5
f 2337/2/5 2334/2/5 2333/2/5
f 2338/2/5 2334/2/5 2337/2/5
f 2343/4/5 2340/4/5 2339/4/5
f 2344/4/5 2340/4/5 2343/4/5
f 2345/4/5 2342/4/5 2341/4/5
f 2346/4/5 2342/4/5 2345/4/5
f 2347/4/5 2345/4/5 2344/4/5
f 2348/4/5 2345/4/5 2347/4/5
f 2355/2/5 2350/2/5 2349/2/5
f 2356/2/5 2350/2/5 2355/2/5
f 2357/2/5 2350/2/5 2356/2/5
f 2358/2/5 2352/2/5 2351/2/5
f 2359/2/5 2352/2/5 2358/2/5
f 2360/2/5 2352/2/5 2359/2/5
f 2363/2/5 2354/2/5 2353/2/5
f 2364/2/5 2354/2/5 2363/2/5
f 2366/5/5 2357/5/5 2356/5/5
f 2367/5/5 2357/5/5 2366/5/5
f 2368/5/5 2359/5/5 2358/5/5
f 2369/5/5 2359/5/5 2368/5/5
f 2371/2/5 2362/2/5 2361/2/5
f 2372/2/5 2362/2/5 2371/2/5
f 2373/2/5 2367/2/5 2366/2/5
f 2373/2/5 2366/2/5 2365/2/5
f 2374/2/5 2367/2/5 2373/2/5
f 2375/2/5 2370/2/5 2369/2/5
f 2375/2/5 2369/2/5 2368/2/5
f 2376/2/5 2370/2/5 2375/2/5
f 2381/2/5 2378/2/5 2377/2/5
f 2382/2/5 2378/2/5 2381/2/5
f 2383/2/5 2380/2/5 2379/2/5
f 2384/2/5 2380/2/5 2383/2/5
f 2389/2/5 2386/2/5 2385/2/5
f 2390/2/5 2386/2/5 2389/2/5
f 2391/2/5 2388/2/5 2387/2/5
f 2392/2/5 2388/2/5 2391/2/5
f 2397/4/5 2394/4/5 2393/4/5
f 2398/4/5 2394/4/5 2397/4/5
f 2399/4/5 2396/4/5 2395/4/5
f 2400/4/5 2396/4/5 2399/4/5
f 2405/4/5 2402/4/5 2401/4/5
f 2406/4/5 2402/4/5 2405/4/5
f 2407/4/5 2404/4/5 2403/4/5
f 2408/4/5 2404/4/5 2407/4/5
f 2413/4/5 2410/4/5 2409/4/5
f 2414/4/5 2410/4/5 2413/4/5
f 2415/4/5 2412/4/5 2411/4/5
f 2416/4/5 2412/4/5 2415/4/5
f 2421/4/5 2418/4/5 2417/4/5
f 2422/4/5 2418/4/5 2421/4/5
f 2423/4/5 2420/4/5 2419/4/5
f 2424/4/5 2420/4/5 2423/4/5
f 2429/4/5 2426/4/5 2425/4/5
f 2430/4/5 2428/4/5 2427/4/5
f 2431/4/5 2426/4/5 2429/4/5
f 2432/4/5 2430/4/5 2427/4/5
f 2433/4/5 2426/4/5 2431/4/5
f 2434/4/5 2426/4/5 2433/4/5
f 2435/4/5 2432/4/5 2427/4/5
f 2436/4/5 2432/4/5 2435/4/5
f 2439/3/5 2438/3/5 2437/3/5
f 2440/3/5 2438/3/5 2439/3/5
f 2445/3/5 2442/3/5 2441/3/5
f 2446/3/5 2442/3/5 2445/3/5
f 2447/3/5 2444/3/5 2443/3/5
f 2448/3/5 2444/3/5 2447/3/5
f 2453/3/5 2450/3/5 2449/3/5
f 2454/3/5 2450/3/5 2453/3/5
f 2455/3/5 2452/3/5 2451/3/5
f 2456/3/5 2452/3/5 2455/3/5
f 2462/3/5 2458/3/5 2457/3/5
f 2463/3/5 2458/3/5 2462/3/5
f 2464/3/5 2460/3/5 2459/3/5
f 2465/3/5 2460/3/5 2464/3/5
f 2469/3/5 2462/3/5 2461/3/5
f 2470/3/5 2462/3/5 2469/3/5
f 2471/3/5 2466/3/5 2465/3/5
f 2472/3/5 2466/3/5 2471/3/5
f 2475/4/5 2468/4/5 2467/4/5
f 2476/4/5 2468/4/5 2475/4/5
f 2481/4/5 2474/4/5 2473/4/5
f 2482/4/5 2474/4/5 2481/4/5
f 2485/4/5 2478/4/5 2477/4/5
f 2486/4/5 2478/4/5 2485/4/5
f 2487/4/5 2480/4/5 2479/4/5
f 2488/4/5 2480/4/5 2487/4/5
f 2491/4/5 2484/4/5 2483/4/5
f 2492/4/5 2484/4/5 2491/4/5
f 2497/4/5 2490/4/5 2489/4/5
f 2498/4/5 2490/4/5 2497/4/5
f 2499/4/5 2494/4/5 2493/4/5
f 2500/4/5 2494/4/5 2499/4/5
f 2505/4/5 2496/4/5 2495/4/5
f 2506/4/5 2496/4/5 2505/4/5
f 2507/3/5 2502/3/5 2501/3/5
f 2508/3/5 2502/3/5 2507/3/5
f 2511/3/5 2504/3/5 2503/3/5
f 2512/3/5 2504/3/5 2511/3/5
f 2513/3/5 2509/3/5 2508/3/5
f 2514/3/5 2509/3/5 2513/3/5
f 2515/3/5 2511/3/5 2510/3/5
f 2516/3/5 2511/3/5 2515/3/5
f 2519/3/5 2518/3/5 2517/3/5
f 2520/3/5 2518/3/5 2519/3/5
f 2525/3/5 2522/3/5 2521/3/5
f 2526/3/5 2522/3/5 2525/3/5
f 2527/3/5 2524/3/5 2523/3/5
f 2528/3/5 2524/3/5 2527/3/5
f 2533/3/5 2530/3/5 2529/3/5
f 2534/2/5 2531/2/5 2530/2/5
f 2534/3/5 2530/3/5 2533/3/5
f 2535/3/5 2532/3/5 2531/3/5
f 2535/2/5 2531/2/5 2534/2/5
f 2536/3/5 2532/3/5 2535/3/5
f 2538/2/5 2534/2/5 2533/2/5
f 2538/2/5 2535/2/5 2534/2/5
f 2538/2/5 2536/2/5 2535/2/5
f 2539/2/5 2536/2/5 2538/2/5
f 2543/2/5 2539/2/5 2538/2/5
f 2543/2/5 2538/2/5 2537/2/5
f 2543/2/5 2540/2/5 2539/2/5
f 2544/2/5 2540/2/5 2543/2/5
f 2550/3/5 2542/3/5 2541/3/5
f 2551/2/5 2543/2/5 2542/2/5
f 2551/3/5 2542/3/5 2550/3/5
f 2551/2/5 2544/2/5 2543/2/5
f 2551/2/5 2545/2/5 2544/2/5
f 2552/3/5 2546/3/5 2545/3/5
f 2552/2/5 2545/2/5 2551/2/5
f 2553/3/5 2546/3/5 2552/3/5
f 2557/2/5 2549/2/5 2548/2/5
f 2557/2/5 2548/2/5 2547/2/5
f 2558/2/5 2549/2/5 2557/2/5
f 2559/2/5 2556/2/5 2555/2/5
f 2559/2/5 2555/2/5 2554/2/5
f 2560/2/5 2556/2/5 2559/2/5
f 2561/2/5 2558/2/5 2557/2/5
f 2562/2/5 2558/2/5 2561/2/5
f 2563/2/5 2558/2/5 2562/2/5
f 2565/2/5 2552/2/5 2551/2/5
f 2566/2/5 2552/2/5 2565/2/5
f 2568/2/5 2560/2/5 2559/2/5
f 2569/2/5 2560/2/5 2568/2/5
f 2570/2/5 2560/2/5 2569/2/5
f 2571/3/5 2565/3/5 2564/3/5
f 2572/2/5 2566/2/5 2565/2/5
f 2572/3/5 2565/3/5 2571/3/5
f 2573/2/5 2566/2/5 2572/2/5
f 2574/2/5 2566/2/5 2573/2/5
f 2575/3/5 2567/3/5 2566/3/5
f 2575/2/5 2566/2/5 2574/2/5
f 2576/3/5 2567/3/5 2575/3/5
f 2577/2/5 2574/2/5 2573/2/5
f 2578/2/5 2574/2/5 2577/2/5
f 2579/2/5 2574/2/5 2578/2/5
f 2580/2/5 2574/2/5 2579/2/5
f 2581/2/5 2579/2/5 2578/2/5
f 2582/2/5 2579/2/5 2581/2/5
f 2583/2/5 2579/2/5 2582/2/5
f 2584/2/5 2579/2/5 2583/2/5
f 2585/3/5 2582/3/5 2581/3/5
f 2586/2/5 2583/2/5 2582/2/5
f 2586/3/5 2582/3/5 2585/3/5
f 2587/3/5 2584/3/5 2583/3/5
f 2587/2/5 2583/2/5 2586/2/5
f 2588/3/5 2584/3/5 2587/3/5
f 2595/2/5 2590/2/5 2589/2/5
f 2596/2/5 2590/2/5 2595/2/5
f 2597/2/5 2592/2/5 2591/2/5
f 2598/2/5 2592/2/5 2597/2/5
f 2601/2/5 2594/2/5 2593/2/5
f 2602/2/5 2594/2/5 2601/2/5
f 2607/2/5 2600/2/5 2599/2/5
f 2608/2/5 2600/2/5 2607/2/5
f 2611/2/5 2604/2/5 2603/2/5
f 2612/2/5 2604/2/5 2611/2/5
f 2613/2/5 2606/2/5 2605/2/5
f 2614/2/5 2606/2/5 2613/2/5
f 2617/2/5 2610/2/5 2609/2/5
f 2618/2/5 2610/2/5 2617/2/5
f 2619/2/5 2616/2/5 2615/2/5
f 2620/2/5 2616/2/5 2619/2/5
f 2626/2/5 2622/2/5 2621/2/5
f 2627/2/5 2622/2/5 2626/2/5
f 2628/2/5 2624/2/5 2623/2/5
f 2629/2/5 2624/2/5 2628/2/5
f 2632/2/5 2626/2/5 2625/2/5
f 2633/2/5 2626/2/5 2632/2/5
f 2634/2/5 2630/2/5 2629/2/5
f 2635/2/5 2630/2/5 2634/2/5
f 2637/2/5 2632/2/5 2631/2/5
f 2638/2/5 2632/2/5 2637/2/5
f 2639/2/5 2636/2/5 2635/2/5
f 2640/2/5 2636/2/5 2639/2/5
f 2645/2/5 2642/2/5 2641/2/5
f 2646/2/5 2642/2/5 2645/2/5
f 2649/2/5 2644/2/5 2643/2/5
f 2650/2/5 2644/2/5 2649/2/5
f 2651/2/5 2647/2/5 2646/2/5
f 2652/2/5 2647/2/5 2651/2/5
f 2655/2/5 2649/2/5 2648/2/5
f 2656/2/5 2649/2/5 2655/2/5
f 2657/2/5 2653/2/5 2652/2/5
f 2658/2/5 2653/2/5 2657/2/5
f 2659/2/5 2655/2/5 2654/2/5
f 2660/2/5 2655/2/5 2659/2/5
f 2665/2/5 2662/2/5 2661/2/5
f 2666/2/5 2662/2/5 2665/2/5
f 2667/2/5 2664/2/5 2663/2/5
f 2668/2/5 2664/2/5 2667/2/5
f 2674/2/5 2670/2/5 2669/2/5
f 2675/2/5 2670/2/5 2674/2/5
f 2676/2/5 2672/2/5 2671/2/5
f 2677/2/5 2672/2/5 2676/2/5
f 2679/2/5 2674/2/5 2673/2/5
f 2680/2/5 2674/2/5 2679/2/5
f 2681/2/5 2678/2/5 2677/2/5
f 2682/2/5 2678/2/5 2681/2/5
f 2687/2/5 2684/2/5 2683/2/5
f 2688/2/5 2684/2/5 2687/2/5
f 2691/2/5 2686/2/5 2685/2/5
f 2692/2/5 2686/2/5 2691/2/5
f 2693/2/5 2689/2/5 2688/2/5
f 2694/2/5 2689/2/5 2693/2/5
f 2695/2/5 2691/2/5 2690/2/5
f 2696/2/5 2691/2/5 2695/2/5
f 2702/2/5 2698/2/5 2697/2/5
f 2703/2/5 2698/2/5 2702/2/5
f 2704/2/5 2700/2/5 2699/2/5
f 2705/2/5 2700/2/5 2704/2/5
f 2708/2/5 2702/2/5 2701/2/5
f 2709/2/5 2702/2/5 2708/2/5
f 2710/2/5 2706/2/5 2705/2/5
f 2711/2/5 2706/2/5 2710/2/5
f 2717/4/5 2714/4/5 2713/4/5
f 2718/2/5 2708/2/5 2707/2/5
f 2719/2/5 2712/2/5 2711/2/5
f 2720/4/5 2716/4/5 2715/4/5
f 2721/4/5 2717/4/5 2713/4/5
f 2722/2/5 2708/2/5 2718/2/5
f 2723/2/5 2719/2/5 2711/2/5
f 2724/4/5 2716/4/5 2720/4/5
f 2725/4/5 2721/4/5 2713/4/5
f 2726/4/5 2721/4/5 2725/4/5
f 2727/4/5 2716/4/5 2724/4/5
f 2728/4/5 2716/4/5 2727/4/5
f 2729/2/5 2708/2/5 2722/2/5
f 2730/2/5 2708/2/5 2729/2/5
f 2733/2/5 2723/2/5 2711/2/5
f 2734/2/5 2723/2/5 2733/2/5
f 2735/2/5 2731/2/5 2730/2/5
f 2736/2/5 2731/2/5 2735/2/5
f 2739/2/5 2733/2/5 2732/2/5
f 2740/2/5 2733/2/5 2739/2/5
f 2741/2/5 2737/2/5 2736/2/5
f 2742/2/5 2737/2/5 2741/2/5
f 2743/2/5 2739/2/5 2738/2/5
f 2744/2/5 2739/2/5 2743/2/5
f 2750/4/5 2746/4/5 2745/4/5
f 2751/4/5 2746/4/5 2750/4/5
f 2752/4/5 2748/4/5 2747/4/5
f 2753/4/5 2748/4/5 2752/4/5
f 2756/4/5 2750/4/5 2749/4/5
f 2757/4/5 2750/4/5 2756/4/5
f 2758/4/5 2754/4/5 2753/4/5
f 2759/4/5 2754/4/5 2758/4/5
f 2761/4/5 2756/4/5 2755/4/5
f 2762/4/5 2756/4/5 2761/4/5
f 2765/4/5 2760/4/5 2759/4/5
f 2766/4/5 2760/4/5 2765/4/5
f 2767/4/5 2763/4/5 2762/4/5
f 2768/4/5 2763/4/5 2767/4/5
f 2771/4/5 2765/4/5 2764/4/5
f 2772/4/5 2765/4/5 2771/4/5
f 2773/4/5 2769/4/5 2768/4/5
f 2774/4/5 2769/4/5 2773/4/5
f 2775/4/5 2771/4/5 2770/4/5
f 2776/4/5 2771/4/5 2775/4/5
f 2786/4/5 2778/4/5 2777/4/5
f 2787/4/5 2778/4/5 2786/4/5
f 2788/4/5 2780/4/5 2779/4/5
f 2789/4/5 2780/4/5 2788/4/5
f 2790/4/5 2782/4/5 2781/4/5
f 2791/4/5 2782/4/5 2790/4/5
f 2792/4/5 2784/4/5 2783/4/5
f 2793/4/5 2784/4/5 2792/4/5
f 2795/4/5 2786/4/5 2785/4/5
f 2796/4/5 2786/4/5 2795/4/5
f 2797/4/5 2794/4/5 2793/4/5
f 2798/4/5 2794/4/5 2797/4/5
f 2799/4/5 2788/4/5 2787/4/5
f 2800/4/5 2788/4/5 2799/4/5
f 2801/4/5 2792/4/5 2791/4/5
f 2802/4/5 2792/4/5 2801/4/5
f 2811/4/5 2808/4/5 2807/4/5
f 2812/4/5 2808/4/5 2811/4/5
f 2813/4/5 2804/4/5 2803/4/5
f 2814/4/5 2804/4/5 2813/4/5
f 2817/4/5 2806/4/5 2805/4/5
f 2818/4/5 2806/4/5 2817/4/5
f 2819/4/5 2810/4/5 2809/4/5
f 2820/4/5 2810/4/5 2819/4/5
f 2821/4/5 2813/4/5 2812/4/5
f 2822/4/5 2813/4/5 2821/4/5
f 2823/4/5 2815/4/5 2814/4/5
f 2824/4/5 2815/4/5 2823/4/5
f 2825/4/5 2817/4/5 2816/4/5
f 2826/4/5 2817/4/5 2825/4/5
f 2827/4/5 2819/4/5 2818/4/5
f 2828/4/5 2819/4/5 2827/4/5
f 2833/4/5 2830/4/5 2829/4/5
f 2834/4/5 2830/4/5 2833/4/5
f 2835/4/5 2832/4/5 2831/4/5
f 2836/4/5 2832/4/5 2835/4/5
f 2841/4/5 2838/4/5 2837/4/5
f 2842/4/5 2838/4/5 2841/4/5
f 2843/4/5 2840/4/5 2839/4/5
f 2844/4/5 2840/4/5 2843/4/5
f 2847/4/5 2846/4/5 2845/4/5
f 2848/4/5 2846/4/5 2847/4/5
f 2853/2/5 2850/2/5 2849/2/5
f 2854/2/5 2850/2/5 2853/2/5
f 2855/2/5 2852/2/5 2851/2/5
f 2856/2/5 2852/2/5 2855/2/5
f 2857/4/6 2858/4/6 2861/4/6
f 2861/4/6 2858/4/6 2862/4/6
f 2859/4/6 2860/4/6 2863/4/6
f 2863/4/6 2860/4/6 2864/4/6
f 2865/4/6 2866/4/6 2869/4/6
f 2869/4/6 2866/4/6 2870/4/6
f 2867/4/6 2868/4/6 2871/4/6
f 2871/4/6 2868/4/6 2872/4/6
f 2873/4/6 2874/4/6 2877/4/6
f 2877/4/6 2874/4/6 2878/4/6
f 2875/4/6 2876/4/6 2879/4/6
f 2879/4/6 2876/4/6 2880/4/6
f 2881/4/6 2882/4/6 2885/4/6
f 2885/4/6 2882/4/6 2886/4/6
f 2883/4/6 2884/4/6 2887/4/6
f 2887/4/6 2884/4/6 2888/4/6
f 2889/4/6 2890/4/6 2893/4/6
f 2893/4/6 2890/4/6 2894/4/6
f 2891/4/6 2892/4/6 2895/4/6
f 2895/4/6 2892/4/6 2896/4/6
f 2897/2/6 2898/2/6 2901/2/6
f 2901/2/6 2898/2/6 2902/2/6
f 2899/2/6 2900/2/6 2903/2/6
f 2903/2/6 2900/2/6 2904/2/6
f 2905/2/6 2906/2/6 2909/2/6
f 2909/2/6 2906/2/6 2910/2/6
f 2907/2/6 2908/2/6 2911/2/6
f 2911/2/6 2908/2/6 2912/2/6
f 2913/2/6 2914/2/6 2917/2/6
f 2917/2/6 2914/2/6 2918/2/6
f 2915/2/6 2916/2/6 2921/2/6
f 2921/2/6 2916/2/6 2922/2/6
f 2918/5/6 2919/5/6 2924/5/6
f 2924/5/6 2919/5/6 2925/5/6
f 2920/5/6 2921/5/6 2926/5/6
f 2926/5/6 2921/5/6 2927/5/6
f 2923/2/6 2924/2/6 2929/2/6
f 2929/2/6 2924/2/6 2930/2/6
f 2927/2/6 2928/2/6 2931/2/6
f 2931/2/6 2928/2/6 2932/2/6
f 2933/4/6 2934/4/6 2936/4/6
f 2936/4/6 2934/4/6 2937/4/6
f 2935/4/6 2936/4/6 2939/4/6
f 2939/4/6 2936/4/6 2940/4/6
f 2937/4/6 2938/4/6 2941/4/6
f 2941/4/6 2938/4/6 2942/4/6
f 2943/2/6 2944/2/6 2948/2/6
f 2948/2/6 2944/2/6 2949/2/6
f 2945/2/6 2946/2/6 2950/2/6
f 2950/2/6 2946/2/6 2951/2/6
f 2947/2/6 2948/2/6 2953/2/6
f 2953/2/6 2948/2/6 2954/2/6
f 2951/2/6 2952/2/6 2957/2/6
f 2957/2/6 2952/2/6 2958/2/6
f 2954/2/6 2955/2/6 2959/2/6
f 2959/2/6 2955/2/6 2960/2/6
f 2956/2/6 2957/2/6 2961/2/6
f 2961/2/6 2957/2/6 2962/2/6
f 2963/4/6 2964/4/6 2967/4/6
f 2967/4/6 2964/4/6 2968/4/6
f 2965/4/6 2966/4/6 2969/4/6
f 2969/4/6 2966/4/6 2970/4/6
f 2968/4/6 2969/4/6 2971/4/6
f 2971/4/6 2969/4/6 2972/4/6
f 2973/4/6 2974/4/6 2976/4/6
f 2976/4/6 2974/4/6 2977/4/6
f 2975/4/6 2976/4/6 2979/4/6
f 2979/4/6 2976/4/6 2980/4/6
f 2977/4/6 2978/4/6 2981/4/6
f 2981/4/6 2978/4/6 2982/4/6
f 2983/4/6 2984/4/6 2987/4/6
f 2987/4/6 2984/4/6 2988/4/6
f 2985/4/6 2986/4/6 2989/4/6
f 2989/4/6 2986/4/6 2990/4/6
f 2988/4/6 2989/4/6 2991/4/6
f 2991/4/6 2989/4/6 2992/4/6
f 2993/4/6 2994/4/6 2996/4/6
f 2996/4/6 2994/4/6 2997/4/6
f 2995/4/6 2996/4/6 2999/4/6
f 2999/4/6 2996/4/6 3000/4/6
f 2997/4/6 2998/4/6 3001/4/6
f 3001/4/6 2998/4/6 3002/4/6
f 3003/4/6 3004/4/6 3007/4/6
f 3007/4/6 3004/4/6 3008/4/6
f 3005/4/6 3006/4/6 3009/4/6
f 3009/4/6 3006/4/6 3010/4/6
f 3008/4/6 3009/4/6 3011/4/6
f 3011/4/6 3009/4/6 3012/4/6
f 3013/4/6 3014/4/6 3016/4/6
f 3016/4/6 3014/4/6 3017/4/6
f 3015/4/6 3016/4/6 3019/4/6
f 3017/4/6 3018/4/6 3020/4/6
f 3019/4/6 3016/4/6 3021/4/6
f 3017/4/6 3020/4/6 3022/4/6
f 3021/4/6 3016/4/6 3023/4/6
f 3023/4/6 3016/4/6 3024/4/6
f 3017/4/6 3022/4/6 3025/4/6
f 3025/4/6 3022/4/6 3026/4/6
f 3024/4/6 3025/4/6 3027/4/6
f 3027/4/6 3025/4/6 3028/4/6
f 3029/4/6 3030/4/6 3031/4/6
f 3031/4/6 3030/4/6 3032/4/6
f 3033/5/6 3034/5/6 3037/5/6
f 3037/5/6 3034/5/6 3038/5/6
f 3035/5/6 3036/5/6 3039/5/6
f 3039/5/6 3036/5/6 3040/5/6
f 3041/3/6 3042/3/6 3045/3/6
f 3045/3/6 3042/3/6 3046/3/6
f 3043/3/6 3044/3/6 3047/3/6
f 3047/3/6 3044/3/6 3048/3/6
f 3049/3/6 3050/3/6 3053/3/6
f 3053/3/6 3050/3/6 3054/3/6
f 3051/3/6 3052/3/6 3055/3/6
f 3055/3/6 3052/3/6 3056/3/6
f 3057/3/6 3058/3/6 3059/3/6
f 3059/3/6 3058/3/6 3060/3/6
f 3061/2/6 3062/2/6 3067/2/6
f 3067/2/6 3062/2/6 3068/2/6
f 3063/2/6 3064/2/6 3071/2/6
f 3071/2/6 3064/2/6 3072/2/6
f 3065/2/6 3066/2/6 3075/2/6
f 3075/2/6 3066/2/6 3076/2/6
f 3068/2/6 3069/2/6 3077/2/6
f 3077/2/6 3069/2/6 3078/2/6
f 3070/2/6 3071/2/6 3079/2/6
f 3079/2/6 3071/2/6 3080/2/6
f 3073/2/6 3074/2/6 3081/2/6
f 3081/2/6 3074/2/6 3082/2/6
f 3083/2/6 3084/2/6 3087/2/6
f 3087/2/6 3084/2/6 3088/2/6
f 3085/2/6 3086/2/6 3089/2/6
f 3089/2/6 3086/2/6 3090/2/6
f 3091/3/6 3092/3/6 3093/3/6
f 3093/3/6 3092/3/6 3094/3/6
f 3095/2/6 3096/2/6 3099/2/6
f 3099/2/6 3096/2/6 3100/2/6
f 3097/2/6 3098/2/6 3101/2/6
f 3101/2/6 3098/2/6 3102/2/6
f 3103/2/6 3104/2/6 3111/2/6
f 3111/2/6 3104/2/6 3112/2/6
f 3105/2/6 3106/2/6 3114/2/6
f 3114/2/6 3106/2/6 3115/2/6
f 3107/2/6 3108/2/6 3116/2/6
f 3116/2/6 3108/2/6 3117/2/6
f 3109/2/6 3110/2/6 3119/2/6
f 3119/2/6 3110/2/6 3120/2/6
f 3113/2/6 3114/2/6 3121/2/6
f 3121/2/6 3114/2/6 3122/2/6
f 3117/2/6 3118/2/6 3123/2/6
f 3123/2/6 3118/2/6 3124/2/6
f 3125/4/6 3126/4/6 3127/4/6
f 3127/4/6 3126/4/6 3128/4/6
f 3129/4/6 3130/4/6 3133/4/6
f 3133/4/6 3130/4/6 3134/4/6
f 3131/4/6 3132/4/6 3135/4/6
f 3135/4/6 3132/4/6 3136/4/6
f 3137/2/6 3138/2/6 3141/2/6
f 3141/2/6 3138/2/6 3142/2/6
f 3139/2/6 3140/2/6 3143/2/6
f 3143/2/6 3140/2/6 3144/2/6
f 3145/4/6 3146/4/6 3151/4/6
f 3151/4/6 3146/4/6 3152/4/6
f 3147/4/6 3148/4/6 3153/4/6
f 3153/4/6 3148/4/6 3154/4/6
f 3149/4/6 3150/4/6 3158/4/6
f 3158/4/6 3150/4/6 3159/4/6
f 3155/4/6 3156/4/6 3164/4/6
f 3164/4/6 3156/4/6 3165/4/6
f 3157/4/6 3158/4/6 3167/4/6
f 3167/4/6 3158/4/6 3168/4/6
f 3165/4/6 3166/4/6 3169/4/6
f 3169/4/6 3166/4/6 3170/4/6
f 3171/4/6 3172/4/6 3175/4/6
f 3175/4/6 3172/4/6 3176/4/6
f 3160/2/6 3161/2/6 3178/2/6
f 3178/2/6 3161/2/6 3179/2/6
f 3162/2/6 3163/2/6 3180/2/6
f 3180/2/6 3163/2/6 3181/2/6
f 3173/4/6 3174/4/6 3183/4/6
f 3183/4/6 3174/4/6 3184/4/6
f 3176/4/6 3177/4/6 3185/4/6
f 3185/4/6 3177/4/6 3186/4/6
f 3182/4/6 3183/4/6 3187/4/6
f 3187/4/6 3183/4/6 3188/4/6
f 3189/2/6 3190/2/6 3194/2/6
f 3194/2/6 3190/2/6 3195/2/6
f 3191/2/6 3192/2/6 3196/2/6
f 3196/2/6 3192/2/6 3197/2/6
f 3193/4/6 3194/4/6 3200/4/6
f 3200/4/6 3194/4/6 3201/4/6
f 3197/4/6 3198/4/6 3204/4/6
f 3204/4/6 3198/4/6 3205/4/6
f 3199/4/6 3200/4/6 3208/4/6
f 3208/4/6 3200/4/6 3209/4/6
f 3205/4/6 3206/4/6 3210/4/6
f 3210/4/6 3206/4/6 3211/4/6
f 3207/4/6 3208/4/6 3213/4/6
f 3213/4/6 3208/4/6 3214/4/6
f 3211/4/6 3212/4/6 3217/4/6
f 3217/4/6 3212/4/6 3218/4/6
f 3214/4/6 3215/4/6 3219/4/6
f 3219/4/6 3215/4/6 3220/4/6
f 3201/2/6 3202/2/6 3221/2/6
f 3221/2/6 3202/2/6 3222/2/6
f 3203/2/6 3204/2/6 3223/2/6
f 3223/2/6 3204/2/6 3224/2/6
f 3216/4/6 3217/4/6 3225/4/6
f 3225/4/6 3217/4/6 3226/4/6
f 3220/4/6 3221/4/6 3227/4/6
f 3227/4/6 3221/4/6 3228/4/6
f 3224/4/6 3225/4/6 3231/4/6
f 3231/4/6 3225/4/6 3232/4/6
f 3228/2/6 3229/2/6 3233/2/6
f 3233/2/6 3229/2/6 3234/2/6
f 3230/2/6 3231/2/6 3235/2/6
f 3235/2/6 3231/2/6 3236/2/6
f 3237/2/6 3238/2/6 3242/2/6
f 3242/2/6 3238/2/6 3243/2/6
f 3239/2/6 3240/2/6 3244/2/6
f 3244/2/6 3240/2/6 3245/2/6
f 3241/2/6 3242/2/6 3248/2/6
f 3248/2/6 3242/2/6 3249/2/6
f 3245/2/6 3246/2/6 3250/2/6
f 3250/2/6 3246/2/6 3251/2/6
f 3247/4/6 3248/4/6 3254/4/6
f 3254/4/6 3248/4/6 3255/4/6
f 3251/4/6 3252/4/6 3256/4/6
f 3256/4/6 3252/4/6 3257/4/6
f 3253/4/6 3254/4/6 3259/4/6
f 3259/4/6 3254/4/6 3260/4/6
f 3257/4/6 3258/4/6 3263/4/6
f 3263/4/6 3258/4/6 3264/4/6
f 3260/4/6 3261/4/6 3265/4/6
f 3265/4/6 3261/4/6 3266/4/6
f 3262/4/6 3263/4/6 3269/4/6
f 3269/4/6 3263/4/6 3270/4/6
f 3266/2/6 3267/2/6 3271/2/6
f 3271/2/6 3267/2/6 3272/2/6
f 3268/2/6 3269/2/6 3275/2/6
f 3275/2/6 3269/2/6 3276/2/6
f 3272/2/6 3273/2/6 3277/2/6
f 3277/2/6 3273/2/6 3278/2/6
f 3274/2/6 3275/2/6 3279/2/6
f 3279/2/6 3275/2/6 3280/2/6
f 3281/2/6 3282/2/6 3286/2/6
f 3286/2/6 3282/2/6 3287/2/6
f 3283/2/6 3284/2/6 3288/2/6
f 3288/2/6 3284/2/6 3289/2/6
f 3285/2/6 3286/2/6 3292/2/6
f 3292/2/6 3286/2/6 3293/2/6
f 3289/2/6 3290/2/6 3294/2/6
f 3294/2/6 3290/2/6 3295/2/6
f 3291/2/6 3292/2/6 3298/2/6
f 3295/2/6 3296/2/6 3299/2/6
f 3297/4/6 3298/4/6 3301/4/6
f 3298/2/6 3292/2/6 3302/2/6
f 3301/4/6 3298/4/6 3302/4/6
f 3299/4/6 3300/4/6 3303/4/6
f 3295/2/6 3299/2/6 3303/2/6
f 3303/4/6 3300/4/6 3304/4/6
f 3302/2/6 3292/2/6 3305/2/6
f 3305/2/6 3292/2/6 3306/2/6
f 3295/2/6 3303/2/6 3309/2/6
f 3309/2/6 3303/2/6 3310/2/6
f 3306/2/6 3307/2/6 3311/2/6
f 3311/2/6 3307/2/6 3312/2/6
f 3308/2/6 3309/2/6 3313/2/6
f 3313/2/6 3309/2/6 3314/2/6
f 3312/2/6 3313/2/6 3315/2/6
f 3315/2/6 3313/2/6 3316/2/6
f 3317/2/6 3318/2/6 3320/2/6
f 3320/2/6 3318/2/6 3321/2/6
f 3319/2/6 3320/2/6 3324/2/6
f 3321/2/6 3322/2/6 3324/2/6
f 3320/2/6 3321/2/6 3324/2/6
f 3324/2/6 3322/2/6 3325/2/6
f 3323/2/6 3324/2/6 3327/2/6
f 3325/2/6 3326/2/6 3327/2/6
f 3324/2/6 3325/2/6 3327/2/6
f 3327/2/6 3326/2/6 3328/2/6
f 3328/2/6 3326/2/6 3329/2/6
f 3329/2/6 3326/2/6 3330/2/6
f 3328/2/6 3329/2/6 3331/2/6
f 3331/2/6 3329/2/6 3332/2/6
